timestamp,url,page_type,attempt,method,acquisition_mode,http_status,content_type,elapsed_seconds,semantic_validation,challenge_detected,content_length,raw_html_sha256,rendered_dom_sha256,result
2026-07-31T00:48:46Z,https://catalogue.usc.edu/content.php?catoid=22&navoid=9396,programs_index,1,httpx,challenge_page,202,text/html; charset=UTF-8,0.389,"{""kind"": ""programs_index"", ""challenge_detected"": true, ""challenge_evidence"": [""script marker 'awswaf'"", ""script marker 'token.awswaf'""]}",1,2011,d31dd01909c725e723028734fb066616cbda3c29245fd561a12cceccf3ad8940,,challenge_page
2026-07-31T00:48:57Z,https://catalogue.usc.edu/content.php?catoid=22&navoid=9396,programs_index,3,playwright,browser_rendered_dom,200,text/html; charset=UTF-8,9.808,"{""kind"": ""programs_index"", ""challenge_detected"": false, ""visible_text_chars"": 54364, ""catalogue_title_found"": true, ""catalogue_year_seen"": ""2026-2027"", ""program_link_count"": 1150, ""programs_context"": true, ""target_heading_text_present"": true, ""ok_reason"": ""programs context + >=5 program links""}",0,316880,6a0de501100b64034bb8422de7b2b4ab906fb6168af6b1ebeef06784265fe539,5b25f30695a1c6bef955e27873a90b682445940b7ea19d0c51aa9be31555c925,ok
2026-07-31T00:48:59Z,https://catalogue.usc.edu/preview_program.php?catoid=22&poid=31653&returnto=9396,program_31653,1,httpx,direct_html,200,text/html; charset=UTF-8,0.598,"{""kind"": ""program_page"", ""challenge_detected"": false, ""visible_text_chars"": 11329, ""catalogue_title_found"": true, ""catalogue_year_seen"": ""2026-2027"", ""program_link_count"": 2, ""course_code_count"": 34, ""requirement_signal_count"": 5, ""program_title_present"": true, ""ok_reason"": ""title + requirement content""}",0,58220,5b319fbd7fd682f21dee884d0ff72c089259064769eb0bddb9dc1aa850251df5,,ok
2026-07-31T00:49:01Z,https://catalogue.usc.edu/preview_program.php?catoid=22&poid=32801&returnto=9396,program_32801,1,httpx,direct_html,200,text/html; charset=UTF-8,0.583,"{""kind"": ""program_page"", ""challenge_detected"": false, ""visible_text_chars"": 6659, ""catalogue_title_found"": true, ""catalogue_year_seen"": ""2026-2027"", ""program_link_count"": 2, ""course_code_count"": 30, ""requirement_signal_count"": 5, ""program_title_present"": true, ""ok_reason"": ""title + requirement content""}",0,55995,e8fcbde9d03e2eef729f6961872118c6762e5e5f14268343735a604f482d8d3c,,ok
2026-07-31T00:49:03Z,https://catalogue.usc.edu/preview_program.php?catoid=22&poid=32769&returnto=9396,program_32769,1,httpx,direct_html,200,text/html; charset=UTF-8,0.646,"{""kind"": ""program_page"", ""challenge_detected"": false, ""visible_text_chars"": 7546, ""catalogue_title_found"": true, ""catalogue_year_seen"": ""2026-2027"", ""program_link_count"": 1, ""course_code_count"": 30, ""requirement_signal_count"": 5, ""program_title_present"": true, ""ok_reason"": ""title + requirement content""}",0,55185,c785b2062b68eb414e7675b5f4d0ba9d6ca5493ba240a9957494cc574b38f9e6,,ok
2026-07-31T00:49:06Z,https://catalogue.usc.edu/preview_program.php?catoid=22&poid=32035&returnto=9396,program_32035,1,httpx,direct_html,200,text/html; charset=UTF-8,0.292,"{""kind"": ""program_page"", ""challenge_detected"": false, ""visible_text_chars"": 5557, ""catalogue_title_found"": true, ""catalogue_year_seen"": ""2026-2027"", ""program_link_count"": 2, ""course_code_count"": 28, ""requirement_signal_count"": 5, ""program_title_present"": true, ""ok_reason"": ""title + requirement content""}",0,52711,5420180594730aa0726b45193c07b8da06caa67730b1a63c45af7df542a5a8f8,,ok
2026-07-31T00:49:09Z,https://catalogue.usc.edu/preview_program.php?catoid=22&poid=32471&returnto=9396,program_32471,1,httpx,direct_html,200,text/html; charset=UTF-8,1.386,"{""kind"": ""program_page"", ""challenge_detected"": false, ""visible_text_chars"": 8674, ""catalogue_title_found"": true, ""catalogue_year_seen"": ""2026-2027"", ""program_link_count"": 1, ""course_code_count"": 51, ""requirement_signal_count"": 5, ""program_title_present"": true, ""ok_reason"": ""title + requirement content""}",0,67077,f7b1e36ebbf85babfc609ae021bd08e525452806e93582a20b15c7984c5fb50a,,ok
2026-07-31T00:49:12Z,https://catalogue.usc.edu/preview_program.php?catoid=22&poid=31692&returnto=9396,program_31692,1,httpx,direct_html,200,text/html; charset=UTF-8,2.442,"{""kind"": ""program_page"", ""challenge_detected"": false, ""visible_text_chars"": 7924, ""catalogue_title_found"": true, ""catalogue_year_seen"": ""2026-2027"", ""program_link_count"": 1, ""course_code_count"": 22, ""requirement_signal_count"": 5, ""program_title_present"": true, ""ok_reason"": ""title + requirement content""}",0,59959,a526b332a7611021bf6b80942b4168f9f082ddf9f0ab4ab41ecdc49b4c873ed4,,ok
2026-07-31T00:49:12Z,https://catalogue.usc.edu/preview_program.php?catoid=22&poid=31693&returnto=9396,program_31693,1,httpx,direct_html,200,text/html; charset=UTF-8,0.413,"{""kind"": ""program_page"", ""challenge_detected"": false, ""visible_text_chars"": 6494, ""catalogue_title_found"": true, ""catalogue_year_seen"": ""2026-2027"", ""program_link_count"": 1, ""course_code_count"": 12, ""requirement_signal_count"": 5, ""program_title_present"": true, ""ok_reason"": ""title + requirement content""}",0,50005,35c1024122606bbbaf725adf57b53dfdccbcc877526e453437244e7cdbf8db07,,ok
2026-07-31T00:49:14Z,https://catalogue.usc.edu/preview_program.php?catoid=22&poid=31691&returnto=9396,program_31691,1,httpx,direct_html,200,text/html; charset=UTF-8,0.289,"{""kind"": ""program_page"", ""challenge_detected"": false, ""visible_text_chars"": 8391, ""catalogue_title_found"": true, ""catalogue_year_seen"": ""2026-2027"", ""program_link_count"": 1, ""course_code_count"": 35, ""requirement_signal_count"": 5, ""program_title_present"": true, ""ok_reason"": ""title + requirement content""}",0,68876,3408351a55bdc8c5d56d7ee6d056bdb5c74c252d54bef5ee0ca4c1e627175f38,,ok
2026-07-31T00:49:16Z,https://catalogue.usc.edu/preview_program.php?catoid=22&poid=31694&returnto=9396,program_31694,1,httpx,direct_html,200,text/html; charset=UTF-8,0.236,"{""kind"": ""program_page"", ""challenge_detected"": false, ""visible_text_chars"": 7158, ""catalogue_title_found"": true, ""catalogue_year_seen"": ""2026-2027"", ""program_link_count"": 1, ""course_code_count"": 21, ""requirement_signal_count"": 5, ""program_title_present"": true, ""ok_reason"": ""title + requirement content""}",0,54610,59cdce8ac256cd20d480c7f572ade4ac0ed5cc29d18f8a679e0d380e6945d60b,,ok
2026-07-31T00:49:21Z,https://catalogue.usc.edu/preview_program.php?catoid=22&poid=32669&returnto=9396,program_32669,1,httpx,direct_html,200,text/html; charset=UTF-8,2.374,"{""kind"": ""program_page"", ""challenge_detected"": false, ""visible_text_chars"": 10046, ""catalogue_title_found"": true, ""catalogue_year_seen"": ""2026-2027"", ""program_link_count"": 2, ""course_code_count"": 39, ""requirement_signal_count"": 5, ""program_title_present"": true, ""ok_reason"": ""title + requirement content""}",0,67091,5d67040d3ae31d4340b10d40c59c0af0b78a55800b9bf716ec1debd12a315e73,,ok
2026-07-31T00:49:23Z,https://catalogue.usc.edu/preview_program.php?catoid=22&poid=31699&returnto=9396,program_31699,1,httpx,direct_html,200,text/html; charset=UTF-8,1.751,"{""kind"": ""program_page"", ""challenge_detected"": false, ""visible_text_chars"": 7609, ""catalogue_title_found"": true, ""catalogue_year_seen"": ""2026-2027"", ""program_link_count"": 1, ""course_code_count"": 35, ""requirement_signal_count"": 5, ""program_title_present"": true, ""ok_reason"": ""title + requirement content""}",0,57653,96f36bdebbe553daa66b94c4fe5eba870dcd2c300e7a532d3975f7d9afc30449,,ok
2026-07-31T00:49:24Z,https://catalogue.usc.edu/preview_program.php?catoid=22&poid=31700&returnto=9396,program_31700,1,httpx,direct_html,200,text/html; charset=UTF-8,1.112,"{""kind"": ""program_page"", ""challenge_detected"": false, ""visible_text_chars"": 4871, ""catalogue_title_found"": true, ""catalogue_year_seen"": ""2026-2027"", ""program_link_count"": 1, ""course_code_count"": 18, ""requirement_signal_count"": 5, ""program_title_present"": true, ""ok_reason"": ""title + requirement content""}",0,46969,db4ad0236cdf157497de0f1ba522ff91221f62dcc803b210719218a81089bbfe,,ok
2026-07-31T00:49:25Z,https://catalogue.usc.edu/preview_program.php?catoid=22&poid=31854&returnto=9396,program_31854,1,httpx,direct_html,200,text/html; charset=UTF-8,0.331,"{""kind"": ""program_page"", ""challenge_detected"": false, ""visible_text_chars"": 8305, ""catalogue_title_found"": true, ""catalogue_year_seen"": ""2026-2027"", ""program_link_count"": 1, ""course_code_count"": 78, ""requirement_signal_count"": 5, ""program_title_present"": true, ""ok_reason"": ""title + requirement content""}",0,68422,dda31d4224d2a469b33357f08936028843d492bf7603166a53499399d956f2d5,,ok
2026-07-31T00:49:28Z,https://catalogue.usc.edu/preview_program.php?catoid=22&poid=31855&returnto=9396,program_31855,1,httpx,direct_html,200,text/html; charset=UTF-8,0.505,"{""kind"": ""program_page"", ""challenge_detected"": false, ""visible_text_chars"": 8435, ""catalogue_title_found"": true, ""catalogue_year_seen"": ""2026-2027"", ""program_link_count"": 1, ""course_code_count"": 80, ""requirement_signal_count"": 5, ""program_title_present"": true, ""ok_reason"": ""title + requirement content""}",0,69242,1783e4ad6b2bd0cfc5b4b42c1e0cf7ef5ec8ccef27fb68df74cd4ac5cd024300,,ok
2026-07-31T00:49:30Z,https://catalogue.usc.edu/preview_program.php?catoid=22&poid=32908&returnto=9396,program_32908,1,httpx,direct_html,200,text/html; charset=UTF-8,0.302,"{""kind"": ""program_page"", ""challenge_detected"": false, ""visible_text_chars"": 14139, ""catalogue_title_found"": true, ""catalogue_year_seen"": ""2026-2027"", ""program_link_count"": 1, ""course_code_count"": 79, ""requirement_signal_count"": 5, ""program_title_present"": true, ""ok_reason"": ""title + requirement content""}",0,91889,f6879f50c14b2fc35a90a74d19b8f20c0838f46ac2d9a9502bde61751a52bc78,,ok
2026-07-31T00:49:31Z,https://catalogue.usc.edu/preview_program.php?catoid=22&poid=31557&returnto=9396,program_31557,1,httpx,direct_html,200,text/html; charset=UTF-8,0.337,"{""kind"": ""program_page"", ""challenge_detected"": false, ""visible_text_chars"": 12770, ""catalogue_title_found"": true, ""catalogue_year_seen"": ""2026-2027"", ""program_link_count"": 1, ""course_code_count"": 23, ""requirement_signal_count"": 4, ""program_title_present"": true, ""ok_reason"": ""title + requirement content""}",0,71670,85b50ac969f9c4869dbb1dae0107c17a8db88a1f17435d7419f8662d655df549,,ok
2026-07-31T00:49:34Z,https://catalogue.usc.edu/preview_program.php?catoid=22&poid=31587&returnto=9396,program_31587,1,httpx,direct_html,200,text/html; charset=UTF-8,0.236,"{""kind"": ""program_page"", ""challenge_detected"": false, ""visible_text_chars"": 14341, ""catalogue_title_found"": true, ""catalogue_year_seen"": ""2026-2027"", ""program_link_count"": 1, ""course_code_count"": 26, ""requirement_signal_count"": 5, ""program_title_present"": true, ""ok_reason"": ""title + requirement content""}",0,84122,60488e4f52c316bcb9a06b1323240a963e6d6a7fa9a613007d09b4bec799568a,,ok
2026-07-31T00:49:35Z,https://catalogue.usc.edu/preview_program.php?catoid=22&poid=32770&returnto=9396,program_32770,1,httpx,direct_html,200,text/html; charset=UTF-8,0.25,"{""kind"": ""program_page"", ""challenge_detected"": false, ""visible_text_chars"": 6465, ""catalogue_title_found"": true, ""catalogue_year_seen"": ""2026-2027"", ""program_link_count"": 2, ""course_code_count"": 15, ""requirement_signal_count"": 5, ""program_title_present"": true, ""ok_reason"": ""title + requirement content""}",0,51175,7bd482c41f2d1b9d201a846eb3b0edf6c86245fcca95515784f7c24b01206062,,ok
2026-07-31T00:49:38Z,https://catalogue.usc.edu/preview_program.php?catoid=22&poid=31572&returnto=9396,program_31572,1,httpx,direct_html,200,text/html; charset=UTF-8,0.246,"{""kind"": ""program_page"", ""challenge_detected"": false, ""visible_text_chars"": 5025, ""catalogue_title_found"": true, ""catalogue_year_seen"": ""2026-2027"", ""program_link_count"": 2, ""course_code_count"": 6, ""requirement_signal_count"": 5, ""program_title_present"": true, ""ok_reason"": ""title + requirement content""}",0,42332,becefc684295fc527d2757d2a22beeb2b1ebdf70da854b9fa91b295e7ab81be1,,ok
2026-07-31T00:49:40Z,https://catalogue.usc.edu/preview_program.php?catoid=22&poid=31710&returnto=9396,program_31710,1,httpx,direct_html,200,text/html; charset=UTF-8,0.305,"{""kind"": ""program_page"", ""challenge_detected"": false, ""visible_text_chars"": 6760, ""catalogue_title_found"": true, ""catalogue_year_seen"": ""2026-2027"", ""program_link_count"": 1, ""course_code_count"": 21, ""requirement_signal_count"": 5, ""program_title_present"": true, ""ok_reason"": ""title + requirement content""}",0,54980,879a824930fce358e63f607076bf2a27e41219d93a15568f76ac084e67b0626c,,ok
2026-07-31T00:49:43Z,https://catalogue.usc.edu/preview_program.php?catoid=22&poid=32917&returnto=9396,program_32917,1,httpx,direct_html,200,text/html; charset=UTF-8,0.333,"{""kind"": ""program_page"", ""challenge_detected"": false, ""visible_text_chars"": 9186, ""catalogue_title_found"": true, ""catalogue_year_seen"": ""2026-2027"", ""program_link_count"": 3, ""course_code_count"": 50, ""requirement_signal_count"": 5, ""program_title_present"": true, ""ok_reason"": ""title + requirement content""}",0,66148,b3a43077a3463079e67824d2a7a40fc9ca31bc2aa4d21394fbb8ff4561627066,,ok
2026-07-31T00:49:46Z,https://catalogue.usc.edu/preview_program.php?catoid=22&poid=32795&returnto=9396,program_32795,1,httpx,direct_html,200,text/html; charset=UTF-8,0.348,"{""kind"": ""program_page"", ""challenge_detected"": false, ""visible_text_chars"": 7883, ""catalogue_title_found"": true, ""catalogue_year_seen"": ""2026-2027"", ""program_link_count"": 1, ""course_code_count"": 33, ""requirement_signal_count"": 5, ""program_title_present"": true, ""ok_reason"": ""title + requirement content""}",0,55932,d9ef427c04b04657e857d4d7459699260656347ce6fee18e5f671303c73158a7,,ok
2026-07-31T00:49:48Z,https://catalogue.usc.edu/preview_program.php?catoid=22&poid=31586&returnto=9396,program_31586,1,httpx,direct_html,200,text/html; charset=UTF-8,0.406,"{""kind"": ""program_page"", ""challenge_detected"": false, ""visible_text_chars"": 16219, ""catalogue_title_found"": true, ""catalogue_year_seen"": ""2026-2027"", ""program_link_count"": 1, ""course_code_count"": 143, ""requirement_signal_count"": 5, ""program_title_present"": true, ""ok_reason"": ""title + requirement content""}",0,100966,c3be2d829444ba7b2a9b201f25ecfb9877d3b91647607047948c102031e9e950,,ok
2026-07-31T00:49:50Z,https://catalogue.usc.edu/preview_program.php?catoid=22&poid=32045&returnto=9396,program_32045,1,httpx,direct_html,200,text/html; charset=UTF-8,0.209,"{""kind"": ""program_page"", ""challenge_detected"": false, ""visible_text_chars"": 5983, ""catalogue_title_found"": true, ""catalogue_year_seen"": ""2026-2027"", ""program_link_count"": 2, ""course_code_count"": 29, ""requirement_signal_count"": 5, ""program_title_present"": true, ""ok_reason"": ""title + requirement content""}",0,52810,e131a29d73f2f9620e00ec6efd24d1083256fa829e5408c4143b8e7d03fd5e25,,ok
2026-07-31T00:49:52Z,https://catalogue.usc.edu/preview_program.php?catoid=22&poid=31889&returnto=9396,program_31889,1,httpx,direct_html,200,text/html; charset=UTF-8,0.229,"{""kind"": ""program_page"", ""challenge_detected"": false, ""visible_text_chars"": 3730, ""catalogue_title_found"": true, ""catalogue_year_seen"": ""2026-2027"", ""program_link_count"": 1, ""course_code_count"": 18, ""requirement_signal_count"": 4, ""program_title_present"": true, ""ok_reason"": ""title + requirement content""}",0,44402,9203f4244fe12c005ef29a8efebad7bf9c6bb2ea0d96d0a46d667e451b5fe633,,ok
2026-07-31T00:49:56Z,https://catalogue.usc.edu/preview_program.php?catoid=22&poid=31886&returnto=9396,program_31886,1,httpx,direct_html,200,text/html; charset=UTF-8,1.749,"{""kind"": ""program_page"", ""challenge_detected"": false, ""visible_text_chars"": 3882, ""catalogue_title_found"": true, ""catalogue_year_seen"": ""2026-2027"", ""program_link_count"": 1, ""course_code_count"": 19, ""requirement_signal_count"": 4, ""program_title_present"": true, ""ok_reason"": ""title + requirement content""}",0,45432,033868276513ee755cdd0624d4e96799a5e26c774e17e4aaa5a52615c7896ece,,ok
2026-07-31T00:49:57Z,https://catalogue.usc.edu/preview_program.php?catoid=22&poid=32779&returnto=9396,program_32779,1,httpx,direct_html,200,text/html; charset=UTF-8,1.001,"{""kind"": ""program_page"", ""challenge_detected"": false, ""visible_text_chars"": 4729, ""catalogue_title_found"": true, ""catalogue_year_seen"": ""2026-2027"", ""program_link_count"": 1, ""course_code_count"": 22, ""requirement_signal_count"": 3, ""program_title_present"": true, ""ok_reason"": ""title + requirement content""}",0,45328,08cb00862b13b3e167388f4bf545968c5e703fc4fa5acab81f19c6f894d4f226,,ok
2026-07-31T00:49:59Z,https://catalogue.usc.edu/preview_program.php?catoid=22&poid=31721&returnto=9396,program_31721,1,httpx,direct_html,200,text/html; charset=UTF-8,0.8,"{""kind"": ""program_page"", ""challenge_detected"": false, ""visible_text_chars"": 7054, ""catalogue_title_found"": true, ""catalogue_year_seen"": ""2026-2027"", ""program_link_count"": 1, ""course_code_count"": 16, ""requirement_signal_count"": 5, ""program_title_present"": true, ""ok_reason"": ""title + requirement content""}",0,53960,19ff69b284c3b6af4ee4d223fac0d45fc4fd3d87953bfefc1db45c494d0a3a19,,ok
2026-07-31T00:50:00Z,https://catalogue.usc.edu/preview_program.php?catoid=22&poid=31717&returnto=9396,program_31717,1,httpx,direct_html,200,text/html; charset=UTF-8,0.335,"{""kind"": ""program_page"", ""challenge_detected"": false, ""visible_text_chars"": 10552, ""catalogue_title_found"": true, ""catalogue_year_seen"": ""2026-2027"", ""program_link_count"": 1, ""course_code_count"": 70, ""requirement_signal_count"": 5, ""program_title_present"": true, ""ok_reason"": ""title + requirement content""}",0,74784,d1b35329adca5159a8a279f0208f701d68668eec2b3ff8388062c84aa79a8ca9,,ok
2026-07-31T00:50:03Z,https://catalogue.usc.edu/preview_program.php?catoid=22&poid=32750&returnto=9396,program_32750,1,httpx,direct_html,200,text/html; charset=UTF-8,0.393,"{""kind"": ""program_page"", ""challenge_detected"": false, ""visible_text_chars"": 10128, ""catalogue_title_found"": true, ""catalogue_year_seen"": ""2026-2027"", ""program_link_count"": 1, ""course_code_count"": 42, ""requirement_signal_count"": 5, ""program_title_present"": true, ""ok_reason"": ""title + requirement content""}",0,65802,08a57e01ce6ce00d21be1dd593826273d7cc5471104b055bf561f6aa070bce79,,ok
2026-07-31T00:50:05Z,https://catalogue.usc.edu/preview_program.php?catoid=22&poid=31718&returnto=9396,program_31718,1,httpx,direct_html,200,text/html; charset=UTF-8,0.36,"{""kind"": ""program_page"", ""challenge_detected"": false, ""visible_text_chars"": 10315, ""catalogue_title_found"": true, ""catalogue_year_seen"": ""2026-2027"", ""program_link_count"": 1, ""course_code_count"": 68, ""requirement_signal_count"": 5, ""program_title_present"": true, ""ok_reason"": ""title + requirement content""}",0,73875,e8b0f9666b70cfbc4ecf791abeb6cf80a07ad106ab2dae1f0d19086309aaf13e,,ok
2026-07-31T00:50:07Z,https://catalogue.usc.edu/preview_program.php?catoid=22&poid=32784&returnto=9396,program_32784,1,httpx,direct_html,200,text/html; charset=UTF-8,0.562,"{""kind"": ""program_page"", ""challenge_detected"": false, ""visible_text_chars"": 9166, ""catalogue_title_found"": true, ""catalogue_year_seen"": ""2026-2027"", ""program_link_count"": 1, ""course_code_count"": 31, ""requirement_signal_count"": 5, ""program_title_present"": true, ""ok_reason"": ""title + requirement content""}",0,61690,d2c09596838273354239187311d0508a343696b980fb5b4ef3d78cd78b5066bb,,ok
2026-07-31T00:50:10Z,https://catalogue.usc.edu/preview_program.php?catoid=22&poid=32749&returnto=9396,program_32749,1,httpx,direct_html,200,text/html; charset=UTF-8,0.394,"{""kind"": ""program_page"", ""challenge_detected"": false, ""visible_text_chars"": 9701, ""catalogue_title_found"": true, ""catalogue_year_seen"": ""2026-2027"", ""program_link_count"": 1, ""course_code_count"": 33, ""requirement_signal_count"": 5, ""program_title_present"": true, ""ok_reason"": ""title + requirement content""}",0,63792,9f96129b33f147ff15d2774b276b48b020ab88673ff183e4312d39a8a8a457cb,,ok
2026-07-31T00:50:11Z,https://catalogue.usc.edu/preview_program.php?catoid=22&poid=32751&returnto=9396,program_32751,1,httpx,direct_html,200,text/html; charset=UTF-8,0.248,"{""kind"": ""program_page"", ""challenge_detected"": false, ""visible_text_chars"": 9464, ""catalogue_title_found"": true, ""catalogue_year_seen"": ""2026-2027"", ""program_link_count"": 1, ""course_code_count"": 42, ""requirement_signal_count"": 5, ""program_title_present"": true, ""ok_reason"": ""title + requirement content""}",0,65928,54ac2f277f0413d9c280a2a80442b4876f893575f4d7ff8dc7d5fbf1c0a84b7e,,ok
2026-07-31T00:50:16Z,https://catalogue.usc.edu/preview_program.php?catoid=22&poid=32049&returnto=9396,program_32049,1,httpx,direct_html,200,text/html; charset=UTF-8,2.394,"{""kind"": ""program_page"", ""challenge_detected"": false, ""visible_text_chars"": 5965, ""catalogue_title_found"": true, ""catalogue_year_seen"": ""2026-2027"", ""program_link_count"": 2, ""course_code_count"": 21, ""requirement_signal_count"": 5, ""program_title_present"": true, ""ok_reason"": ""title + requirement content""}",0,52484,a32b46507bd7c89bf320f4f87acf0ab6716c3bea59a30a02d8feaafa7fd7ecd2,,ok
2026-07-31T00:50:17Z,https://catalogue.usc.edu/preview_program.php?catoid=22&poid=32051&returnto=9396,program_32051,1,httpx,direct_html,200,text/html; charset=UTF-8,0.556,"{""kind"": ""program_page"", ""challenge_detected"": false, ""visible_text_chars"": 5868, ""catalogue_title_found"": true, ""catalogue_year_seen"": ""2026-2027"", ""program_link_count"": 2, ""course_code_count"": 24, ""requirement_signal_count"": 5, ""program_title_present"": true, ""ok_reason"": ""title + requirement content""}",0,53843,8b0510908f497c514b5c16d5116aa92761174aed4a0be809b64fdc2784ef925e,,ok
2026-07-31T00:50:19Z,https://catalogue.usc.edu/preview_program.php?catoid=22&poid=32052&returnto=9396,program_32052,1,httpx,direct_html,200,text/html; charset=UTF-8,0.28,"{""kind"": ""program_page"", ""challenge_detected"": false, ""visible_text_chars"": 5624, ""catalogue_title_found"": true, ""catalogue_year_seen"": ""2026-2027"", ""program_link_count"": 2, ""course_code_count"": 23, ""requirement_signal_count"": 5, ""program_title_present"": true, ""ok_reason"": ""title + requirement content""}",0,51824,ac4d341cbc99159b749bff2547f6a6c77296777723d08f49f64f5d93671bcc33,,ok
2026-07-31T00:50:22Z,https://catalogue.usc.edu/preview_program.php?catoid=22&poid=32619&returnto=9396,program_32619,1,httpx,direct_html,200,text/html; charset=UTF-8,0.227,"{""kind"": ""program_page"", ""challenge_detected"": false, ""visible_text_chars"": 5520, ""catalogue_title_found"": true, ""catalogue_year_seen"": ""2026-2027"", ""program_link_count"": 2, ""course_code_count"": 20, ""requirement_signal_count"": 5, ""program_title_present"": true, ""ok_reason"": ""title + requirement content""}",0,50887,9829644ae7375bca3c141277b9008032d02c97544a3b4e9a20c70cbfe02b3335,,ok
2026-07-31T00:50:23Z,https://catalogue.usc.edu/preview_program.php?catoid=22&poid=32719&returnto=9396,program_32719,1,httpx,direct_html,200,text/html; charset=UTF-8,0.517,"{""kind"": ""program_page"", ""challenge_detected"": false, ""visible_text_chars"": 9436, ""catalogue_title_found"": true, ""catalogue_year_seen"": ""2026-2027"", ""program_link_count"": 1, ""course_code_count"": 26, ""requirement_signal_count"": 5, ""program_title_present"": true, ""ok_reason"": ""title + requirement content""}",0,58236,f47c78a9b0a896426a0f0f56708ba85bcfe889af1de2cea4f1221a3b69a66f6c,,ok
2026-07-31T00:50:26Z,https://catalogue.usc.edu/preview_program.php?catoid=22&poid=32706&returnto=9396,program_32706,1,httpx,direct_html,200,text/html; charset=UTF-8,0.402,"{""kind"": ""program_page"", ""challenge_detected"": false, ""visible_text_chars"": 9358, ""catalogue_title_found"": true, ""catalogue_year_seen"": ""2026-2027"", ""program_link_count"": 1, ""course_code_count"": 25, ""requirement_signal_count"": 5, ""program_title_present"": true, ""ok_reason"": ""title + requirement content""}",0,57683,d361beb6d5b0c1f3a77b87867b3abf47c3d88f367c6ac3a797375c2a5b1c1fab,,ok
2026-07-31T00:50:29Z,https://catalogue.usc.edu/preview_program.php?catoid=22&poid=31890&returnto=9396,program_31890,1,httpx,direct_html,200,text/html; charset=UTF-8,0.246,"{""kind"": ""program_page"", ""challenge_detected"": false, ""visible_text_chars"": 4449, ""catalogue_title_found"": true, ""catalogue_year_seen"": ""2026-2027"", ""program_link_count"": 1, ""course_code_count"": 9, ""requirement_signal_count"": 4, ""program_title_present"": true, ""ok_reason"": ""title + requirement content""}",0,46318,63313ae3f46ffa89770d739c0be3d19da4ec69bf21645c28b111a10de9038e61,,ok
2026-07-31T00:50:30Z,https://catalogue.usc.edu/preview_program.php?catoid=22&poid=31591&returnto=9396,program_31591,1,httpx,direct_html,200,text/html; charset=UTF-8,0.26,"{""kind"": ""program_page"", ""challenge_detected"": false, ""visible_text_chars"": 8258, ""catalogue_title_found"": true, ""catalogue_year_seen"": ""2026-2027"", ""program_link_count"": 1, ""course_code_count"": 17, ""requirement_signal_count"": 5, ""program_title_present"": true, ""ok_reason"": ""title + requirement content""}",0,54468,e19221b20dcd58b645aa30b9d56b57dbf3ad29509167d7d5c9ccf32b47db2c9b,,ok
2026-07-31T00:50:32Z,https://catalogue.usc.edu/preview_program.php?catoid=22&poid=32693&returnto=9396,program_32693,1,httpx,direct_html,200,text/html; charset=UTF-8,0.444,"{""kind"": ""program_page"", ""challenge_detected"": false, ""visible_text_chars"": 6771, ""catalogue_title_found"": true, ""catalogue_year_seen"": ""2026-2027"", ""program_link_count"": 2, ""course_code_count"": 17, ""requirement_signal_count"": 5, ""program_title_present"": true, ""ok_reason"": ""title + requirement content""}",0,50486,6c882f8e3fb00ba2b8be4975802439e782bbb3b32e248dcb26d6668919418408,,ok
2026-07-31T00:50:34Z,https://catalogue.usc.edu/preview_program.php?catoid=22&poid=31592&returnto=9396,program_31592,1,httpx,direct_html,200,text/html; charset=UTF-8,0.53,"{""kind"": ""program_page"", ""challenge_detected"": false, ""visible_text_chars"": 5997, ""catalogue_title_found"": true, ""catalogue_year_seen"": ""2026-2027"", ""program_link_count"": 2, ""course_code_count"": 28, ""requirement_signal_count"": 5, ""program_title_present"": true, ""ok_reason"": ""title + requirement content""}",0,51957,888fd72f160cbe2b971287b7aa1aea9b6cb296a99f485970888f66ab61225dbc,,ok
2026-07-31T00:50:37Z,https://catalogue.usc.edu/preview_program.php?catoid=22&poid=32692&returnto=9396,program_32692,1,httpx,direct_html,200,text/html; charset=UTF-8,0.579,"{""kind"": ""program_page"", ""challenge_detected"": false, ""visible_text_chars"": 6770, ""catalogue_title_found"": true, ""catalogue_year_seen"": ""2026-2027"", ""program_link_count"": 1, ""course_code_count"": 16, ""requirement_signal_count"": 5, ""program_title_present"": true, ""ok_reason"": ""title + requirement content""}",0,49852,c8bd2814c85c45f3fb3a0c01cb4366e3bdbab08a5e4b85670bcf92e0d53e949c,,ok
2026-07-31T00:50:39Z,https://catalogue.usc.edu/preview_program.php?catoid=22&poid=32697&returnto=9396,program_32697,1,httpx,direct_html,200,text/html; charset=UTF-8,0.62,"{""kind"": ""program_page"", ""challenge_detected"": false, ""visible_text_chars"": 6901, ""catalogue_title_found"": true, ""catalogue_year_seen"": ""2026-2027"", ""program_link_count"": 2, ""course_code_count"": 21, ""requirement_signal_count"": 5, ""program_title_present"": true, ""ok_reason"": ""title + requirement content""}",0,52316,270a87dff76e68771ad8831fc3c7793151bad36ee3b458051ca453cbdec9859e,,ok
2026-07-31T00:50:41Z,https://catalogue.usc.edu/preview_program.php?catoid=22&poid=32694&returnto=9396,program_32694,1,httpx,direct_html,200,text/html; charset=UTF-8,0.366,"{""kind"": ""program_page"", ""challenge_detected"": false, ""visible_text_chars"": 6037, ""catalogue_title_found"": true, ""catalogue_year_seen"": ""2026-2027"", ""program_link_count"": 2, ""course_code_count"": 20, ""requirement_signal_count"": 5, ""program_title_present"": true, ""ok_reason"": ""title + requirement content""}",0,50144,252a08119def1a518e37eabd937255475237a09587b14a18c73d2e5fed7dca8a,,ok
2026-07-31T00:50:44Z,https://catalogue.usc.edu/preview_program.php?catoid=22&poid=31593&returnto=9396,program_31593,1,httpx,direct_html,200,text/html; charset=UTF-8,0.602,"{""kind"": ""program_page"", ""challenge_detected"": false, ""visible_text_chars"": 7351, ""catalogue_title_found"": true, ""catalogue_year_seen"": ""2026-2027"", ""program_link_count"": 2, ""course_code_count"": 49, ""requirement_signal_count"": 5, ""program_title_present"": true, ""ok_reason"": ""title + requirement content""}",0,60526,e3fb8378e8e0a7b938d2228a6d1ef0ddfbfcfd8b865d358fd70a7ac8de03a4db,,ok
2026-07-31T00:50:48Z,https://catalogue.usc.edu/preview_program.php?catoid=22&poid=32696&returnto=9396,program_32696,1,httpx,direct_html,200,text/html; charset=UTF-8,2.441,"{""kind"": ""program_page"", ""challenge_detected"": false, ""visible_text_chars"": 6918, ""catalogue_title_found"": true, ""catalogue_year_seen"": ""2026-2027"", ""program_link_count"": 1, ""course_code_count"": 16, ""requirement_signal_count"": 5, ""program_title_present"": true, ""ok_reason"": ""title + requirement content""}",0,49987,659c3a4998ffa9ecff11f8146f3390ad191c46257e1e7a85b62c3b1c38ae4d21,,ok
2026-07-31T00:50:51Z,https://catalogue.usc.edu/preview_program.php?catoid=22&poid=32691&returnto=9396,program_32691,1,httpx,direct_html,200,text/html; charset=UTF-8,1.951,"{""kind"": ""program_page"", ""challenge_detected"": false, ""visible_text_chars"": 6040, ""catalogue_title_found"": true, ""catalogue_year_seen"": ""2026-2027"", ""program_link_count"": 1, ""course_code_count"": 16, ""requirement_signal_count"": 5, ""program_title_present"": true, ""ok_reason"": ""title + requirement content""}",0,49055,1ae6cbc421c4f2c0bb429a0f0288a956d885febd26e8e5bfa65c211c6d11b6cc,,ok
2026-07-31T00:50:51Z,https://catalogue.usc.edu/preview_program.php?catoid=22&poid=31594&returnto=9396,program_31594,1,httpx,direct_html,200,text/html; charset=UTF-8,0.393,"{""kind"": ""program_page"", ""challenge_detected"": false, ""visible_text_chars"": 7278, ""catalogue_title_found"": true, ""catalogue_year_seen"": ""2026-2027"", ""program_link_count"": 1, ""course_code_count"": 37, ""requirement_signal_count"": 5, ""program_title_present"": true, ""ok_reason"": ""title + requirement content""}",0,55902,a272f169ebdeda29077fc5d4666bb2775ceaf6928d3b5bfbd5f268180b362e7e,,ok
2026-07-31T00:50:53Z,https://catalogue.usc.edu/preview_program.php?catoid=22&poid=32695&returnto=9396,program_32695,1,httpx,direct_html,200,text/html; charset=UTF-8,0.452,"{""kind"": ""program_page"", ""challenge_detected"": false, ""visible_text_chars"": 7856, ""catalogue_title_found"": true, ""catalogue_year_seen"": ""2026-2027"", ""program_link_count"": 2, ""course_code_count"": 31, ""requirement_signal_count"": 5, ""program_title_present"": true, ""ok_reason"": ""title + requirement content""}",0,56030,79395988150cf353c158bdfa4a4f624075229d561ea20451a17658a4becbdc04,,ok
2026-07-31T00:50:55Z,https://catalogue.usc.edu/preview_program.php?catoid=22&poid=31595&returnto=9396,program_31595,1,httpx,direct_html,200,text/html; charset=UTF-8,0.267,"{""kind"": ""program_page"", ""challenge_detected"": false, ""visible_text_chars"": 8841, ""catalogue_title_found"": true, ""catalogue_year_seen"": ""2026-2027"", ""program_link_count"": 1, ""course_code_count"": 15, ""requirement_signal_count"": 5, ""program_title_present"": true, ""ok_reason"": ""title + requirement content""}",0,50349,e4f9bab35a46d60d10a18ccb1df5781e526c002d7482dbf715d003c830a2dbe0,,ok
2026-07-31T00:50:57Z,https://catalogue.usc.edu/preview_program.php?catoid=22&poid=32780&returnto=9396,program_32780,1,httpx,direct_html,200,text/html; charset=UTF-8,0.327,"{""kind"": ""program_page"", ""challenge_detected"": false, ""visible_text_chars"": 7610, ""catalogue_title_found"": true, ""catalogue_year_seen"": ""2026-2027"", ""program_link_count"": 2, ""course_code_count"": 43, ""requirement_signal_count"": 5, ""program_title_present"": true, ""ok_reason"": ""title + requirement content""}",0,61412,7d8f896baa61d8d03545499c3e90e090e3f28313ef620d87e099a6c82714fa2d,,ok
2026-07-31T00:51:04Z,https://catalogue.usc.edu/preview_program.php?catoid=22&poid=32857&returnto=9396,program_32857,1,httpx,direct_html,200,text/html; charset=UTF-8,4.947,"{""kind"": ""program_page"", ""challenge_detected"": false, ""visible_text_chars"": 11817, ""catalogue_title_found"": true, ""catalogue_year_seen"": ""2026-2027"", ""program_link_count"": 1, ""course_code_count"": 97, ""requirement_signal_count"": 4, ""program_title_present"": true, ""ok_reason"": ""title + requirement content""}",0,79675,6c9bb0e93e26ff60bbb540d66ad40e193947f7680212a7514985c32a2b24a398,,ok
2026-07-31T00:51:05Z,https://catalogue.usc.edu/preview_program.php?catoid=22&poid=31924&returnto=9396,program_31924,1,httpx,direct_html,200,text/html; charset=UTF-8,0.918,"{""kind"": ""program_page"", ""challenge_detected"": false, ""visible_text_chars"": 6715, ""catalogue_title_found"": true, ""catalogue_year_seen"": ""2026-2027"", ""program_link_count"": 1, ""course_code_count"": 28, ""requirement_signal_count"": 5, ""program_title_present"": true, ""ok_reason"": ""title + requirement content""}",0,51126,1469075683fb93b81ea2c873aac5521c157aa984e2982b8bf954623f1818b794,,ok
2026-07-31T00:51:07Z,https://catalogue.usc.edu/preview_program.php?catoid=22&poid=32058&returnto=9396,program_32058,1,httpx,direct_html,200,text/html; charset=UTF-8,0.415,"{""kind"": ""program_page"", ""challenge_detected"": false, ""visible_text_chars"": 5934, ""catalogue_title_found"": true, ""catalogue_year_seen"": ""2026-2027"", ""program_link_count"": 2, ""course_code_count"": 19, ""requirement_signal_count"": 5, ""program_title_present"": true, ""ok_reason"": ""title + requirement content""}",0,50217,9092a0947caff5e5c18729af15dc966f7ec5356f57c1eadf8efc19414d89c435,,ok
2026-07-31T00:51:09Z,https://catalogue.usc.edu/preview_program.php?catoid=22&poid=32812&returnto=9396,program_32812,1,httpx,direct_html,200,text/html; charset=UTF-8,0.24,"{""kind"": ""program_page"", ""challenge_detected"": false, ""visible_text_chars"": 6483, ""catalogue_title_found"": true, ""catalogue_year_seen"": ""2026-2027"", ""program_link_count"": 2, ""course_code_count"": 28, ""requirement_signal_count"": 5, ""program_title_present"": true, ""ok_reason"": ""title + requirement content""}",0,53602,2aa729e3374ab7374a78237ef4a866d0860bf4455696114014e4ea19f8e1dba3,,ok
2026-07-31T00:51:12Z,https://catalogue.usc.edu/preview_program.php?catoid=22&poid=32814&returnto=9396,program_32814,1,httpx,direct_html,200,text/html; charset=UTF-8,0.282,"{""kind"": ""program_page"", ""challenge_detected"": false, ""visible_text_chars"": 6255, ""catalogue_title_found"": true, ""catalogue_year_seen"": ""2026-2027"", ""program_link_count"": 2, ""course_code_count"": 26, ""requirement_signal_count"": 5, ""program_title_present"": true, ""ok_reason"": ""title + requirement content""}",0,52397,c913f2411af4a20cf88c6b3c0055b521029f1e470191fec7a0585f4b15d2687a,,ok
2026-07-31T00:51:15Z,https://catalogue.usc.edu/preview_program.php?catoid=22&poid=32813&returnto=9396,program_32813,1,httpx,direct_html,200,text/html; charset=UTF-8,0.356,"{""kind"": ""program_page"", ""challenge_detected"": false, ""visible_text_chars"": 6392, ""catalogue_title_found"": true, ""catalogue_year_seen"": ""2026-2027"", ""program_link_count"": 2, ""course_code_count"": 29, ""requirement_signal_count"": 5, ""program_title_present"": true, ""ok_reason"": ""title + requirement content""}",0,53345,e681fcea4d303f241478af0c9f684c1d8ce137f893b19d2ca5426d2304c281e8,,ok
2026-07-31T00:51:17Z,https://catalogue.usc.edu/preview_program.php?catoid=22&poid=32811&returnto=9396,program_32811,1,httpx,direct_html,200,text/html; charset=UTF-8,0.24,"{""kind"": ""program_page"", ""challenge_detected"": false, ""visible_text_chars"": 5989, ""catalogue_title_found"": true, ""catalogue_year_seen"": ""2026-2027"", ""program_link_count"": 2, ""course_code_count"": 21, ""requirement_signal_count"": 5, ""program_title_present"": true, ""ok_reason"": ""title + requirement content""}",0,50565,45477e29853fe291814842186e8bb34f07a60be4376c59103de58cc0927e1af7,,ok
2026-07-31T00:51:19Z,https://catalogue.usc.edu/preview_program.php?catoid=22&poid=31738&returnto=9396,program_31738,1,httpx,direct_html,200,text/html; charset=UTF-8,0.377,"{""kind"": ""program_page"", ""challenge_detected"": false, ""visible_text_chars"": 4310, ""catalogue_title_found"": true, ""catalogue_year_seen"": ""2026-2027"", ""program_link_count"": 1, ""course_code_count"": 12, ""requirement_signal_count"": 5, ""program_title_present"": true, ""ok_reason"": ""title + requirement content""}",0,45188,422100c006ba57c614fd1fc37c6de6329fc6aa9e3dcc4dc4edf221075ad08281,,ok
2026-07-31T00:51:22Z,https://catalogue.usc.edu/preview_program.php?catoid=22&poid=31734&returnto=9396,program_31734,1,httpx,direct_html,200,text/html; charset=UTF-8,0.258,"{""kind"": ""program_page"", ""challenge_detected"": false, ""visible_text_chars"": 4720, ""catalogue_title_found"": true, ""catalogue_year_seen"": ""2026-2027"", ""program_link_count"": 1, ""course_code_count"": 19, ""requirement_signal_count"": 5, ""program_title_present"": true, ""ok_reason"": ""title + requirement content""}",0,47789,6a7eadb3d77bea9a81c61d6f8a908644817778b5002fdcacd6118737e39f7d38,,ok
2026-07-31T00:51:24Z,https://catalogue.usc.edu/preview_program.php?catoid=22&poid=31737&returnto=9396,program_31737,1,httpx,direct_html,200,text/html; charset=UTF-8,0.284,"{""kind"": ""program_page"", ""challenge_detected"": false, ""visible_text_chars"": 4940, ""catalogue_title_found"": true, ""catalogue_year_seen"": ""2026-2027"", ""program_link_count"": 1, ""course_code_count"": 16, ""requirement_signal_count"": 5, ""program_title_present"": true, ""ok_reason"": ""title + requirement content""}",0,48821,f70240cc4ca27d46bdf30bc0bb21ab751163f608e68152818df8f6047c27b3b8,,ok
2026-07-31T00:51:27Z,https://catalogue.usc.edu/preview_program.php?catoid=22&poid=31736&returnto=9396,program_31736,1,httpx,direct_html,200,text/html; charset=UTF-8,0.384,"{""kind"": ""program_page"", ""challenge_detected"": false, ""visible_text_chars"": 4564, ""catalogue_title_found"": true, ""catalogue_year_seen"": ""2026-2027"", ""program_link_count"": 1, ""course_code_count"": 16, ""requirement_signal_count"": 5, ""program_title_present"": true, ""ok_reason"": ""title + requirement content""}",0,46565,e4cb2681429760fcf9524896ebcbf2f706351b1ba7e0be93183d5faef39f09da,,ok
2026-07-31T00:51:30Z,https://catalogue.usc.edu/preview_program.php?catoid=22&poid=31735&returnto=9396,program_31735,1,httpx,direct_html,200,text/html; charset=UTF-8,0.357,"{""kind"": ""program_page"", ""challenge_detected"": false, ""visible_text_chars"": 4692, ""catalogue_title_found"": true, ""catalogue_year_seen"": ""2026-2027"", ""program_link_count"": 1, ""course_code_count"": 18, ""requirement_signal_count"": 5, ""program_title_present"": true, ""ok_reason"": ""title + requirement content""}",0,47253,98cbc3952d12dde2a0a9ef22a83f30d777b5b4ba40c7da4a63fd49e0c4b3f300,,ok
2026-07-31T00:51:32Z,https://catalogue.usc.edu/preview_program.php?catoid=22&poid=32243&returnto=9396,program_32243,1,httpx,direct_html,200,text/html; charset=UTF-8,0.29,"{""kind"": ""program_page"", ""challenge_detected"": false, ""visible_text_chars"": 6068, ""catalogue_title_found"": true, ""catalogue_year_seen"": ""2026-2027"", ""program_link_count"": 2, ""course_code_count"": 12, ""requirement_signal_count"": 5, ""program_title_present"": true, ""ok_reason"": ""title + requirement content""}",0,47808,c132492416116d6b9e79594b716093e92acbe165fb4febeab5a52b9b9b27d1b2,,ok
2026-07-31T00:51:34Z,https://catalogue.usc.edu/preview_program.php?catoid=22&poid=32608&returnto=9396,program_32608,1,httpx,direct_html,200,text/html; charset=UTF-8,0.405,"{""kind"": ""program_page"", ""challenge_detected"": false, ""visible_text_chars"": 7896, ""catalogue_title_found"": true, ""catalogue_year_seen"": ""2026-2027"", ""program_link_count"": 2, ""course_code_count"": 32, ""requirement_signal_count"": 5, ""program_title_present"": true, ""ok_reason"": ""title + requirement content""}",0,56573,1e455639bd78b00819c8419a626eb3933f4ad2018c24d7254dbc21232c4f5b6b,,ok
2026-07-31T00:51:36Z,https://catalogue.usc.edu/preview_program.php?catoid=22&poid=32404&returnto=9396,program_32404,1,httpx,direct_html,200,text/html; charset=UTF-8,0.339,"{""kind"": ""program_page"", ""challenge_detected"": false, ""visible_text_chars"": 7887, ""catalogue_title_found"": true, ""catalogue_year_seen"": ""2026-2027"", ""program_link_count"": 1, ""course_code_count"": 46, ""requirement_signal_count"": 5, ""program_title_present"": true, ""ok_reason"": ""title + requirement content""}",0,57242,f5bdb729a5b14250dd9f7e428c65b014dc31062c31caf56dbd38aa68d6ffc6c5,,ok
2026-07-31T00:51:38Z,https://catalogue.usc.edu/preview_program.php?catoid=22&poid=31662&returnto=9396,program_31662,1,httpx,direct_html,200,text/html; charset=UTF-8,0.26,"{""kind"": ""program_page"", ""challenge_detected"": false, ""visible_text_chars"": 10589, ""catalogue_title_found"": true, ""catalogue_year_seen"": ""2026-2027"", ""program_link_count"": 2, ""course_code_count"": 67, ""requirement_signal_count"": 5, ""program_title_present"": true, ""ok_reason"": ""title + requirement content""}",0,69050,572dc02baed44eba23708e1aeb853ab9f5b3670e21980375f42e680c9c3798a5,,ok
2026-07-31T00:51:40Z,https://catalogue.usc.edu/preview_program.php?catoid=22&poid=31663&returnto=9396,program_31663,1,httpx,direct_html,200,text/html; charset=UTF-8,0.497,"{""kind"": ""program_page"", ""challenge_detected"": false, ""visible_text_chars"": 11911, ""catalogue_title_found"": true, ""catalogue_year_seen"": ""2026-2027"", ""program_link_count"": 1, ""course_code_count"": 97, ""requirement_signal_count"": 5, ""program_title_present"": true, ""ok_reason"": ""title + requirement content""}",0,81494,d07deb12aa79681c21353f1f751724932677050ae38ca44dea67e17d8e347445,,ok
2026-07-31T00:51:42Z,https://catalogue.usc.edu/preview_program.php?catoid=22&poid=32433&returnto=9396,program_32433,1,httpx,direct_html,200,text/html; charset=UTF-8,0.451,"{""kind"": ""program_page"", ""challenge_detected"": false, ""visible_text_chars"": 7182, ""catalogue_title_found"": true, ""catalogue_year_seen"": ""2026-2027"", ""program_link_count"": 2, ""course_code_count"": 44, ""requirement_signal_count"": 5, ""program_title_present"": true, ""ok_reason"": ""title + requirement content""}",0,60031,a62fa256a9eea86b30f2cd632a8fca5408d9d5f21d7a0afb6826045fa26a8c09,,ok
2026-07-31T00:51:44Z,https://catalogue.usc.edu/preview_program.php?catoid=22&poid=32434&returnto=9396,program_32434,1,httpx,direct_html,200,text/html; charset=UTF-8,0.326,"{""kind"": ""program_page"", ""challenge_detected"": false, ""visible_text_chars"": 6755, ""catalogue_title_found"": true, ""catalogue_year_seen"": ""2026-2027"", ""program_link_count"": 3, ""course_code_count"": 28, ""requirement_signal_count"": 5, ""program_title_present"": true, ""ok_reason"": ""title + requirement content""}",0,59669,418f152158aee24dae289af4bc6c412e0cc0cd023f45ef15c0428646394859d6,,ok
2026-07-31T00:51:53Z,https://catalogue.usc.edu/preview_program.php?catoid=22&poid=32626&returnto=9396,program_32626,1,httpx,direct_html,200,text/html; charset=UTF-8,7.044,"{""kind"": ""program_page"", ""challenge_detected"": false, ""visible_text_chars"": 7235, ""catalogue_title_found"": true, ""catalogue_year_seen"": ""2026-2027"", ""program_link_count"": 2, ""course_code_count"": 42, ""requirement_signal_count"": 5, ""program_title_present"": true, ""ok_reason"": ""title + requirement content""}",0,59767,bf530bfc68fd909762d7bac82b2a987daad56dd3c0b85f4ed6382bbb49e28be9,,ok
2026-07-31T00:51:54Z,https://catalogue.usc.edu/preview_program.php?catoid=22&poid=32435&returnto=9396,program_32435,1,httpx,direct_html,200,text/html; charset=UTF-8,0.412,"{""kind"": ""program_page"", ""challenge_detected"": false, ""visible_text_chars"": 6285, ""catalogue_title_found"": true, ""catalogue_year_seen"": ""2026-2027"", ""program_link_count"": 2, ""course_code_count"": 34, ""requirement_signal_count"": 5, ""program_title_present"": true, ""ok_reason"": ""title + requirement content""}",0,54442,57307d174873f6ec27ac0aa12553a50101b19cc0e1b83b5f44e094dd3f10d5dc,,ok
2026-07-31T00:51:57Z,https://catalogue.usc.edu/preview_program.php?catoid=22&poid=32436&returnto=9396,program_32436,1,httpx,direct_html,200,text/html; charset=UTF-8,0.487,"{""kind"": ""program_page"", ""challenge_detected"": false, ""visible_text_chars"": 6583, ""catalogue_title_found"": true, ""catalogue_year_seen"": ""2026-2027"", ""program_link_count"": 2, ""course_code_count"": 34, ""requirement_signal_count"": 5, ""program_title_present"": true, ""ok_reason"": ""title + requirement content""}",0,56284,91e13cf457b75e90c485ad43c3fc2150238fae4119532b142231901cf28d7d48,,ok
2026-07-31T00:52:05Z,https://catalogue.usc.edu/preview_program.php?catoid=22&poid=32628&returnto=9396,program_32628,1,httpx,direct_html,200,text/html; charset=UTF-8,5.839,"{""kind"": ""program_page"", ""challenge_detected"": false, ""visible_text_chars"": 6905, ""catalogue_title_found"": true, ""catalogue_year_seen"": ""2026-2027"", ""program_link_count"": 2, ""course_code_count"": 37, ""requirement_signal_count"": 5, ""program_title_present"": true, ""ok_reason"": ""title + requirement content""}",0,57666,6b6d6b2aea7e45e508cc75dfc40f29c6449d299fbc949aa0912cdf325717fe9e,,ok
2026-07-31T00:52:05Z,https://catalogue.usc.edu/preview_program.php?catoid=22&poid=31744&returnto=9396,program_31744,1,httpx,direct_html,200,text/html; charset=UTF-8,0.748,"{""kind"": ""program_page"", ""challenge_detected"": false, ""visible_text_chars"": 6227, ""catalogue_title_found"": true, ""catalogue_year_seen"": ""2026-2027"", ""program_link_count"": 1, ""course_code_count"": 11, ""requirement_signal_count"": 5, ""program_title_present"": true, ""ok_reason"": ""title + requirement content""}",0,49223,cb95a38a9bccb8c6e74d0f7ac947b4b732881eb0e25ee96a32d4d29c7ace88e7,,ok
2026-07-31T00:52:08Z,https://catalogue.usc.edu/preview_program.php?catoid=22&poid=31909&returnto=9396,program_31909,1,httpx,direct_html,200,text/html; charset=UTF-8,0.419,"{""kind"": ""program_page"", ""challenge_detected"": false, ""visible_text_chars"": 15653, ""catalogue_title_found"": true, ""catalogue_year_seen"": ""2026-2027"", ""program_link_count"": 1, ""course_code_count"": 147, ""requirement_signal_count"": 5, ""program_title_present"": true, ""ok_reason"": ""title + requirement content""}",0,110866,f0f85c214fc4d966e1e063e3a5251a07d5015b8d5954f92e1ae87c43a45bc42b,,ok
2026-07-31T00:52:10Z,https://catalogue.usc.edu/preview_program.php?catoid=22&poid=31947&returnto=9396,program_31947,1,httpx,direct_html,200,text/html; charset=UTF-8,0.257,"{""kind"": ""program_page"", ""challenge_detected"": false, ""visible_text_chars"": 6701, ""catalogue_title_found"": true, ""catalogue_year_seen"": ""2026-2027"", ""program_link_count"": 1, ""course_code_count"": 21, ""requirement_signal_count"": 5, ""program_title_present"": true, ""ok_reason"": ""title + requirement content""}",0,49982,744dbe28bb9097190e458db2c5fd6e7ba2ebb5c823a70fe124f509eb6729ff31,,ok
2026-07-31T00:52:13Z,https://catalogue.usc.edu/preview_program.php?catoid=22&poid=31748&returnto=9396,program_31748,1,httpx,direct_html,200,text/html; charset=UTF-8,0.33,"{""kind"": ""program_page"", ""challenge_detected"": false, ""visible_text_chars"": 9312, ""catalogue_title_found"": true, ""catalogue_year_seen"": ""2026-2027"", ""program_link_count"": 1, ""course_code_count"": 44, ""requirement_signal_count"": 5, ""program_title_present"": true, ""ok_reason"": ""title + requirement content""}",0,61000,5369264f50fd3192ada0e1fd170e3b069face74678cd7c71cb679182cafb8942,,ok
2026-07-31T00:52:19Z,https://catalogue.usc.edu/preview_program.php?catoid=22&poid=32229&returnto=9396,program_32229,1,httpx,direct_html,200,text/html; charset=UTF-8,3.864,"{""kind"": ""program_page"", ""challenge_detected"": false, ""visible_text_chars"": 8780, ""catalogue_title_found"": true, ""catalogue_year_seen"": ""2026-2027"", ""program_link_count"": 2, ""course_code_count"": 26, ""requirement_signal_count"": 5, ""program_title_present"": true, ""ok_reason"": ""title + requirement content""}",0,60738,3aa519ce880c9912cb4312c47328cf7f29a5c39f1d318b0851d2b6ceaf331a25,,ok
2026-07-31T00:52:19Z,https://catalogue.usc.edu/preview_program.php?catoid=22&poid=32478&returnto=9396,program_32478,1,httpx,direct_html,200,text/html; charset=UTF-8,0.232,"{""kind"": ""program_page"", ""challenge_detected"": false, ""visible_text_chars"": 5442, ""catalogue_title_found"": true, ""catalogue_year_seen"": ""2026-2027"", ""program_link_count"": 1, ""course_code_count"": 21, ""requirement_signal_count"": 5, ""program_title_present"": true, ""ok_reason"": ""title + requirement content""}",0,48812,985d57f70bb209d135796904eac58b97f43f8a6a6dd9f693e7c1d7e48e7a5405,,ok
2026-07-31T00:52:21Z,https://catalogue.usc.edu/preview_program.php?catoid=22&poid=31871&returnto=9396,program_31871,1,httpx,direct_html,200,text/html; charset=UTF-8,0.221,"{""kind"": ""program_page"", ""challenge_detected"": false, ""visible_text_chars"": 9998, ""catalogue_title_found"": true, ""catalogue_year_seen"": ""2026-2027"", ""program_link_count"": 1, ""course_code_count"": 74, ""requirement_signal_count"": 5, ""program_title_present"": true, ""ok_reason"": ""title + requirement content""}",0,72330,493ac8a36f9a023cd23998f935133c72b8dce4bcc6cac8adeb5e125fe5c469aa,,ok
2026-07-31T00:52:24Z,https://catalogue.usc.edu/preview_program.php?catoid=22&poid=32083&returnto=9396,program_32083,1,httpx,direct_html,200,text/html; charset=UTF-8,0.318,"{""kind"": ""program_page"", ""challenge_detected"": false, ""visible_text_chars"": 6872, ""catalogue_title_found"": true, ""catalogue_year_seen"": ""2026-2027"", ""program_link_count"": 2, ""course_code_count"": 41, ""requirement_signal_count"": 5, ""program_title_present"": true, ""ok_reason"": ""title + requirement content""}",0,57655,e9c27788f85be189d296891d13bf61cb2234e85f631b411a767156c85bf8be24,,ok
2026-07-31T00:52:26Z,https://catalogue.usc.edu/preview_program.php?catoid=22&poid=32086&returnto=9396,program_32086,1,httpx,direct_html,200,text/html; charset=UTF-8,0.32,"{""kind"": ""program_page"", ""challenge_detected"": false, ""visible_text_chars"": 6638, ""catalogue_title_found"": true, ""catalogue_year_seen"": ""2026-2027"", ""program_link_count"": 2, ""course_code_count"": 29, ""requirement_signal_count"": 5, ""program_title_present"": true, ""ok_reason"": ""title + requirement content""}",0,54073,96c540bcfe87c476de0a903c315824e80323d2a3291f9c2be0ed5692fb8e8c7f,,ok
2026-07-31T00:52:28Z,https://catalogue.usc.edu/preview_program.php?catoid=22&poid=32701&returnto=9396,program_32701,1,httpx,direct_html,200,text/html; charset=UTF-8,0.258,"{""kind"": ""program_page"", ""challenge_detected"": false, ""visible_text_chars"": 6985, ""catalogue_title_found"": true, ""catalogue_year_seen"": ""2026-2027"", ""program_link_count"": 2, ""course_code_count"": 42, ""requirement_signal_count"": 5, ""program_title_present"": true, ""ok_reason"": ""title + requirement content""}",0,57287,1c23523593029e56945baaf0a4d9aefed48e4812105b2017eeae8b702d1612f8,,ok
2026-07-31T00:52:30Z,https://catalogue.usc.edu/preview_program.php?catoid=22&poid=32088&returnto=9396,program_32088,1,httpx,direct_html,200,text/html; charset=UTF-8,0.384,"{""kind"": ""program_page"", ""challenge_detected"": false, ""visible_text_chars"": 6766, ""catalogue_title_found"": true, ""catalogue_year_seen"": ""2026-2027"", ""program_link_count"": 2, ""course_code_count"": 30, ""requirement_signal_count"": 5, ""program_title_present"": true, ""ok_reason"": ""title + requirement content""}",0,55983,b351bf5153d99589b952cbbde8b1a14a94d4201ad59e977573a3cb83fa522323,,ok
2026-07-31T00:52:33Z,https://catalogue.usc.edu/preview_program.php?catoid=22&poid=32428&returnto=9396,program_32428,1,httpx,direct_html,200,text/html; charset=UTF-8,0.369,"{""kind"": ""program_page"", ""challenge_detected"": false, ""visible_text_chars"": 8663, ""catalogue_title_found"": true, ""catalogue_year_seen"": ""2026-2027"", ""program_link_count"": 1, ""course_code_count"": 52, ""requirement_signal_count"": 5, ""program_title_present"": true, ""ok_reason"": ""title + requirement content""}",0,64220,20582ed1f938f07ff0299414e71d664526ee72c0b8ae4a07c2a547fd539c611c,,ok
2026-07-31T00:52:35Z,https://catalogue.usc.edu/preview_program.php?catoid=22&poid=31975&returnto=9396,program_31975,1,httpx,direct_html,200,text/html; charset=UTF-8,0.25,"{""kind"": ""program_page"", ""challenge_detected"": false, ""visible_text_chars"": 8179, ""catalogue_title_found"": true, ""catalogue_year_seen"": ""2026-2027"", ""program_link_count"": 1, ""course_code_count"": 44, ""requirement_signal_count"": 4, ""program_title_present"": true, ""ok_reason"": ""title + requirement content""}",0,57144,3a8afaa7f1276ca1fb03ffd07a56dd8dd0f77cfd48467145eba831e0d0c95793,,ok
2026-07-31T00:52:38Z,https://catalogue.usc.edu/preview_program.php?catoid=22&poid=32615&returnto=9396,program_32615,1,httpx,direct_html,200,text/html; charset=UTF-8,0.331,"{""kind"": ""program_page"", ""challenge_detected"": false, ""visible_text_chars"": 7674, ""catalogue_title_found"": true, ""catalogue_year_seen"": ""2026-2027"", ""program_link_count"": 1, ""course_code_count"": 28, ""requirement_signal_count"": 5, ""program_title_present"": true, ""ok_reason"": ""title + requirement content""}",0,53149,ee85b159ae316359a04843065c3019db76fd9efc9f36c85a2725640711c8c63a,,ok
2026-07-31T00:52:40Z,https://catalogue.usc.edu/preview_program.php?catoid=22&poid=32522&returnto=9396,program_32522,1,httpx,direct_html,200,text/html; charset=UTF-8,0.448,"{""kind"": ""program_page"", ""challenge_detected"": false, ""visible_text_chars"": 5018, ""catalogue_title_found"": true, ""catalogue_year_seen"": ""2026-2027"", ""program_link_count"": 2, ""course_code_count"": 15, ""requirement_signal_count"": 5, ""program_title_present"": true, ""ok_reason"": ""title + requirement content""}",0,45338,6aef2429e076b0b6b27e1c0f46136d0b737f7d132c7ce70ec0467cabc0fbcb43,,ok
2026-07-31T00:52:42Z,https://catalogue.usc.edu/preview_program.php?catoid=22&poid=32838&returnto=9396,program_32838,1,httpx,direct_html,200,text/html; charset=UTF-8,0.258,"{""kind"": ""program_page"", ""challenge_detected"": false, ""visible_text_chars"": 5647, ""catalogue_title_found"": true, ""catalogue_year_seen"": ""2026-2027"", ""program_link_count"": 1, ""course_code_count"": 22, ""requirement_signal_count"": 5, ""program_title_present"": true, ""ok_reason"": ""title + requirement content""}",0,47658,4742eb6d13f79883196195a21c05bdfd7222ce9a87196ebf1dce304069527501,,ok
2026-07-31T00:52:45Z,https://catalogue.usc.edu/preview_program.php?catoid=22&poid=32839&returnto=9396,program_32839,1,httpx,direct_html,200,text/html; charset=UTF-8,0.471,"{""kind"": ""program_page"", ""challenge_detected"": false, ""visible_text_chars"": 7421, ""catalogue_title_found"": true, ""catalogue_year_seen"": ""2026-2027"", ""program_link_count"": 1, ""course_code_count"": 52, ""requirement_signal_count"": 5, ""program_title_present"": true, ""ok_reason"": ""title + requirement content""}",0,60296,390ad20f1dd263dfb5db09773ec310b92c3e58b81eeaca509e5a32d4a6a3f74c,,ok
2026-07-31T00:52:47Z,https://catalogue.usc.edu/preview_program.php?catoid=22&poid=32842&returnto=9396,program_32842,1,httpx,direct_html,200,text/html; charset=UTF-8,0.245,"{""kind"": ""program_page"", ""challenge_detected"": false, ""visible_text_chars"": 6380, ""catalogue_title_found"": true, ""catalogue_year_seen"": ""2026-2027"", ""program_link_count"": 1, ""course_code_count"": 38, ""requirement_signal_count"": 3, ""program_title_present"": true, ""ok_reason"": ""title + requirement content""}",0,53017,ac767324b9d7d5c9ddee67c6f9f8b532f9b2696e86865990c7b55612364d5d1f,,ok
2026-07-31T00:52:50Z,https://catalogue.usc.edu/preview_program.php?catoid=22&poid=32841&returnto=9396,program_32841,1,httpx,direct_html,200,text/html; charset=UTF-8,0.466,"{""kind"": ""program_page"", ""challenge_detected"": false, ""visible_text_chars"": 6638, ""catalogue_title_found"": true, ""catalogue_year_seen"": ""2026-2027"", ""program_link_count"": 1, ""course_code_count"": 38, ""requirement_signal_count"": 5, ""program_title_present"": true, ""ok_reason"": ""title + requirement content""}",0,57213,828d8a5d59e74bc71b47114bfd87f7929c1cb24e2105d1615c4a2e73deb7a868,,ok
2026-07-31T00:52:52Z,https://catalogue.usc.edu/preview_program.php?catoid=22&poid=32918&returnto=9396,program_32918,1,httpx,direct_html,200,text/html; charset=UTF-8,0.226,"{""kind"": ""program_page"", ""challenge_detected"": false, ""visible_text_chars"": 5322, ""catalogue_title_found"": true, ""catalogue_year_seen"": ""2026-2027"", ""program_link_count"": 1, ""course_code_count"": 27, ""requirement_signal_count"": 3, ""program_title_present"": true, ""ok_reason"": ""title + requirement content""}",0,49033,8745446a3532decbf2221f5cb6c39abe023d26261e63bcdac99f6d157aa308f7,,ok
2026-07-31T00:52:54Z,https://catalogue.usc.edu/preview_program.php?catoid=22&poid=32840&returnto=9396,program_32840,1,httpx,direct_html,200,text/html; charset=UTF-8,0.405,"{""kind"": ""program_page"", ""challenge_detected"": false, ""visible_text_chars"": 6736, ""catalogue_title_found"": true, ""catalogue_year_seen"": ""2026-2027"", ""program_link_count"": 1, ""course_code_count"": 43, ""requirement_signal_count"": 5, ""program_title_present"": true, ""ok_reason"": ""title + requirement content""}",0,55632,009656fbecbbed07682e0470b94a251a1623bb1e18830ee7569d6e83306334c8,,ok
2026-07-31T00:52:57Z,https://catalogue.usc.edu/preview_program.php?catoid=22&poid=31759&returnto=9396,program_31759,1,httpx,direct_html,200,text/html; charset=UTF-8,0.305,"{""kind"": ""program_page"", ""challenge_detected"": false, ""visible_text_chars"": 3367, ""catalogue_title_found"": true, ""catalogue_year_seen"": ""2026-2027"", ""program_link_count"": 1, ""course_code_count"": 4, ""requirement_signal_count"": 3, ""program_title_present"": true, ""ok_reason"": ""title + requirement content""}",0,40342,a512598dae74f6efad35e9796c7606ce5a8db987c7a19d3e5eb7ab91e6dfc073,,ok
2026-07-31T00:52:58Z,https://catalogue.usc.edu/preview_program.php?catoid=22&poid=31765&returnto=9396,program_31765,1,httpx,challenge_page,202,text/html; charset=UTF-8,0.165,"{""kind"": ""program_page"", ""challenge_detected"": true, ""challenge_evidence"": [""script marker 'awswaf'"", ""script marker 'token.awswaf'""]}",1,2011,5b9b1bff8f74c95c533cd0f526c974ed5fc5b7f0bce1313648eeb5a38b84c0de,,challenge_page
2026-07-31T00:53:58Z,https://catalogue.usc.edu/preview_program.php?catoid=22&poid=31765&returnto=9396,program_31765,3,playwright,browser_rendered_dom,202,text/html; charset=UTF-8,57.142,"{""kind"": ""program_page"", ""challenge_detected"": false, ""visible_text_chars"": 3141, ""catalogue_title_found"": true, ""catalogue_year_seen"": ""2026-2027"", ""program_link_count"": 1, ""course_code_count"": 4, ""requirement_signal_count"": 4, ""program_title_present"": true, ""ok_reason"": ""title + requirement content"", ""expand_clicks"": 3}",0,135553,1cf268803c0b559afd71e113bf2da902778113991db4e8ac6140c7fdc463e3fc,0a131e5e91c4ec9845ee37d9db552d0eec53de71678f0dfd1379389bcbfde978,ok
2026-07-31T00:54:00Z,https://catalogue.usc.edu/preview_program.php?catoid=22&poid=31771&returnto=9396,program_31771,1,httpx,direct_html,200,text/html; charset=UTF-8,2.084,"{""kind"": ""program_page"", ""challenge_detected"": false, ""visible_text_chars"": 8741, ""catalogue_title_found"": true, ""catalogue_year_seen"": ""2026-2027"", ""program_link_count"": 1, ""course_code_count"": 42, ""requirement_signal_count"": 5, ""program_title_present"": true, ""ok_reason"": ""title + requirement content""}",0,63601,5fcee7c53a5a3fcda2169f4d37cc3be2840f3583a387d0c0b0ab85c0d8f60cb6,,ok
2026-07-31T00:54:01Z,https://catalogue.usc.edu/preview_program.php?catoid=22&poid=31776&returnto=9396,program_31776,1,httpx,direct_html,200,text/html; charset=UTF-8,0.429,"{""kind"": ""program_page"", ""challenge_detected"": false, ""visible_text_chars"": 3494, ""catalogue_title_found"": true, ""catalogue_year_seen"": ""2026-2027"", ""program_link_count"": 1, ""course_code_count"": 13, ""requirement_signal_count"": 5, ""program_title_present"": true, ""ok_reason"": ""title + requirement content""}",0,42560,e8edd28f86fe1fd37940e14ad05e6e9b6bb84ce5df0efa41487a003bfb14c5e0,,ok
2026-07-31T00:54:04Z,https://catalogue.usc.edu/preview_program.php?catoid=22&poid=32704&returnto=9396,program_32704,1,httpx,direct_html,200,text/html; charset=UTF-8,0.713,"{""kind"": ""program_page"", ""challenge_detected"": false, ""visible_text_chars"": 4383, ""catalogue_title_found"": true, ""catalogue_year_seen"": ""2026-2027"", ""program_link_count"": 1, ""course_code_count"": 21, ""requirement_signal_count"": 4, ""program_title_present"": true, ""ok_reason"": ""title + requirement content""}",0,46686,d8004d43bf1bd0e9d0b633d63a1f36c44da3cecf411a7fab14136aad007069d7,,ok
2026-07-31T00:54:07Z,https://catalogue.usc.edu/preview_program.php?catoid=22&poid=32624&returnto=9396,program_32624,1,httpx,direct_html,200,text/html; charset=UTF-8,1.914,"{""kind"": ""program_page"", ""challenge_detected"": false, ""visible_text_chars"": 6476, ""catalogue_title_found"": true, ""catalogue_year_seen"": ""2026-2027"", ""program_link_count"": 2, ""course_code_count"": 27, ""requirement_signal_count"": 5, ""program_title_present"": true, ""ok_reason"": ""title + requirement content""}",0,55289,6ab146904d41ed0d63e9a0171698f2c96ae7f348ee0dbe6c1c9305e4d416bdea,,ok
2026-07-31T00:54:08Z,https://catalogue.usc.edu/preview_program.php?catoid=22&poid=31788&returnto=9396,program_31788,1,httpx,direct_html,200,text/html; charset=UTF-8,1.242,"{""kind"": ""program_page"", ""challenge_detected"": false, ""visible_text_chars"": 3857, ""catalogue_title_found"": true, ""catalogue_year_seen"": ""2026-2027"", ""program_link_count"": 1, ""course_code_count"": 5, ""requirement_signal_count"": 4, ""program_title_present"": true, ""ok_reason"": ""title + requirement content""}",0,39285,a7b96dd9d5b43e1bb966e2c262d7b6c0c0a171affe305322882ebbcbc1be45a8,,ok
2026-07-31T00:54:10Z,https://catalogue.usc.edu/preview_program.php?catoid=22&poid=32437&returnto=9396,program_32437,1,httpx,direct_html,200,text/html; charset=UTF-8,0.449,"{""kind"": ""program_page"", ""challenge_detected"": false, ""visible_text_chars"": 6181, ""catalogue_title_found"": true, ""catalogue_year_seen"": ""2026-2027"", ""program_link_count"": 1, ""course_code_count"": 32, ""requirement_signal_count"": 5, ""program_title_present"": true, ""ok_reason"": ""title + requirement content""}",0,53334,929cc594057717bfb1569616d7000b133f84f6bc4e50f9db7adae2f5305e838d,,ok
2026-07-31T00:54:12Z,https://catalogue.usc.edu/preview_program.php?catoid=22&poid=31805&returnto=9396,program_31805,1,httpx,direct_html,200,text/html; charset=UTF-8,0.432,"{""kind"": ""program_page"", ""challenge_detected"": false, ""visible_text_chars"": 4369, ""catalogue_title_found"": true, ""catalogue_year_seen"": ""2026-2027"", ""program_link_count"": 1, ""course_code_count"": 5, ""requirement_signal_count"": 4, ""program_title_present"": true, ""ok_reason"": ""title + requirement content""}",0,43969,e6add422e70f0fb500bb3c493c279ffaecc8c33cdb0c3ad2000a959b6e7a9c55,,ok
2026-07-31T00:54:14Z,https://catalogue.usc.edu/preview_program.php?catoid=22&poid=31806&returnto=9396,program_31806,1,httpx,direct_html,200,text/html; charset=UTF-8,0.257,"{""kind"": ""program_page"", ""challenge_detected"": false, ""visible_text_chars"": 4652, ""catalogue_title_found"": true, ""catalogue_year_seen"": ""2026-2027"", ""program_link_count"": 1, ""course_code_count"": 7, ""requirement_signal_count"": 3, ""program_title_present"": true, ""ok_reason"": ""title + requirement content""}",0,46704,12d72d1306d677158cad1e84e53671c6596172b0a43a0dd2d592cfa1870b9fb4,,ok
2026-07-31T00:54:16Z,https://catalogue.usc.edu/preview_program.php?catoid=22&poid=31799&returnto=9396,program_31799,1,httpx,direct_html,200,text/html; charset=UTF-8,0.246,"{""kind"": ""program_page"", ""challenge_detected"": false, ""visible_text_chars"": 10110, ""catalogue_title_found"": true, ""catalogue_year_seen"": ""2026-2027"", ""program_link_count"": 1, ""course_code_count"": 51, ""requirement_signal_count"": 5, ""program_title_present"": true, ""ok_reason"": ""title + requirement content""}",0,64672,c688123fa1b80268fe11cbbfa1bfe562c1aa8142fbc3a50d70ab4848da327fe4,,ok
2026-07-31T00:54:19Z,https://catalogue.usc.edu/preview_program.php?catoid=22&poid=31804&returnto=9396,program_31804,1,httpx,direct_html,200,text/html; charset=UTF-8,0.38,"{""kind"": ""program_page"", ""challenge_detected"": false, ""visible_text_chars"": 13461, ""catalogue_title_found"": true, ""catalogue_year_seen"": ""2026-2027"", ""program_link_count"": 1, ""course_code_count"": 91, ""requirement_signal_count"": 5, ""program_title_present"": true, ""ok_reason"": ""title + requirement content""}",0,84322,17ac01e2f1d07e3fb5a8909fc47da203813c32deffb8767fa0102d0118d011ae,,ok
2026-07-31T00:54:21Z,https://catalogue.usc.edu/preview_program.php?catoid=22&poid=32958&returnto=9396,program_32958,1,httpx,direct_html,200,text/html; charset=UTF-8,0.392,"{""kind"": ""program_page"", ""challenge_detected"": false, ""visible_text_chars"": 6678, ""catalogue_title_found"": true, ""catalogue_year_seen"": ""2026-2027"", ""program_link_count"": 1, ""course_code_count"": 42, ""requirement_signal_count"": 4, ""program_title_present"": true, ""ok_reason"": ""title + requirement content""}",0,56161,176b37c319a1508ab9f1abaa565fb3cd2c30a7424693d4ae51e8e58f57182af2,,ok
2026-07-31T00:54:23Z,https://catalogue.usc.edu/preview_program.php?catoid=22&poid=31571&returnto=9396,program_31571,1,httpx,direct_html,200,text/html; charset=UTF-8,0.464,"{""kind"": ""program_page"", ""challenge_detected"": false, ""visible_text_chars"": 5457, ""catalogue_title_found"": true, ""catalogue_year_seen"": ""2026-2027"", ""program_link_count"": 2, ""course_code_count"": 6, ""requirement_signal_count"": 5, ""program_title_present"": true, ""ok_reason"": ""title + requirement content""}",0,42929,87f6b3601fb0bf06372e875318552684bbd2be368b0c73a43472051c31aecf17,,ok
2026-07-31T00:54:25Z,https://catalogue.usc.edu/preview_program.php?catoid=22&poid=31810&returnto=9396,program_31810,1,httpx,direct_html,200,text/html; charset=UTF-8,0.388,"{""kind"": ""program_page"", ""challenge_detected"": false, ""visible_text_chars"": 5499, ""catalogue_title_found"": true, ""catalogue_year_seen"": ""2026-2027"", ""program_link_count"": 1, ""course_code_count"": 27, ""requirement_signal_count"": 5, ""program_title_present"": true, ""ok_reason"": ""title + requirement content""}",0,49748,ac0a9283a7a629604b5bb0410f7e812689d1722fa45492835669c0191e552cf7,,ok
2026-07-31T00:54:27Z,https://catalogue.usc.edu/preview_program.php?catoid=22&poid=32728&returnto=9396,program_32728,1,httpx,direct_html,200,text/html; charset=UTF-8,0.364,"{""kind"": ""program_page"", ""challenge_detected"": false, ""visible_text_chars"": 5914, ""catalogue_title_found"": true, ""catalogue_year_seen"": ""2026-2027"", ""program_link_count"": 1, ""course_code_count"": 36, ""requirement_signal_count"": 5, ""program_title_present"": true, ""ok_reason"": ""title + requirement content""}",0,50523,5b49ca7e769459665631c39e0b211f51815d5feaabb55142cbb989b4a0d6e2bb,,ok
2026-07-31T00:54:29Z,https://catalogue.usc.edu/preview_program.php?catoid=22&poid=32782&returnto=9396,program_32782,1,httpx,direct_html,200,text/html; charset=UTF-8,0.366,"{""kind"": ""program_page"", ""challenge_detected"": false, ""visible_text_chars"": 5679, ""catalogue_title_found"": true, ""catalogue_year_seen"": ""2026-2027"", ""program_link_count"": 1, ""course_code_count"": 40, ""requirement_signal_count"": 5, ""program_title_present"": true, ""ok_reason"": ""title + requirement content""}",0,51102,4c5771a11999f6c6b887091bc4c98eb270b376e5ff3720f9e373b6287bc81f36,,ok
2026-07-31T00:54:32Z,https://catalogue.usc.edu/preview_program.php?catoid=22&poid=32623&returnto=9396,program_32623,1,httpx,direct_html,200,text/html; charset=UTF-8,0.329,"{""kind"": ""program_page"", ""challenge_detected"": false, ""visible_text_chars"": 5787, ""catalogue_title_found"": true, ""catalogue_year_seen"": ""2026-2027"", ""program_link_count"": 1, ""course_code_count"": 10, ""requirement_signal_count"": 5, ""program_title_present"": true, ""ok_reason"": ""title + requirement content""}",0,44957,09b454b880962349064704e735646ccd847a38db8abf92f2c389a15b5c80202e,,ok
2026-07-31T00:54:34Z,https://catalogue.usc.edu/preview_program.php?catoid=22&poid=31939&returnto=9396,program_31939,1,httpx,direct_html,200,text/html; charset=UTF-8,0.349,"{""kind"": ""program_page"", ""challenge_detected"": false, ""visible_text_chars"": 9069, ""catalogue_title_found"": true, ""catalogue_year_seen"": ""2026-2027"", ""program_link_count"": 2, ""course_code_count"": 34, ""requirement_signal_count"": 5, ""program_title_present"": true, ""ok_reason"": ""title + requirement content""}",0,56320,0097d702d9142535306046a97e3e44c076232f61330ae15b93e30adc75edc7df,,ok
2026-07-31T00:54:35Z,https://catalogue.usc.edu/preview_program.php?catoid=22&poid=31758&returnto=9396,program_31758,1,httpx,direct_html,200,text/html; charset=UTF-8,0.253,"{""kind"": ""program_page"", ""challenge_detected"": false, ""visible_text_chars"": 4588, ""catalogue_title_found"": true, ""catalogue_year_seen"": ""2026-2027"", ""program_link_count"": 1, ""course_code_count"": 6, ""requirement_signal_count"": 3, ""program_title_present"": true, ""ok_reason"": ""title + requirement content""}",0,47131,94339a2b7a7427314a047edc8edc6f27ca025669b51ff7be37f5b951db9f64e0,,ok
2026-07-31T00:54:39Z,https://catalogue.usc.edu/preview_program.php?catoid=22&poid=32569&returnto=9396,program_32569,1,httpx,direct_html,200,text/html; charset=UTF-8,1.746,"{""kind"": ""program_page"", ""challenge_detected"": false, ""visible_text_chars"": 4999, ""catalogue_title_found"": true, ""catalogue_year_seen"": ""2026-2027"", ""program_link_count"": 1, ""course_code_count"": 14, ""requirement_signal_count"": 5, ""program_title_present"": true, ""ok_reason"": ""title + requirement content""}",0,43916,b5a0be92c7c958f339aeb6c15ef22b87bf804d2b2b8b8b9a4cbdd1435081a008,,ok
2026-07-31T00:54:41Z,https://catalogue.usc.edu/preview_program.php?catoid=22&poid=32210&returnto=9396,program_32210,1,httpx,direct_html,200,text/html; charset=UTF-8,1.063,"{""kind"": ""program_page"", ""challenge_detected"": false, ""visible_text_chars"": 9397, ""catalogue_title_found"": true, ""catalogue_year_seen"": ""2026-2027"", ""program_link_count"": 2, ""course_code_count"": 48, ""requirement_signal_count"": 5, ""program_title_present"": true, ""ok_reason"": ""title + requirement content""}",0,66610,3a6df569b8a834b5e27163b2ae2bf40504ccb0b29d274f03ae03ed5503e5a5cd,,ok
2026-07-31T00:54:42Z,https://catalogue.usc.edu/preview_program.php?catoid=22&poid=31701&returnto=9396,program_31701,1,httpx,direct_html,200,text/html; charset=UTF-8,0.296,"{""kind"": ""program_page"", ""challenge_detected"": false, ""visible_text_chars"": 5701, ""catalogue_title_found"": true, ""catalogue_year_seen"": ""2026-2027"", ""program_link_count"": 1, ""course_code_count"": 7, ""requirement_signal_count"": 5, ""program_title_present"": true, ""ok_reason"": ""title + requirement content""}",0,43108,8e88085aa0ddab918b3f833c4691e9f234b57ba4b94a4e3f39be2470ae326306,,ok
2026-07-31T00:54:44Z,https://catalogue.usc.edu/preview_program.php?catoid=22&poid=32477&returnto=9396,program_32477,1,httpx,direct_html,200,text/html; charset=UTF-8,0.356,"{""kind"": ""program_page"", ""challenge_detected"": false, ""visible_text_chars"": 9083, ""catalogue_title_found"": true, ""catalogue_year_seen"": ""2026-2027"", ""program_link_count"": 1, ""course_code_count"": 50, ""requirement_signal_count"": 5, ""program_title_present"": true, ""ok_reason"": ""title + requirement content""}",0,66194,c8132e5986078d118043fdd0e6eb530f0312e499d120ca3d1fb372f879c0aa76,,ok
2026-07-31T00:54:47Z,https://catalogue.usc.edu/preview_program.php?catoid=22&poid=32209&returnto=9396,program_32209,1,httpx,direct_html,200,text/html; charset=UTF-8,0.301,"{""kind"": ""program_page"", ""challenge_detected"": false, ""visible_text_chars"": 8164, ""catalogue_title_found"": true, ""catalogue_year_seen"": ""2026-2027"", ""program_link_count"": 2, ""course_code_count"": 34, ""requirement_signal_count"": 5, ""program_title_present"": true, ""ok_reason"": ""title + requirement content""}",0,59474,20fc345c26bd3b8c872cfb497dcefc4ed473f7be357e96e3d10c537656277a23,,ok
2026-07-31T00:54:49Z,https://catalogue.usc.edu/preview_program.php?catoid=22&poid=31820&returnto=9396,program_31820,1,httpx,direct_html,200,text/html; charset=UTF-8,0.901,"{""kind"": ""program_page"", ""challenge_detected"": false, ""visible_text_chars"": 21760, ""catalogue_title_found"": true, ""catalogue_year_seen"": ""2026-2027"", ""program_link_count"": 1, ""course_code_count"": 186, ""requirement_signal_count"": 5, ""program_title_present"": true, ""ok_reason"": ""title + requirement content""}",0,130490,2c090819288b03b4478d2a51f8c87b79d753b8f32326cb7c09048cb216301a6a,,ok
2026-07-31T00:54:52Z,https://catalogue.usc.edu/preview_program.php?catoid=22&poid=31720&returnto=9396,program_31720,1,httpx,direct_html,200,text/html; charset=UTF-8,0.554,"{""kind"": ""program_page"", ""challenge_detected"": false, ""visible_text_chars"": 7445, ""catalogue_title_found"": true, ""catalogue_year_seen"": ""2026-2027"", ""program_link_count"": 1, ""course_code_count"": 31, ""requirement_signal_count"": 5, ""program_title_present"": true, ""ok_reason"": ""title + requirement content""}",0,56278,0457ee54907e1221d777cb92d37478737c646950b69c13c83d9c093121657060,,ok
2026-07-31T00:54:54Z,https://catalogue.usc.edu/preview_program.php?catoid=22&poid=31719&returnto=9396,program_31719,1,httpx,direct_html,200,text/html; charset=UTF-8,0.249,"{""kind"": ""program_page"", ""challenge_detected"": false, ""visible_text_chars"": 8110, ""catalogue_title_found"": true, ""catalogue_year_seen"": ""2026-2027"", ""program_link_count"": 1, ""course_code_count"": 40, ""requirement_signal_count"": 5, ""program_title_present"": true, ""ok_reason"": ""title + requirement content""}",0,60849,03d42cd01565a0a2d7e13083379a13260ad6639d2bf52f71836f82ee617312bc,,ok
2026-07-31T00:54:57Z,https://catalogue.usc.edu/preview_program.php?catoid=22&poid=32142&returnto=9396,program_32142,1,httpx,direct_html,200,text/html; charset=UTF-8,0.348,"{""kind"": ""program_page"", ""challenge_detected"": false, ""visible_text_chars"": 6565, ""catalogue_title_found"": true, ""catalogue_year_seen"": ""2026-2027"", ""program_link_count"": 1, ""course_code_count"": 16, ""requirement_signal_count"": 5, ""program_title_present"": true, ""ok_reason"": ""title + requirement content""}",0,46278,2b0722654200da2df072d79bbc5909c0151a745729a785a4e0d66746bb0909d9,,ok
2026-07-31T00:54:59Z,https://catalogue.usc.edu/preview_program.php?catoid=22&poid=32143&returnto=9396,program_32143,1,httpx,direct_html,200,text/html; charset=UTF-8,0.264,"{""kind"": ""program_page"", ""challenge_detected"": false, ""visible_text_chars"": 5663, ""catalogue_title_found"": true, ""catalogue_year_seen"": ""2026-2027"", ""program_link_count"": 1, ""course_code_count"": 12, ""requirement_signal_count"": 4, ""program_title_present"": true, ""ok_reason"": ""title + requirement content""}",0,47201,d8a1b6e18e247067d9f52f6cfdd9ab21b614ac527a00e6e03bb624bd72880ef7,,ok
2026-07-31T00:55:02Z,https://catalogue.usc.edu/preview_program.php?catoid=22&poid=32144&returnto=9396,program_32144,1,httpx,direct_html,200,text/html; charset=UTF-8,0.776,"{""kind"": ""program_page"", ""challenge_detected"": false, ""visible_text_chars"": 6423, ""catalogue_title_found"": true, ""catalogue_year_seen"": ""2026-2027"", ""program_link_count"": 1, ""course_code_count"": 16, ""requirement_signal_count"": 4, ""program_title_present"": true, ""ok_reason"": ""title + requirement content""}",0,54196,6a0ccf161a8dccd01793fbd8cbdca308009ef1ba1d280874654071a637b62002,,ok
2026-07-31T00:55:04Z,https://catalogue.usc.edu/preview_program.php?catoid=22&poid=32640&returnto=9396,program_32640,1,httpx,direct_html,200,text/html; charset=UTF-8,0.393,"{""kind"": ""program_page"", ""challenge_detected"": false, ""visible_text_chars"": 11501, ""catalogue_title_found"": true, ""catalogue_year_seen"": ""2026-2027"", ""program_link_count"": 1, ""course_code_count"": 90, ""requirement_signal_count"": 5, ""program_title_present"": true, ""ok_reason"": ""title + requirement content""}",0,80553,44f0e05ac6a0eb4ea6e4e56f1e20625d4815e747ee9fa8b006ad99663cc1107d,,ok
2026-07-31T00:55:06Z,https://catalogue.usc.edu/preview_program.php?catoid=22&poid=32920&returnto=9396,program_32920,1,httpx,direct_html,200,text/html; charset=UTF-8,0.254,"{""kind"": ""program_page"", ""challenge_detected"": false, ""visible_text_chars"": 9494, ""catalogue_title_found"": true, ""catalogue_year_seen"": ""2026-2027"", ""program_link_count"": 2, ""course_code_count"": 60, ""requirement_signal_count"": 4, ""program_title_present"": true, ""ok_reason"": ""title + requirement content""}",0,63765,166c5414d5c9c858c903211fc6e75a0258d082c1898da01b349ddd11f7bcfcae,,ok
2026-07-31T00:55:08Z,https://catalogue.usc.edu/preview_program.php?catoid=22&poid=32114&returnto=9396,program_32114,1,httpx,direct_html,200,text/html; charset=UTF-8,0.393,"{""kind"": ""program_page"", ""challenge_detected"": false, ""visible_text_chars"": 5411, ""catalogue_title_found"": true, ""catalogue_year_seen"": ""2026-2027"", ""program_link_count"": 2, ""course_code_count"": 22, ""requirement_signal_count"": 5, ""program_title_present"": true, ""ok_reason"": ""title + requirement content""}",0,51396,5c9c7cb96baebf75ab887930267550aa56b4c69b2329005d97868ce63e853317,,ok
2026-07-31T00:55:10Z,https://catalogue.usc.edu/preview_program.php?catoid=22&poid=32563&returnto=9396,program_32563,1,httpx,direct_html,200,text/html; charset=UTF-8,0.407,"{""kind"": ""program_page"", ""challenge_detected"": false, ""visible_text_chars"": 7372, ""catalogue_title_found"": true, ""catalogue_year_seen"": ""2026-2027"", ""program_link_count"": 1, ""course_code_count"": 67, ""requirement_signal_count"": 4, ""program_title_present"": true, ""ok_reason"": ""title + requirement content""}",0,63629,78d9d73d8b8c873243da02c827a3e306cd42a3f2898fc8ad8f07a4db79eadc3c,,ok
2026-07-31T00:55:12Z,https://catalogue.usc.edu/preview_program.php?catoid=22&poid=32737&returnto=9396,program_32737,1,httpx,direct_html,200,text/html; charset=UTF-8,0.405,"{""kind"": ""program_page"", ""challenge_detected"": false, ""visible_text_chars"": 4631, ""catalogue_title_found"": true, ""catalogue_year_seen"": ""2026-2027"", ""program_link_count"": 1, ""course_code_count"": 0, ""requirement_signal_count"": 5, ""program_title_present"": true, ""ok_reason"": ""title + requirement content""}",0,37760,dbc20956a2d12672cd7487d8982d6f6b88d0878e9c7f76186c74b94804695721,,ok
2026-07-31T00:55:14Z,https://catalogue.usc.edu/preview_program.php?catoid=22&poid=31830&returnto=9396,program_31830,1,httpx,direct_html,200,text/html; charset=UTF-8,0.327,"{""kind"": ""program_page"", ""challenge_detected"": false, ""visible_text_chars"": 14575, ""catalogue_title_found"": true, ""catalogue_year_seen"": ""2026-2027"", ""program_link_count"": 1, ""course_code_count"": 153, ""requirement_signal_count"": 4, ""program_title_present"": true, ""ok_reason"": ""title + requirement content""}",0,99083,be9e13acbf89336fafba34e0d207810fee8b520e49011e2986b23e023e1af2e9,,ok
2026-07-31T00:55:16Z,https://catalogue.usc.edu/preview_program.php?catoid=22&poid=31831&returnto=9396,program_31831,1,httpx,direct_html,200,text/html; charset=UTF-8,0.411,"{""kind"": ""program_page"", ""challenge_detected"": false, ""visible_text_chars"": 6950, ""catalogue_title_found"": true, ""catalogue_year_seen"": ""2026-2027"", ""program_link_count"": 1, ""course_code_count"": 48, ""requirement_signal_count"": 5, ""program_title_present"": true, ""ok_reason"": ""title + requirement content""}",0,58656,22cf58be9a443d9df3f4f3c326ea237b5195efd5e95b20d22ddf1c24280614de,,ok
2026-07-31T00:55:18Z,https://catalogue.usc.edu/preview_program.php?catoid=22&poid=31832&returnto=9396,program_31832,1,httpx,direct_html,200,text/html; charset=UTF-8,0.419,"{""kind"": ""program_page"", ""challenge_detected"": false, ""visible_text_chars"": 6302, ""catalogue_title_found"": true, ""catalogue_year_seen"": ""2026-2027"", ""program_link_count"": 1, ""course_code_count"": 48, ""requirement_signal_count"": 4, ""program_title_present"": true, ""ok_reason"": ""title + requirement content""}",0,55668,4130ad69119e5ce63775a352a6d032cd9ed4b1480e3b270747eec670bc340dfb,,ok
2026-07-31T00:55:19Z,https://catalogue.usc.edu/preview_program.php?catoid=22&poid=31812&returnto=9396,program_31812,1,httpx,direct_html,200,text/html; charset=UTF-8,0.27,"{""kind"": ""program_page"", ""challenge_detected"": false, ""visible_text_chars"": 5105, ""catalogue_title_found"": true, ""catalogue_year_seen"": ""2026-2027"", ""program_link_count"": 1, ""course_code_count"": 17, ""requirement_signal_count"": 5, ""program_title_present"": true, ""ok_reason"": ""title + requirement content""}",0,47136,a9f26c3be2b00ad0aad9fa755158ef22188179b5645d3db2309f5e9faf286013,,ok
2026-07-31T00:55:22Z,https://catalogue.usc.edu/preview_program.php?catoid=22&poid=32230&returnto=9396,program_32230,1,httpx,direct_html,200,text/html; charset=UTF-8,0.335,"{""kind"": ""program_page"", ""challenge_detected"": false, ""visible_text_chars"": 11609, ""catalogue_title_found"": true, ""catalogue_year_seen"": ""2026-2027"", ""program_link_count"": 2, ""course_code_count"": 71, ""requirement_signal_count"": 5, ""program_title_present"": true, ""ok_reason"": ""title + requirement content""}",0,75795,96b61d866d315e04b67b3421a89e46b61e0d3918884a4cc0de255e52575e2bd5,,ok
2026-07-31T00:55:24Z,https://catalogue.usc.edu/preview_program.php?catoid=22&poid=32429&returnto=9396,program_32429,1,httpx,direct_html,200,text/html; charset=UTF-8,0.481,"{""kind"": ""program_page"", ""challenge_detected"": false, ""visible_text_chars"": 7868, ""catalogue_title_found"": true, ""catalogue_year_seen"": ""2026-2027"", ""program_link_count"": 1, ""course_code_count"": 39, ""requirement_signal_count"": 5, ""program_title_present"": true, ""ok_reason"": ""title + requirement content""}",0,62916,dfd7acbefadfc3df134decb4add82b0e6b926462bdf9020929436844382e87d0,,ok
2026-07-31T00:55:26Z,https://catalogue.usc.edu/preview_program.php?catoid=22&poid=32448&returnto=9396,program_32448,1,httpx,direct_html,200,text/html; charset=UTF-8,0.394,"{""kind"": ""program_page"", ""challenge_detected"": false, ""visible_text_chars"": 4808, ""catalogue_title_found"": true, ""catalogue_year_seen"": ""2026-2027"", ""program_link_count"": 1, ""course_code_count"": 26, ""requirement_signal_count"": 4, ""program_title_present"": true, ""ok_reason"": ""title + requirement content""}",0,45930,2c5adcd5269e4fb86c5b74d9a40d8aab471fdfb57785fa15f5f914d16c9f9d37,,ok
2026-07-31T00:55:28Z,https://catalogue.usc.edu/preview_program.php?catoid=22&poid=32519&returnto=9396,program_32519,1,httpx,direct_html,200,text/html; charset=UTF-8,0.407,"{""kind"": ""program_page"", ""challenge_detected"": false, ""visible_text_chars"": 8726, ""catalogue_title_found"": true, ""catalogue_year_seen"": ""2026-2027"", ""program_link_count"": 1, ""course_code_count"": 69, ""requirement_signal_count"": 4, ""program_title_present"": true, ""ok_reason"": ""title + requirement content""}",0,67079,9941879c8af100c1a367285ff4d5aa6f27a7afb5b21add6bd6fd52f884bbe680,,ok
2026-07-31T00:55:30Z,https://catalogue.usc.edu/preview_program.php?catoid=22&poid=32938&returnto=9396,program_32938,1,httpx,direct_html,200,text/html; charset=UTF-8,0.417,"{""kind"": ""program_page"", ""challenge_detected"": false, ""visible_text_chars"": 7733, ""catalogue_title_found"": true, ""catalogue_year_seen"": ""2026-2027"", ""program_link_count"": 1, ""course_code_count"": 38, ""requirement_signal_count"": 5, ""program_title_present"": true, ""ok_reason"": ""title + requirement content""}",0,56417,bd954f9403b62352cdab1ae193f912023897daec4ecc6ee6a213983a1d4a03f8,,ok
2026-07-31T00:55:31Z,https://catalogue.usc.edu/preview_program.php?catoid=22&poid=31822&returnto=9396,program_31822,1,httpx,direct_html,200,text/html; charset=UTF-8,0.383,"{""kind"": ""program_page"", ""challenge_detected"": false, ""visible_text_chars"": 9737, ""catalogue_title_found"": true, ""catalogue_year_seen"": ""2026-2027"", ""program_link_count"": 1, ""course_code_count"": 54, ""requirement_signal_count"": 5, ""program_title_present"": true, ""ok_reason"": ""title + requirement content""}",0,65016,73c8439ab9cac43de5e7ad147b8363dd8497efa2a7f9134d4750c93326512994,,ok
2026-07-31T00:55:33Z,https://catalogue.usc.edu/preview_program.php?catoid=22&poid=32797&returnto=9396,program_32797,1,httpx,direct_html,200,text/html; charset=UTF-8,0.362,"{""kind"": ""program_page"", ""challenge_detected"": false, ""visible_text_chars"": 9211, ""catalogue_title_found"": true, ""catalogue_year_seen"": ""2026-2027"", ""program_link_count"": 1, ""course_code_count"": 53, ""requirement_signal_count"": 5, ""program_title_present"": true, ""ok_reason"": ""title + requirement content""}",0,62988,02cbe103a4b8885d13231a449445f954092553a7f7a06e4973a0b017052ce5af,,ok
2026-07-31T00:55:36Z,https://catalogue.usc.edu/preview_program.php?catoid=22&poid=32145&returnto=9396,program_32145,1,httpx,direct_html,200,text/html; charset=UTF-8,0.391,"{""kind"": ""program_page"", ""challenge_detected"": false, ""visible_text_chars"": 5635, ""catalogue_title_found"": true, ""catalogue_year_seen"": ""2026-2027"", ""program_link_count"": 2, ""course_code_count"": 15, ""requirement_signal_count"": 4, ""program_title_present"": true, ""ok_reason"": ""title + requirement content""}",0,49265,00069cb9d9e9a50a962486c7e9553a55f03d05fbae173223721e85c757684fe2,,ok
2026-07-31T00:55:39Z,https://catalogue.usc.edu/preview_program.php?catoid=22&poid=31842&returnto=9396,program_31842,1,httpx,direct_html,200,text/html; charset=UTF-8,0.247,"{""kind"": ""program_page"", ""challenge_detected"": false, ""visible_text_chars"": 4017, ""catalogue_title_found"": true, ""catalogue_year_seen"": ""2026-2027"", ""program_link_count"": 1, ""course_code_count"": 7, ""requirement_signal_count"": 5, ""program_title_present"": true, ""ok_reason"": ""title + requirement content""}",0,40729,d3b799dd38244583f273b61977d911195f02cf5d43b0be642fa3e8f39db2b8fa,,ok
2026-07-31T00:55:40Z,https://catalogue.usc.edu/preview_program.php?catoid=22&poid=31852&returnto=9396,program_31852,1,httpx,direct_html,200,text/html; charset=UTF-8,0.237,"{""kind"": ""program_page"", ""challenge_detected"": false, ""visible_text_chars"": 3844, ""catalogue_title_found"": true, ""catalogue_year_seen"": ""2026-2027"", ""program_link_count"": 1, ""course_code_count"": 12, ""requirement_signal_count"": 5, ""program_title_present"": true, ""ok_reason"": ""title + requirement content""}",0,42418,1803b7a54f134f0141902fddedfe2388c0101c5428f8bfdc34b07ef0a37927f6,,ok
2026-07-31T00:55:42Z,https://catalogue.usc.edu/preview_program.php?catoid=22&poid=31853&returnto=9396,program_31853,1,httpx,direct_html,200,text/html; charset=UTF-8,0.423,"{""kind"": ""program_page"", ""challenge_detected"": false, ""visible_text_chars"": 4449, ""catalogue_title_found"": true, ""catalogue_year_seen"": ""2026-2027"", ""program_link_count"": 1, ""course_code_count"": 15, ""requirement_signal_count"": 5, ""program_title_present"": true, ""ok_reason"": ""title + requirement content""}",0,43816,2b572e2043d417a64586a486837356b10b50e919d613d76273d3c746e417685b,,ok
2026-07-31T00:55:45Z,https://catalogue.usc.edu/preview_program.php?catoid=22&poid=32039&returnto=9396,program_32039,1,httpx,direct_html,200,text/html; charset=UTF-8,0.315,"{""kind"": ""program_page"", ""challenge_detected"": false, ""visible_text_chars"": 5793, ""catalogue_title_found"": true, ""catalogue_year_seen"": ""2026-2027"", ""program_link_count"": 2, ""course_code_count"": 32, ""requirement_signal_count"": 5, ""program_title_present"": true, ""ok_reason"": ""title + requirement content""}",0,55990,111648089c6f645da479a4258ce8be8849623ed7ad3888458b128b7ef1be4601,,ok
2026-07-31T00:55:47Z,https://catalogue.usc.edu/preview_program.php?catoid=22&poid=31669&returnto=9396,program_31669,1,httpx,direct_html,200,text/html; charset=UTF-8,0.48,"{""kind"": ""program_page"", ""challenge_detected"": false, ""visible_text_chars"": 6898, ""catalogue_title_found"": true, ""catalogue_year_seen"": ""2026-2027"", ""program_link_count"": 1, ""course_code_count"": 41, ""requirement_signal_count"": 5, ""program_title_present"": true, ""ok_reason"": ""title + requirement content""}",0,53237,f2e8c7a0eb9891d8830e26b4223ec1e4a70afe05344d9ee11257a9f0b6078ec6,,ok
2026-07-31T00:55:49Z,https://catalogue.usc.edu/preview_program.php?catoid=22&poid=31866&returnto=9396,program_31866,1,httpx,direct_html,200,text/html; charset=UTF-8,0.694,"{""kind"": ""program_page"", ""challenge_detected"": false, ""visible_text_chars"": 14375, ""catalogue_title_found"": true, ""catalogue_year_seen"": ""2026-2027"", ""program_link_count"": 1, ""course_code_count"": 93, ""requirement_signal_count"": 5, ""program_title_present"": true, ""ok_reason"": ""title + requirement content""}",0,92045,13a0308b58ea4343df7dd7d0d14f340c12e259f69530490fc667c1f554820074,,ok
2026-07-31T00:55:52Z,https://catalogue.usc.edu/preview_program.php?catoid=22&poid=32242&returnto=9396,program_32242,1,httpx,direct_html,200,text/html; charset=UTF-8,0.994,"{""kind"": ""program_page"", ""challenge_detected"": false, ""visible_text_chars"": 8141, ""catalogue_title_found"": true, ""catalogue_year_seen"": ""2026-2027"", ""program_link_count"": 2, ""course_code_count"": 10, ""requirement_signal_count"": 5, ""program_title_present"": true, ""ok_reason"": ""title + requirement content""}",0,53301,b3100f424fe469c2dbd931a04918bc56e3455bf482df36373cffa747d7616e2c,,ok
2026-07-31T00:55:53Z,https://catalogue.usc.edu/preview_program.php?catoid=22&poid=32240&returnto=9396,program_32240,1,httpx,direct_html,200,text/html; charset=UTF-8,0.388,"{""kind"": ""program_page"", ""challenge_detected"": false, ""visible_text_chars"": 8217, ""catalogue_title_found"": true, ""catalogue_year_seen"": ""2026-2027"", ""program_link_count"": 2, ""course_code_count"": 35, ""requirement_signal_count"": 5, ""program_title_present"": true, ""ok_reason"": ""title + requirement content""}",0,58307,63b56791f8ea24a23a4a488be82b632ff76d4bb6c6c29aa5f023ed5c02547ef7,,ok
2026-07-31T00:55:55Z,https://catalogue.usc.edu/preview_program.php?catoid=22&poid=32241&returnto=9396,program_32241,1,httpx,direct_html,200,text/html; charset=UTF-8,0.293,"{""kind"": ""program_page"", ""challenge_detected"": false, ""visible_text_chars"": 9915, ""catalogue_title_found"": true, ""catalogue_year_seen"": ""2026-2027"", ""program_link_count"": 2, ""course_code_count"": 54, ""requirement_signal_count"": 5, ""program_title_present"": true, ""ok_reason"": ""title + requirement content""}",0,69208,832dcda6ef8d8030a1c96c86b952de4d6718281c1f6177f49e904fbb5ca43c51,,ok
2026-07-31T00:55:57Z,https://catalogue.usc.edu/preview_program.php?catoid=22&poid=32231&returnto=9396,program_32231,1,httpx,direct_html,200,text/html; charset=UTF-8,0.39,"{""kind"": ""program_page"", ""challenge_detected"": false, ""visible_text_chars"": 8337, ""catalogue_title_found"": true, ""catalogue_year_seen"": ""2026-2027"", ""program_link_count"": 2, ""course_code_count"": 23, ""requirement_signal_count"": 5, ""program_title_present"": true, ""ok_reason"": ""title + requirement content""}",0,58863,f5b80c115b8c9376d9bc8edc65c03fc5b908eacdf3f82bda012c18cf43948171,,ok
2026-07-31T00:55:59Z,https://catalogue.usc.edu/preview_program.php?catoid=22&poid=32621&returnto=9396,program_32621,1,httpx,direct_html,200,text/html; charset=UTF-8,0.397,"{""kind"": ""program_page"", ""challenge_detected"": false, ""visible_text_chars"": 7792, ""catalogue_title_found"": true, ""catalogue_year_seen"": ""2026-2027"", ""program_link_count"": 1, ""course_code_count"": 28, ""requirement_signal_count"": 5, ""program_title_present"": true, ""ok_reason"": ""title + requirement content""}",0,53409,79fbf1e1b6c875e535eac0763b15a360fcd1a32edbe1611831db9c5f7d8e3dcb,,ok
2026-07-31T00:56:03Z,https://catalogue.usc.edu/preview_program.php?catoid=22&poid=31790&returnto=9396,program_31790,1,httpx,direct_html,200,text/html; charset=UTF-8,0.76,"{""kind"": ""program_page"", ""challenge_detected"": false, ""visible_text_chars"": 12961, ""catalogue_title_found"": true, ""catalogue_year_seen"": ""2026-2027"", ""program_link_count"": 1, ""course_code_count"": 77, ""requirement_signal_count"": 5, ""program_title_present"": true, ""ok_reason"": ""title + requirement content""}",0,92588,214f43d6cefe745d22b2bf4c6d24071aa87c2306d6440093ec38093a0cc038fa,,ok
2026-07-31T00:56:05Z,https://catalogue.usc.edu/preview_program.php?catoid=22&poid=31869&returnto=9396,program_31869,1,httpx,direct_html,200,text/html; charset=UTF-8,0.245,"{""kind"": ""program_page"", ""challenge_detected"": false, ""visible_text_chars"": 8879, ""catalogue_title_found"": true, ""catalogue_year_seen"": ""2026-2027"", ""program_link_count"": 1, ""course_code_count"": 83, ""requirement_signal_count"": 5, ""program_title_present"": true, ""ok_reason"": ""title + requirement content""}",0,71900,b86345e3274a6b0cfbb1c0b1161d36dfdcb1a3aa6fd4db3ea41a68c72a3ed12b,,ok
2026-07-31T00:56:08Z,https://catalogue.usc.edu/preview_program.php?catoid=22&poid=31870&returnto=9396,program_31870,1,httpx,direct_html,200,text/html; charset=UTF-8,0.231,"{""kind"": ""program_page"", ""challenge_detected"": false, ""visible_text_chars"": 9187, ""catalogue_title_found"": true, ""catalogue_year_seen"": ""2026-2027"", ""program_link_count"": 1, ""course_code_count"": 83, ""requirement_signal_count"": 5, ""program_title_present"": true, ""ok_reason"": ""title + requirement content""}",0,74111,1dbcfee1bcb390a9ae799001b97d80fd9f38129cdcb0db8c309e012172bebe7e,,ok
2026-07-31T00:56:11Z,https://catalogue.usc.edu/preview_program.php?catoid=22&poid=31929&returnto=9396,program_31929,1,httpx,direct_html,200,text/html; charset=UTF-8,0.407,"{""kind"": ""program_page"", ""challenge_detected"": false, ""visible_text_chars"": 9192, ""catalogue_title_found"": true, ""catalogue_year_seen"": ""2026-2027"", ""program_link_count"": 1, ""course_code_count"": 65, ""requirement_signal_count"": 5, ""program_title_present"": true, ""ok_reason"": ""title + requirement content""}",0,71702,745e53944fcbade737f835dfc16e6c9e4daea12d44b41f5e9823d7c8882495ad,,ok
2026-07-31T00:56:14Z,https://catalogue.usc.edu/preview_program.php?catoid=22&poid=32166&returnto=9396,program_32166,1,httpx,direct_html,200,text/html; charset=UTF-8,0.476,"{""kind"": ""program_page"", ""challenge_detected"": false, ""visible_text_chars"": 9251, ""catalogue_title_found"": true, ""catalogue_year_seen"": ""2026-2027"", ""program_link_count"": 2, ""course_code_count"": 25, ""requirement_signal_count"": 5, ""program_title_present"": true, ""ok_reason"": ""title + requirement content""}",0,52484,aff1e71127837e2eb207b6fe36e129a73c4dcdef08543c8d1b8b495db1c00516,,ok
2026-07-31T00:56:17Z,https://catalogue.usc.edu/preview_program.php?catoid=22&poid=32233&returnto=9396,program_32233,1,httpx,direct_html,200,text/html; charset=UTF-8,0.679,"{""kind"": ""program_page"", ""challenge_detected"": false, ""visible_text_chars"": 9162, ""catalogue_title_found"": true, ""catalogue_year_seen"": ""2026-2027"", ""program_link_count"": 2, ""course_code_count"": 41, ""requirement_signal_count"": 5, ""program_title_present"": true, ""ok_reason"": ""title + requirement content""}",0,60576,be45e186a665b06262fd35f11dfd676a9aea401618d32be9dc0e1686c9649a70,,ok
2026-07-31T00:56:18Z,https://catalogue.usc.edu/preview_program.php?catoid=22&poid=32238&returnto=9396,program_32238,1,httpx,direct_html,200,text/html; charset=UTF-8,0.633,"{""kind"": ""program_page"", ""challenge_detected"": false, ""visible_text_chars"": 8985, ""catalogue_title_found"": true, ""catalogue_year_seen"": ""2026-2027"", ""program_link_count"": 2, ""course_code_count"": 36, ""requirement_signal_count"": 5, ""program_title_present"": true, ""ok_reason"": ""title + requirement content""}",0,59055,25aacaadbd5f31559a0daecd02825edb4199fd00fc3fa00c8c1ddea8806c2fca,,ok
2026-07-31T00:56:21Z,https://catalogue.usc.edu/preview_program.php?catoid=22&poid=32235&returnto=9396,program_32235,1,httpx,direct_html,200,text/html; charset=UTF-8,0.396,"{""kind"": ""program_page"", ""challenge_detected"": false, ""visible_text_chars"": 8590, ""catalogue_title_found"": true, ""catalogue_year_seen"": ""2026-2027"", ""program_link_count"": 2, ""course_code_count"": 32, ""requirement_signal_count"": 5, ""program_title_present"": true, ""ok_reason"": ""title + requirement content""}",0,57996,3ed7fd81ee9110bf5ce44b840452aff52bcc10383b317a50f1f2fd4a089852f7,,ok
2026-07-31T00:56:23Z,https://catalogue.usc.edu/preview_program.php?catoid=22&poid=32234&returnto=9396,program_32234,1,httpx,direct_html,200,text/html; charset=UTF-8,0.267,"{""kind"": ""program_page"", ""challenge_detected"": false, ""visible_text_chars"": 8900, ""catalogue_title_found"": true, ""catalogue_year_seen"": ""2026-2027"", ""program_link_count"": 2, ""course_code_count"": 31, ""requirement_signal_count"": 5, ""program_title_present"": true, ""ok_reason"": ""title + requirement content""}",0,59871,f6e93b0fb9e031c35450f67d3274bd336b608aefede0078999824c4bb7e65537,,ok
2026-07-31T00:56:25Z,https://catalogue.usc.edu/preview_program.php?catoid=22&poid=32239&returnto=9396,program_32239,1,httpx,direct_html,200,text/html; charset=UTF-8,0.322,"{""kind"": ""program_page"", ""challenge_detected"": false, ""visible_text_chars"": 8659, ""catalogue_title_found"": true, ""catalogue_year_seen"": ""2026-2027"", ""program_link_count"": 2, ""course_code_count"": 29, ""requirement_signal_count"": 5, ""program_title_present"": true, ""ok_reason"": ""title + requirement content""}",0,59402,0b70f6dcb1a1f11430f3142405be72816d59e67c80560d02dd5a99be13719d41,,ok
2026-07-31T00:56:28Z,https://catalogue.usc.edu/preview_program.php?catoid=22&poid=32232&returnto=9396,program_32232,1,httpx,direct_html,200,text/html; charset=UTF-8,0.478,"{""kind"": ""program_page"", ""challenge_detected"": false, ""visible_text_chars"": 10603, ""catalogue_title_found"": true, ""catalogue_year_seen"": ""2026-2027"", ""program_link_count"": 2, ""course_code_count"": 54, ""requirement_signal_count"": 5, ""program_title_present"": true, ""ok_reason"": ""title + requirement content""}",0,71720,a3b474011fd4aca0327e2efc6d9b886da934d6d72e11581515663cad40df4102,,ok
2026-07-31T00:56:29Z,https://catalogue.usc.edu/preview_program.php?catoid=22&poid=32236&returnto=9396,program_32236,1,httpx,direct_html,200,text/html; charset=UTF-8,0.335,"{""kind"": ""program_page"", ""challenge_detected"": false, ""visible_text_chars"": 17176, ""catalogue_title_found"": true, ""catalogue_year_seen"": ""2026-2027"", ""program_link_count"": 2, ""course_code_count"": 123, ""requirement_signal_count"": 5, ""program_title_present"": true, ""ok_reason"": ""title + requirement content""}",0,103573,70cc28a9a654bf28fecf7b30598ea81abe500c6a75afb795004ad73739feced8,,ok
2026-07-31T00:56:31Z,https://catalogue.usc.edu/preview_program.php?catoid=22&poid=32237&returnto=9396,program_32237,1,httpx,direct_html,200,text/html; charset=UTF-8,0.413,"{""kind"": ""program_page"", ""challenge_detected"": false, ""visible_text_chars"": 8666, ""catalogue_title_found"": true, ""catalogue_year_seen"": ""2026-2027"", ""program_link_count"": 2, ""course_code_count"": 37, ""requirement_signal_count"": 5, ""program_title_present"": true, ""ok_reason"": ""title + requirement content""}",0,58554,d933b929a5d28e97db74713abeb319fd4bba03d4c5933318f1a9d8da3f7c62e5,,ok
2026-07-31T00:56:34Z,https://catalogue.usc.edu/preview_program.php?catoid=22&poid=32707&returnto=9396,program_32707,1,httpx,direct_html,200,text/html; charset=UTF-8,0.268,"{""kind"": ""program_page"", ""challenge_detected"": false, ""visible_text_chars"": 9908, ""catalogue_title_found"": true, ""catalogue_year_seen"": ""2026-2027"", ""program_link_count"": 1, ""course_code_count"": 30, ""requirement_signal_count"": 5, ""program_title_present"": true, ""ok_reason"": ""title + requirement content""}",0,60239,f98ad0ceb1783ea508f3317c1da51ea6e46d930b3b900830f532d3c973248655,,ok
2026-07-31T00:56:36Z,https://catalogue.usc.edu/preview_program.php?catoid=22&poid=32517&returnto=9396,program_32517,1,httpx,direct_html,200,text/html; charset=UTF-8,0.4,"{""kind"": ""program_page"", ""challenge_detected"": false, ""visible_text_chars"": 9715, ""catalogue_title_found"": true, ""catalogue_year_seen"": ""2026-2027"", ""program_link_count"": 1, ""course_code_count"": 31, ""requirement_signal_count"": 5, ""program_title_present"": true, ""ok_reason"": ""title + requirement content""}",0,61055,f2e44bbc52c512dc3f7e2383954772e795fb49ded27555aec01a03bc62a28b79,,ok
2026-07-31T00:56:37Z,https://catalogue.usc.edu/preview_program.php?catoid=22&poid=31875&returnto=9396,program_31875,1,httpx,direct_html,200,text/html; charset=UTF-8,0.24,"{""kind"": ""program_page"", ""challenge_detected"": false, ""visible_text_chars"": 6902, ""catalogue_title_found"": true, ""catalogue_year_seen"": ""2026-2027"", ""program_link_count"": 1, ""course_code_count"": 68, ""requirement_signal_count"": 5, ""program_title_present"": true, ""ok_reason"": ""title + requirement content""}",0,60861,1b26cd8c9fa648e605c60f7f395930f9210e3f0712d2db17dd25fcc528b46722,,ok
2026-07-31T00:56:40Z,https://catalogue.usc.edu/preview_program.php?catoid=22&poid=32604&returnto=9396,program_32604,1,httpx,direct_html,200,text/html; charset=UTF-8,0.307,"{""kind"": ""program_page"", ""challenge_detected"": false, ""visible_text_chars"": 7768, ""catalogue_title_found"": true, ""catalogue_year_seen"": ""2026-2027"", ""program_link_count"": 1, ""course_code_count"": 50, ""requirement_signal_count"": 5, ""program_title_present"": true, ""ok_reason"": ""title + requirement content""}",0,63419,7f474f6f41b071539e7c061602371a203c0e404cfbc454e2393b885175c0ee9b,,ok
2026-07-31T00:56:42Z,https://catalogue.usc.edu/preview_program.php?catoid=22&poid=31876&returnto=9396,program_31876,1,httpx,direct_html,200,text/html; charset=UTF-8,0.42,"{""kind"": ""program_page"", ""challenge_detected"": false, ""visible_text_chars"": 10138, ""catalogue_title_found"": true, ""catalogue_year_seen"": ""2026-2027"", ""program_link_count"": 1, ""course_code_count"": 103, ""requirement_signal_count"": 5, ""program_title_present"": true, ""ok_reason"": ""title + requirement content""}",0,82611,863d3f087c18c854e8161d1807c6a07e8b324c48766ba8925c929b569c21a394,,ok
2026-07-31T00:56:44Z,https://catalogue.usc.edu/preview_program.php?catoid=22&poid=31891&returnto=9396,program_31891,1,httpx,direct_html,200,text/html; charset=UTF-8,0.459,"{""kind"": ""program_page"", ""challenge_detected"": false, ""visible_text_chars"": 3909, ""catalogue_title_found"": true, ""catalogue_year_seen"": ""2026-2027"", ""program_link_count"": 1, ""course_code_count"": 2, ""requirement_signal_count"": 4, ""program_title_present"": true, ""ok_reason"": ""title + requirement content""}",0,42096,81a27fed54967045164065e2eaa01551089eda051b77dcef06443c6ad16bf5e1,,ok
2026-07-31T00:56:46Z,https://catalogue.usc.edu/preview_program.php?catoid=22&poid=31888&returnto=9396,program_31888,1,httpx,direct_html,200,text/html; charset=UTF-8,0.316,"{""kind"": ""program_page"", ""challenge_detected"": false, ""visible_text_chars"": 4016, ""catalogue_title_found"": true, ""catalogue_year_seen"": ""2026-2027"", ""program_link_count"": 1, ""course_code_count"": 10, ""requirement_signal_count"": 3, ""program_title_present"": true, ""ok_reason"": ""title + requirement content""}",0,44842,829a677e6a4dc934c52d03045d6d9e9bec50b48dd90faf42db6501ff3b2017e7,,ok
2026-07-31T00:56:48Z,https://catalogue.usc.edu/preview_program.php?catoid=22&poid=31885&returnto=9396,program_31885,1,httpx,direct_html,200,text/html; charset=UTF-8,0.401,"{""kind"": ""program_page"", ""challenge_detected"": false, ""visible_text_chars"": 4398, ""catalogue_title_found"": true, ""catalogue_year_seen"": ""2026-2027"", ""program_link_count"": 1, ""course_code_count"": 11, ""requirement_signal_count"": 4, ""program_title_present"": true, ""ok_reason"": ""title + requirement content""}",0,46538,a2e4354ac52e54571b8d58e51a2755cdb8f80c157b162fc2c24c5869d6a58758,,ok
2026-07-31T00:56:51Z,https://catalogue.usc.edu/preview_program.php?catoid=22&poid=31887&returnto=9396,program_31887,1,httpx,direct_html,200,text/html; charset=UTF-8,0.495,"{""kind"": ""program_page"", ""challenge_detected"": false, ""visible_text_chars"": 4188, ""catalogue_title_found"": true, ""catalogue_year_seen"": ""2026-2027"", ""program_link_count"": 1, ""course_code_count"": 14, ""requirement_signal_count"": 4, ""program_title_present"": true, ""ok_reason"": ""title + requirement content""}",0,43776,ce284dc3a42f01e5a00388ddf4535ad4764daf88af6e80abb6d0d599d79b715b,,ok
2026-07-31T00:56:53Z,https://catalogue.usc.edu/preview_program.php?catoid=22&poid=31777&returnto=9396,program_31777,1,httpx,direct_html,200,text/html; charset=UTF-8,0.29,"{""kind"": ""program_page"", ""challenge_detected"": false, ""visible_text_chars"": 4169, ""catalogue_title_found"": true, ""catalogue_year_seen"": ""2026-2027"", ""program_link_count"": 1, ""course_code_count"": 1, ""requirement_signal_count"": 5, ""program_title_present"": true, ""ok_reason"": ""title + requirement content""}",0,40478,c4bc10dcca55a52612cb9f106c0ecdfeca89961b59cf631ca7eb9d941e6b50ae,,ok
2026-07-31T00:56:55Z,https://catalogue.usc.edu/preview_program.php?catoid=22&poid=31897&returnto=9396,program_31897,1,httpx,direct_html,200,text/html; charset=UTF-8,0.352,"{""kind"": ""program_page"", ""challenge_detected"": false, ""visible_text_chars"": 8101, ""catalogue_title_found"": true, ""catalogue_year_seen"": ""2026-2027"", ""program_link_count"": 1, ""course_code_count"": 71, ""requirement_signal_count"": 5, ""program_title_present"": true, ""ok_reason"": ""title + requirement content""}",0,66612,9be5385684008eab345bf0453033ef2d68aab2bd6b941b4d20a02c47ee443d1f,,ok
2026-07-31T00:56:57Z,https://catalogue.usc.edu/preview_program.php?catoid=22&poid=31906&returnto=9396,program_31906,1,httpx,direct_html,200,text/html; charset=UTF-8,0.221,"{""kind"": ""program_page"", ""challenge_detected"": false, ""visible_text_chars"": 4541, ""catalogue_title_found"": true, ""catalogue_year_seen"": ""2026-2027"", ""program_link_count"": 1, ""course_code_count"": 17, ""requirement_signal_count"": 5, ""program_title_present"": true, ""ok_reason"": ""title + requirement content""}",0,47510,207ec7044e281a74455790188de603427c0e22ea26a8f6a08117eee25ce05b39,,ok
2026-07-31T00:56:59Z,https://catalogue.usc.edu/preview_program.php?catoid=22&poid=32398&returnto=9396,program_32398,1,httpx,direct_html,200,text/html; charset=UTF-8,0.47,"{""kind"": ""program_page"", ""challenge_detected"": false, ""visible_text_chars"": 13738, ""catalogue_title_found"": true, ""catalogue_year_seen"": ""2026-2027"", ""program_link_count"": 1, ""course_code_count"": 111, ""requirement_signal_count"": 5, ""program_title_present"": true, ""ok_reason"": ""title + requirement content""}",0,88820,3f39494d539bb7ecfeadca974af7a9f99f470b942b712b1afcdb66741e9f6220,,ok
2026-07-31T00:57:01Z,https://catalogue.usc.edu/preview_program.php?catoid=22&poid=32806&returnto=9396,program_32806,1,httpx,direct_html,200,text/html; charset=UTF-8,0.701,"{""kind"": ""program_page"", ""challenge_detected"": false, ""visible_text_chars"": 4195, ""catalogue_title_found"": true, ""catalogue_year_seen"": ""2026-2027"", ""program_link_count"": 1, ""course_code_count"": 6, ""requirement_signal_count"": 3, ""program_title_present"": true, ""ok_reason"": ""title + requirement content""}",0,39960,6f937ed595da6243e09ee3bbea76ffc3c4b93977c98f5c25e25468b2888dd7ca,,ok
2026-07-31T00:57:03Z,https://catalogue.usc.edu/preview_program.php?catoid=22&poid=32504&returnto=9396,program_32504,1,httpx,direct_html,200,text/html; charset=UTF-8,1.202,"{""kind"": ""program_page"", ""challenge_detected"": false, ""visible_text_chars"": 10261, ""catalogue_title_found"": true, ""catalogue_year_seen"": ""2026-2027"", ""program_link_count"": 1, ""course_code_count"": 78, ""requirement_signal_count"": 4, ""program_title_present"": true, ""ok_reason"": ""title + requirement content""}",0,76256,9b2fdf9a6f961296a9e041b4e7dfb3cdc009124ef00dfc4d35ac1e9de5419a43,,ok
2026-07-31T00:57:07Z,https://catalogue.usc.edu/preview_program.php?catoid=22&poid=32306&returnto=9396,program_32306,1,httpx,direct_html,200,text/html; charset=UTF-8,2.296,"{""kind"": ""program_page"", ""challenge_detected"": false, ""visible_text_chars"": 6586, ""catalogue_title_found"": true, ""catalogue_year_seen"": ""2026-2027"", ""program_link_count"": 1, ""course_code_count"": 16, ""requirement_signal_count"": 5, ""program_title_present"": true, ""ok_reason"": ""title + requirement content""}",0,49482,38062036883fc4af9ed6445dbdb16b34aaeaabfab26cc245a71e3ddb7ba22fb0,,ok
2026-07-31T00:57:08Z,https://catalogue.usc.edu/preview_program.php?catoid=22&poid=32800&returnto=9396,program_32800,1,httpx,direct_html,200,text/html; charset=UTF-8,1.04,"{""kind"": ""program_page"", ""challenge_detected"": false, ""visible_text_chars"": 9284, ""catalogue_title_found"": true, ""catalogue_year_seen"": ""2026-2027"", ""program_link_count"": 2, ""course_code_count"": 68, ""requirement_signal_count"": 5, ""program_title_present"": true, ""ok_reason"": ""title + requirement content""}",0,66547,16091ba645f6871728fea6d12a7aab8aed9cfe1a3461b2c3a4cce0a0a31ffe43,,ok
2026-07-31T00:57:09Z,https://catalogue.usc.edu/preview_program.php?catoid=22&poid=31917&returnto=9396,program_31917,1,httpx,direct_html,200,text/html; charset=UTF-8,0.251,"{""kind"": ""program_page"", ""challenge_detected"": false, ""visible_text_chars"": 7318, ""catalogue_title_found"": true, ""catalogue_year_seen"": ""2026-2027"", ""program_link_count"": 1, ""course_code_count"": 45, ""requirement_signal_count"": 5, ""program_title_present"": true, ""ok_reason"": ""title + requirement content""}",0,63315,4aef8368fae54bff9251f389c67914bfd979748864cb71c8e907a3ff0be1e646,,ok
2026-07-31T00:57:12Z,https://catalogue.usc.edu/preview_program.php?catoid=22&poid=31923&returnto=9396,program_31923,1,httpx,direct_html,200,text/html; charset=UTF-8,0.368,"{""kind"": ""program_page"", ""challenge_detected"": false, ""visible_text_chars"": 3257, ""catalogue_title_found"": true, ""catalogue_year_seen"": ""2026-2027"", ""program_link_count"": 1, ""course_code_count"": 9, ""requirement_signal_count"": 3, ""program_title_present"": true, ""ok_reason"": ""title + requirement content""}",0,39750,662584ed801fa56ea5e916a714c78a4f1219aaaa111a69547ee80718b0db13f1,,ok
2026-07-31T00:57:14Z,https://catalogue.usc.edu/preview_program.php?catoid=22&poid=31778&returnto=9396,program_31778,1,httpx,direct_html,200,text/html; charset=UTF-8,0.492,"{""kind"": ""program_page"", ""challenge_detected"": false, ""visible_text_chars"": 3271, ""catalogue_title_found"": true, ""catalogue_year_seen"": ""2026-2027"", ""program_link_count"": 1, ""course_code_count"": 7, ""requirement_signal_count"": 3, ""program_title_present"": true, ""ok_reason"": ""title + requirement content""}",0,40052,a1b83544ee2843391217522837475b93158fe0295bbb4bd4f863fbf9ebe646b9,,ok
2026-07-31T00:57:16Z,https://catalogue.usc.edu/preview_program.php?catoid=22&poid=31907&returnto=9396,program_31907,1,httpx,direct_html,200,text/html; charset=UTF-8,0.343,"{""kind"": ""program_page"", ""challenge_detected"": false, ""visible_text_chars"": 3152, ""catalogue_title_found"": true, ""catalogue_year_seen"": ""2026-2027"", ""program_link_count"": 1, ""course_code_count"": 7, ""requirement_signal_count"": 3, ""program_title_present"": true, ""ok_reason"": ""title + requirement content""}",0,39108,72c581a93a5933dfdaa960e5c34dc29ca6983fcdc273fe148e76edc6f6547ecc,,ok
2026-07-31T00:57:18Z,https://catalogue.usc.edu/preview_program.php?catoid=22&poid=32862&returnto=9396,program_32862,1,httpx,direct_html,200,text/html; charset=UTF-8,0.254,"{""kind"": ""program_page"", ""challenge_detected"": false, ""visible_text_chars"": 8017, ""catalogue_title_found"": true, ""catalogue_year_seen"": ""2026-2027"", ""program_link_count"": 1, ""course_code_count"": 9, ""requirement_signal_count"": 5, ""program_title_present"": true, ""ok_reason"": ""title + requirement content""}",0,46009,6f59457ff1b4f75a21421f5cf6ec1fb0c9eac0ea460387bb88cd98a2a29c2e9c,,ok
2026-07-31T00:57:20Z,https://catalogue.usc.edu/preview_program.php?catoid=22&poid=31928&returnto=9396,program_31928,1,httpx,direct_html,200,text/html; charset=UTF-8,0.247,"{""kind"": ""program_page"", ""challenge_detected"": false, ""visible_text_chars"": 5529, ""catalogue_title_found"": true, ""catalogue_year_seen"": ""2026-2027"", ""program_link_count"": 1, ""course_code_count"": 31, ""requirement_signal_count"": 4, ""program_title_present"": true, ""ok_reason"": ""title + requirement content""}",0,52538,1be99c7cdd38d4aa5d946a3d264a89ec787551ef88ddc997c19c932ceff8be4c,,ok
2026-07-31T00:57:22Z,https://catalogue.usc.edu/preview_program.php?catoid=22&poid=32832&returnto=9396,program_32832,1,httpx,direct_html,200,text/html; charset=UTF-8,0.209,"{""kind"": ""program_page"", ""challenge_detected"": false, ""visible_text_chars"": 6855, ""catalogue_title_found"": true, ""catalogue_year_seen"": ""2026-2027"", ""program_link_count"": 2, ""course_code_count"": 35, ""requirement_signal_count"": 4, ""program_title_present"": true, ""ok_reason"": ""title + requirement content""}",0,53521,5f78abbf7cfbe52a3a75c68ce660c470dc8cc9dc9b547d2675da5b6a6b53dff2,,ok
2026-07-31T00:57:25Z,https://catalogue.usc.edu/preview_program.php?catoid=22&poid=31936&returnto=9396,program_31936,1,httpx,direct_html,200,text/html; charset=UTF-8,0.448,"{""kind"": ""program_page"", ""challenge_detected"": false, ""visible_text_chars"": 3508, ""catalogue_title_found"": true, ""catalogue_year_seen"": ""2026-2027"", ""program_link_count"": 1, ""course_code_count"": 3, ""requirement_signal_count"": 4, ""program_title_present"": true, ""ok_reason"": ""title + requirement content""}",0,38478,9a0f24997f756f8dafc2872688a2e384fdd32bcb861d3c98cd6472bedd07d3ef,,ok
2026-07-31T00:57:27Z,https://catalogue.usc.edu/preview_program.php?catoid=22&poid=32833&returnto=9396,program_32833,1,httpx,direct_html,200,text/html; charset=UTF-8,0.247,"{""kind"": ""program_page"", ""challenge_detected"": false, ""visible_text_chars"": 6527, ""catalogue_title_found"": true, ""catalogue_year_seen"": ""2026-2027"", ""program_link_count"": 2, ""course_code_count"": 28, ""requirement_signal_count"": 4, ""program_title_present"": true, ""ok_reason"": ""title + requirement content""}",0,52041,7e5d1ca89235856dca87da0bdc3beec806d3593f6449f4a5567bfcdaa4137ad6,,ok
2026-07-31T00:57:31Z,https://catalogue.usc.edu/preview_program.php?catoid=22&poid=32803&returnto=9396,program_32803,1,httpx,direct_html,200,text/html; charset=UTF-8,0.578,"{""kind"": ""program_page"", ""challenge_detected"": false, ""visible_text_chars"": 6612, ""catalogue_title_found"": true, ""catalogue_year_seen"": ""2026-2027"", ""program_link_count"": 2, ""course_code_count"": 32, ""requirement_signal_count"": 4, ""program_title_present"": true, ""ok_reason"": ""title + requirement content""}",0,52416,42c41b546a3a3a236bc37678750c0fd166cb3c4e4b02bddf97dd0332c4d95bd1,,ok
2026-07-31T00:57:32Z,https://catalogue.usc.edu/preview_program.php?catoid=22&poid=32802&returnto=9396,program_32802,1,httpx,direct_html,200,text/html; charset=UTF-8,0.238,"{""kind"": ""program_page"", ""challenge_detected"": false, ""visible_text_chars"": 7304, ""catalogue_title_found"": true, ""catalogue_year_seen"": ""2026-2027"", ""program_link_count"": 2, ""course_code_count"": 38, ""requirement_signal_count"": 4, ""program_title_present"": true, ""ok_reason"": ""title + requirement content""}",0,56699,b52dee83b764d0dd4cf33df5ab5b31b42f98dd640c682bfcceffdbac398beafe,,ok
2026-07-31T00:57:35Z,https://catalogue.usc.edu/preview_program.php?catoid=22&poid=32788&returnto=9396,program_32788,1,httpx,direct_html,200,text/html; charset=UTF-8,0.367,"{""kind"": ""program_page"", ""challenge_detected"": false, ""visible_text_chars"": 6478, ""catalogue_title_found"": true, ""catalogue_year_seen"": ""2026-2027"", ""program_link_count"": 1, ""course_code_count"": 49, ""requirement_signal_count"": 5, ""program_title_present"": true, ""ok_reason"": ""title + requirement content""}",0,55548,73002663b16e7ceab546b6c48b0d70db605898234d50a50772e4385c5b05413d,,ok
2026-07-31T00:57:37Z,https://catalogue.usc.edu/preview_program.php?catoid=22&poid=32399&returnto=9396,program_32399,1,httpx,direct_html,200,text/html; charset=UTF-8,0.381,"{""kind"": ""program_page"", ""challenge_detected"": false, ""visible_text_chars"": 7981, ""catalogue_title_found"": true, ""catalogue_year_seen"": ""2026-2027"", ""program_link_count"": 1, ""course_code_count"": 29, ""requirement_signal_count"": 5, ""program_title_present"": true, ""ok_reason"": ""title + requirement content""}",0,56284,3eee19e14ce855d0a5a8054f629ec39914e18241c412c87ec02d7ad27ab6070b,,ok
2026-07-31T00:57:40Z,https://catalogue.usc.edu/preview_program.php?catoid=22&poid=32006&returnto=9396,program_32006,1,httpx,direct_html,200,text/html; charset=UTF-8,0.643,"{""kind"": ""program_page"", ""challenge_detected"": false, ""visible_text_chars"": 8503, ""catalogue_title_found"": true, ""catalogue_year_seen"": ""2026-2027"", ""program_link_count"": 2, ""course_code_count"": 51, ""requirement_signal_count"": 5, ""program_title_present"": true, ""ok_reason"": ""title + requirement content""}",0,64116,ad6e258a1a579b9f2627a5f027504de9968d4f2cd1101275e4e017a7513f864b,,ok
2026-07-31T00:57:42Z,https://catalogue.usc.edu/preview_program.php?catoid=22&poid=31674&returnto=9396,program_31674,1,httpx,direct_html,200,text/html; charset=UTF-8,0.262,"{""kind"": ""program_page"", ""challenge_detected"": false, ""visible_text_chars"": 8657, ""catalogue_title_found"": true, ""catalogue_year_seen"": ""2026-2027"", ""program_link_count"": 2, ""course_code_count"": 43, ""requirement_signal_count"": 5, ""program_title_present"": true, ""ok_reason"": ""title + requirement content""}",0,61826,df298a9d9812167bccca6e70fee7b1075ba8702f33f31cba2c07ea07a06126a7,,ok
2026-07-31T00:57:46Z,https://catalogue.usc.edu/preview_program.php?catoid=22&poid=31779&returnto=9396,program_31779,1,httpx,direct_html,200,text/html; charset=UTF-8,1.182,"{""kind"": ""program_page"", ""challenge_detected"": false, ""visible_text_chars"": 3858, ""catalogue_title_found"": true, ""catalogue_year_seen"": ""2026-2027"", ""program_link_count"": 1, ""course_code_count"": 27, ""requirement_signal_count"": 5, ""program_title_present"": true, ""ok_reason"": ""title + requirement content""}",0,49479,fbd1c4cea4ee92988c88b70f3fda1ee54ffeb92fa7240b8af5469fa7780f6fda,,ok
2026-07-31T00:57:49Z,https://catalogue.usc.edu/preview_program.php?catoid=22&poid=32405&returnto=9396,program_32405,1,httpx,direct_html,200,text/html; charset=UTF-8,2.403,"{""kind"": ""program_page"", ""challenge_detected"": false, ""visible_text_chars"": 4952, ""catalogue_title_found"": true, ""catalogue_year_seen"": ""2026-2027"", ""program_link_count"": 1, ""course_code_count"": 19, ""requirement_signal_count"": 5, ""program_title_present"": true, ""ok_reason"": ""title + requirement content""}",0,47208,c8d4a5a731ba1954a6a7f80db472ba8bd2e00f1928479be23d39f603e7220157,,ok
2026-07-31T00:57:50Z,https://catalogue.usc.edu/preview_program.php?catoid=22&poid=31844&returnto=9396,program_31844,1,httpx,direct_html,200,text/html; charset=UTF-8,0.38,"{""kind"": ""program_page"", ""challenge_detected"": false, ""visible_text_chars"": 6038, ""catalogue_title_found"": true, ""catalogue_year_seen"": ""2026-2027"", ""program_link_count"": 1, ""course_code_count"": 41, ""requirement_signal_count"": 5, ""program_title_present"": true, ""ok_reason"": ""title + requirement content""}",0,54793,ed3b9c4e4b0401d8eb6e5bd7b2230a803c732b40cca36ac97127d91dcfcaff4d,,ok
2026-07-31T00:57:52Z,https://catalogue.usc.edu/preview_program.php?catoid=22&poid=31843&returnto=9396,program_31843,1,httpx,direct_html,200,text/html; charset=UTF-8,0.421,"{""kind"": ""program_page"", ""challenge_detected"": false, ""visible_text_chars"": 4831, ""catalogue_title_found"": true, ""catalogue_year_seen"": ""2026-2027"", ""program_link_count"": 1, ""course_code_count"": 26, ""requirement_signal_count"": 5, ""program_title_present"": true, ""ok_reason"": ""title + requirement content""}",0,47229,84460ed67f0d538b62be59aaa7974222c572947f407b0bc6f74bcd463b9884cc,,ok
2026-07-31T00:57:55Z,https://catalogue.usc.edu/preview_program.php?catoid=22&poid=31858&returnto=9396,program_31858,1,httpx,direct_html,200,text/html; charset=UTF-8,0.414,"{""kind"": ""program_page"", ""challenge_detected"": false, ""visible_text_chars"": 4134, ""catalogue_title_found"": true, ""catalogue_year_seen"": ""2026-2027"", ""program_link_count"": 1, ""course_code_count"": 14, ""requirement_signal_count"": 5, ""program_title_present"": true, ""ok_reason"": ""title + requirement content""}",0,44208,a783f471b5b87bd95ea1d4fdff557e9659bdfc0bdabd9ad8ed37eebfaa3cf58d,,ok
2026-07-31T00:57:57Z,https://catalogue.usc.edu/preview_program.php?catoid=22&poid=32414&returnto=9396,program_32414,1,httpx,direct_html,200,text/html; charset=UTF-8,0.248,"{""kind"": ""program_page"", ""challenge_detected"": false, ""visible_text_chars"": 4935, ""catalogue_title_found"": true, ""catalogue_year_seen"": ""2026-2027"", ""program_link_count"": 1, ""course_code_count"": 24, ""requirement_signal_count"": 5, ""program_title_present"": true, ""ok_reason"": ""title + requirement content""}",0,45919,d8a74af7aa193d603052cc6c7ba0f1256d5c7cdcd73c2c5e72b0a22ccbb85bf0,,ok
2026-07-31T00:57:58Z,https://catalogue.usc.edu/preview_program.php?catoid=22&poid=31582&returnto=9396,program_31582,1,httpx,direct_html,200,text/html; charset=UTF-8,0.284,"{""kind"": ""program_page"", ""challenge_detected"": false, ""visible_text_chars"": 3999, ""catalogue_title_found"": true, ""catalogue_year_seen"": ""2026-2027"", ""program_link_count"": 1, ""course_code_count"": 13, ""requirement_signal_count"": 3, ""program_title_present"": true, ""ok_reason"": ""title + requirement content""}",0,42117,ceb01d06e77079d666d59925860eed3b746793f7d0108660a772ce71fe7fe322,,ok
2026-07-31T00:58:01Z,https://catalogue.usc.edu/preview_program.php?catoid=22&poid=31654&returnto=9396,program_31654,1,httpx,direct_html,200,text/html; charset=UTF-8,0.626,"{""kind"": ""program_page"", ""challenge_detected"": false, ""visible_text_chars"": 4934, ""catalogue_title_found"": true, ""catalogue_year_seen"": ""2026-2027"", ""program_link_count"": 1, ""course_code_count"": 14, ""requirement_signal_count"": 5, ""program_title_present"": true, ""ok_reason"": ""title + requirement content""}",0,46049,9ce27ae6721b93bd4b095ad3483904611e7ff4208cb40a68567651c91c3536f8,,ok
2026-07-31T00:58:03Z,https://catalogue.usc.edu/preview_program.php?catoid=22&poid=32658&returnto=9396,program_32658,1,httpx,challenge_page,202,text/html; charset=UTF-8,0.09,"{""kind"": ""program_page"", ""challenge_detected"": true, ""challenge_evidence"": [""script marker 'awswaf'"", ""script marker 'token.awswaf'""]}",1,2011,4bf9a4fb487c5ca8b1337fe83f7102bf12842de8c794c408ad10920ad93a0ba9,,challenge_page
2026-07-31T00:59:09Z,https://catalogue.usc.edu/preview_program.php?catoid=22&poid=32658&returnto=9396,program_32658,3,playwright,browser_rendered_dom,202,text/html; charset=UTF-8,64.053,"{""kind"": ""program_page"", ""challenge_detected"": false, ""visible_text_chars"": 10771, ""catalogue_title_found"": true, ""catalogue_year_seen"": ""2026-2027"", ""program_link_count"": 1, ""course_code_count"": 22, ""requirement_signal_count"": 4, ""program_title_present"": true, ""ok_reason"": ""title + requirement content"", ""expand_clicks"": 15}",0,172309,0be3975eaafee91d62261998f67bb5a828eb5e2f4ad3d64d72785629c75d0c04,d0f18f74584cbbcf49473dd80fed950de397e97a3fb7898dfc2610bee13c8b99,ok
2026-07-31T00:59:10Z,https://catalogue.usc.edu/preview_program.php?catoid=22&poid=31968&returnto=9396,program_31968,1,httpx,direct_html,200,text/html; charset=UTF-8,0.922,"{""kind"": ""program_page"", ""challenge_detected"": false, ""visible_text_chars"": 4201, ""catalogue_title_found"": true, ""catalogue_year_seen"": ""2026-2027"", ""program_link_count"": 1, ""course_code_count"": 9, ""requirement_signal_count"": 3, ""program_title_present"": true, ""ok_reason"": ""title + requirement content""}",0,40410,1b693c3b310329266133685cca6afc9956d011212ee4c651db7e7b04fb7bef3a,,ok
2026-07-31T00:59:12Z,https://catalogue.usc.edu/preview_program.php?catoid=22&poid=31696&returnto=9396,program_31696,1,httpx,direct_html,200,text/html; charset=UTF-8,0.265,"{""kind"": ""program_page"", ""challenge_detected"": false, ""visible_text_chars"": 5539, ""catalogue_title_found"": true, ""catalogue_year_seen"": ""2026-2027"", ""program_link_count"": 1, ""course_code_count"": 16, ""requirement_signal_count"": 4, ""program_title_present"": true, ""ok_reason"": ""title + requirement content""}",0,49181,a8b43aff273ad05e509b572aef153c7356ecc90f73bea9c905d1bb0cba4b8348,,ok
2026-07-31T00:59:15Z,https://catalogue.usc.edu/preview_program.php?catoid=22&poid=31695&returnto=9396,program_31695,1,httpx,direct_html,200,text/html; charset=UTF-8,1.082,"{""kind"": ""program_page"", ""challenge_detected"": false, ""visible_text_chars"": 3605, ""catalogue_title_found"": true, ""catalogue_year_seen"": ""2026-2027"", ""program_link_count"": 1, ""course_code_count"": 1, ""requirement_signal_count"": 5, ""program_title_present"": true, ""ok_reason"": ""title + requirement content""}",0,37622,223d514929275138f200941275cf7c7984b36edd2dd8ddacba0ee0cbffd951b4,,ok
2026-07-31T00:59:18Z,https://catalogue.usc.edu/preview_program.php?catoid=22&poid=32945&returnto=9396,program_32945,1,httpx,direct_html,200,text/html; charset=UTF-8,1.464,"{""kind"": ""program_page"", ""challenge_detected"": false, ""visible_text_chars"": 4986, ""catalogue_title_found"": true, ""catalogue_year_seen"": ""2026-2027"", ""program_link_count"": 1, ""course_code_count"": 13, ""requirement_signal_count"": 4, ""program_title_present"": true, ""ok_reason"": ""title + requirement content""}",0,42824,baf192f593c0c4a7989ad98483e2d14dbde9a2f72f63ede5fe84acfcd2f39cef,,ok
2026-07-31T00:59:20Z,https://catalogue.usc.edu/preview_program.php?catoid=22&poid=32397&returnto=9396,program_32397,1,httpx,direct_html,200,text/html; charset=UTF-8,0.625,"{""kind"": ""program_page"", ""challenge_detected"": false, ""visible_text_chars"": 4184, ""catalogue_title_found"": true, ""catalogue_year_seen"": ""2026-2027"", ""program_link_count"": 1, ""course_code_count"": 15, ""requirement_signal_count"": 4, ""program_title_present"": true, ""ok_reason"": ""title + requirement content""}",0,42833,bba9586d2f7e486042247fad089ec46f07511737a77d3d7c8eff86528eb17920,,ok
2026-07-31T00:59:22Z,https://catalogue.usc.edu/preview_program.php?catoid=22&poid=32413&returnto=9396,program_32413,1,httpx,direct_html,200,text/html; charset=UTF-8,0.408,"{""kind"": ""program_page"", ""challenge_detected"": false, ""visible_text_chars"": 4448, ""catalogue_title_found"": true, ""catalogue_year_seen"": ""2026-2027"", ""program_link_count"": 1, ""course_code_count"": 17, ""requirement_signal_count"": 3, ""program_title_present"": true, ""ok_reason"": ""title + requirement content""}",0,44513,330ebc56a21bd3efb0c7a6a19157da089eec89c30584a2b4dfb414ef754b419e,,ok
2026-07-31T00:59:24Z,https://catalogue.usc.edu/preview_program.php?catoid=22&poid=32877&returnto=9396,program_32877,1,httpx,direct_html,200,text/html; charset=UTF-8,0.281,"{""kind"": ""program_page"", ""challenge_detected"": false, ""visible_text_chars"": 4628, ""catalogue_title_found"": true, ""catalogue_year_seen"": ""2026-2027"", ""program_link_count"": 1, ""course_code_count"": 1, ""requirement_signal_count"": 5, ""program_title_present"": true, ""ok_reason"": ""title + requirement content""}",0,39724,69b6bca6936133f835649a109d65e3da96e78c564c0436b6346f1b4f43593f0c,,ok
2026-07-31T00:59:26Z,https://catalogue.usc.edu/preview_program.php?catoid=22&poid=32492&returnto=9396,program_32492,1,httpx,direct_html,200,text/html; charset=UTF-8,0.332,"{""kind"": ""program_page"", ""challenge_detected"": false, ""visible_text_chars"": 3536, ""catalogue_title_found"": true, ""catalogue_year_seen"": ""2026-2027"", ""program_link_count"": 1, ""course_code_count"": 4, ""requirement_signal_count"": 3, ""program_title_present"": true, ""ok_reason"": ""title + requirement content""}",0,38370,9da566be4bcaffeddcb76cd464182972db9e9cbc96ef204e2efdeb4f102f0e6c,,ok
2026-07-31T00:59:27Z,https://catalogue.usc.edu/preview_program.php?catoid=22&poid=31558&returnto=9396,program_31558,1,httpx,direct_html,200,text/html; charset=UTF-8,0.27,"{""kind"": ""program_page"", ""challenge_detected"": false, ""visible_text_chars"": 3718, ""catalogue_title_found"": true, ""catalogue_year_seen"": ""2026-2027"", ""program_link_count"": 1, ""course_code_count"": 1, ""requirement_signal_count"": 5, ""program_title_present"": true, ""ok_reason"": ""title + requirement content""}",0,37909,a0178cad66bc67d237d271eadd30d6a7117e98f6053b1fc46962c2fd244f934b,,ok
2026-07-31T00:59:30Z,https://catalogue.usc.edu/preview_program.php?catoid=22&poid=31711&returnto=9396,program_31711,1,httpx,direct_html,200,text/html; charset=UTF-8,0.38,"{""kind"": ""program_page"", ""challenge_detected"": false, ""visible_text_chars"": 4088, ""catalogue_title_found"": true, ""catalogue_year_seen"": ""2026-2027"", ""program_link_count"": 1, ""course_code_count"": 3, ""requirement_signal_count"": 4, ""program_title_present"": true, ""ok_reason"": ""title + requirement content""}",0,41479,4bfb9dd443e25e3bbb976386caec863e7a87813ed1dd4b7dc5cef5c5549deb24,,ok
2026-07-31T00:59:31Z,https://catalogue.usc.edu/preview_program.php?catoid=22&poid=32792&returnto=9396,program_32792,1,httpx,direct_html,200,text/html; charset=UTF-8,0.458,"{""kind"": ""program_page"", ""challenge_detected"": false, ""visible_text_chars"": 4377, ""catalogue_title_found"": true, ""catalogue_year_seen"": ""2026-2027"", ""program_link_count"": 1, ""course_code_count"": 10, ""requirement_signal_count"": 4, ""program_title_present"": true, ""ok_reason"": ""title + requirement content""}",0,41267,07f744ef36dc5b2bb0e4bc9adbe7a0266843d268b9c21a74999b31953fc4e547,,ok
2026-07-31T00:59:33Z,https://catalogue.usc.edu/preview_program.php?catoid=22&poid=32947&returnto=9396,program_32947,1,httpx,direct_html,200,text/html; charset=UTF-8,0.24,"{""kind"": ""program_page"", ""challenge_detected"": false, ""visible_text_chars"": 5773, ""catalogue_title_found"": true, ""catalogue_year_seen"": ""2026-2027"", ""program_link_count"": 1, ""course_code_count"": 36, ""requirement_signal_count"": 5, ""program_title_present"": true, ""ok_reason"": ""title + requirement content""}",0,55044,5a63db8df3fee1d20476631c0b2a0a9a52fbc20643a0d253b35ae7319ef84389,,ok
2026-07-31T00:59:35Z,https://catalogue.usc.edu/preview_program.php?catoid=22&poid=32046&returnto=9396,program_32046,1,httpx,direct_html,200,text/html; charset=UTF-8,0.391,"{""kind"": ""program_page"", ""challenge_detected"": false, ""visible_text_chars"": 4757, ""catalogue_title_found"": true, ""catalogue_year_seen"": ""2026-2027"", ""program_link_count"": 1, ""course_code_count"": 7, ""requirement_signal_count"": 4, ""program_title_present"": true, ""ok_reason"": ""title + requirement content""}",0,42352,08a11de405412d698417a159dbaaf67312d89cc191d0822e8e120f74cb106bfc,,ok
2026-07-31T00:59:39Z,https://catalogue.usc.edu/preview_program.php?catoid=22&poid=31893&returnto=9396,program_31893,1,httpx,direct_html,200,text/html; charset=UTF-8,0.746,"{""kind"": ""program_page"", ""challenge_detected"": false, ""visible_text_chars"": 3387, ""catalogue_title_found"": true, ""catalogue_year_seen"": ""2026-2027"", ""program_link_count"": 1, ""course_code_count"": 6, ""requirement_signal_count"": 3, ""program_title_present"": true, ""ok_reason"": ""title + requirement content""}",0,39728,16308e7721510714547f70ad0862d372fad8fc7e98e02fdcfb3c5aa724a39199,,ok
2026-07-31T00:59:41Z,https://catalogue.usc.edu/preview_program.php?catoid=22&poid=32415&returnto=9396,program_32415,1,httpx,direct_html,200,text/html; charset=UTF-8,0.33,"{""kind"": ""program_page"", ""challenge_detected"": false, ""visible_text_chars"": 3696, ""catalogue_title_found"": true, ""catalogue_year_seen"": ""2026-2027"", ""program_link_count"": 1, ""course_code_count"": 6, ""requirement_signal_count"": 3, ""program_title_present"": true, ""ok_reason"": ""title + requirement content""}",0,39750,32a01458bdcf952aeb46ee6597cf10db4f4a3187580f1e64296ecd211d91fb9b,,ok
2026-07-31T00:59:44Z,https://catalogue.usc.edu/preview_program.php?catoid=22&poid=32747&returnto=9396,program_32747,1,httpx,direct_html,200,text/html; charset=UTF-8,0.927,"{""kind"": ""program_page"", ""challenge_detected"": false, ""visible_text_chars"": 5323, ""catalogue_title_found"": true, ""catalogue_year_seen"": ""2026-2027"", ""program_link_count"": 1, ""course_code_count"": 17, ""requirement_signal_count"": 5, ""program_title_present"": true, ""ok_reason"": ""title + requirement content""}",0,48682,88a4cb550cbf306eb65e158090de4062e96d98e66735fa42c23b261d472b209b,,ok
2026-07-31T00:59:47Z,https://catalogue.usc.edu/preview_program.php?catoid=22&poid=32665&returnto=9396,program_32665,1,httpx,direct_html,200,text/html; charset=UTF-8,0.899,"{""kind"": ""program_page"", ""challenge_detected"": false, ""visible_text_chars"": 4026, ""catalogue_title_found"": true, ""catalogue_year_seen"": ""2026-2027"", ""program_link_count"": 1, ""course_code_count"": 7, ""requirement_signal_count"": 3, ""program_title_present"": true, ""ok_reason"": ""title + requirement content""}",0,41683,816a543af68b921178c550aadaae8ac49a382d7ffaf81d93ef86d97fc92b6650,,ok
2026-07-31T00:59:49Z,https://catalogue.usc.edu/preview_program.php?catoid=22&poid=32708&returnto=9396,program_32708,1,httpx,direct_html,200,text/html; charset=UTF-8,0.375,"{""kind"": ""program_page"", ""challenge_detected"": false, ""visible_text_chars"": 5152, ""catalogue_title_found"": true, ""catalogue_year_seen"": ""2026-2027"", ""program_link_count"": 1, ""course_code_count"": 18, ""requirement_signal_count"": 5, ""program_title_present"": true, ""ok_reason"": ""title + requirement content""}",0,45063,ea0e0d3e6785437b546dbd5922887da6880a9cf6d6e25283a53d91f14a8fcd97,,ok
2026-07-31T00:59:51Z,https://catalogue.usc.edu/preview_program.php?catoid=22&poid=32932&returnto=9396,program_32932,1,httpx,direct_html,200,text/html; charset=UTF-8,0.241,"{""kind"": ""program_page"", ""challenge_detected"": false, ""visible_text_chars"": 4585, ""catalogue_title_found"": true, ""catalogue_year_seen"": ""2026-2027"", ""program_link_count"": 1, ""course_code_count"": 17, ""requirement_signal_count"": 5, ""program_title_present"": true, ""ok_reason"": ""title + requirement content""}",0,43418,02867cff5da7b42bd8cae1c0fae25091b9a00c0424b854bc35c1da9b04acd6b7,,ok
2026-07-31T00:59:53Z,https://catalogue.usc.edu/preview_program.php?catoid=22&poid=32585&returnto=9396,program_32585,1,httpx,direct_html,200,text/html; charset=UTF-8,0.359,"{""kind"": ""program_page"", ""challenge_detected"": false, ""visible_text_chars"": 3625, ""catalogue_title_found"": true, ""catalogue_year_seen"": ""2026-2027"", ""program_link_count"": 1, ""course_code_count"": 8, ""requirement_signal_count"": 3, ""program_title_present"": true, ""ok_reason"": ""title + requirement content""}",0,39768,900df1f6ee12c7905be3f55acbde306598cdae1f8e6f48708c023be76cbba946,,ok
2026-07-31T00:59:56Z,https://catalogue.usc.edu/preview_program.php?catoid=22&poid=31598&returnto=9396,program_31598,1,httpx,direct_html,200,text/html; charset=UTF-8,0.349,"{""kind"": ""program_page"", ""challenge_detected"": false, ""visible_text_chars"": 4455, ""catalogue_title_found"": true, ""catalogue_year_seen"": ""2026-2027"", ""program_link_count"": 1, ""course_code_count"": 7, ""requirement_signal_count"": 4, ""program_title_present"": true, ""ok_reason"": ""title + requirement content""}",0,41167,e15ff566020a8491729b42027f3a804e23246c4f599394fa868837a3805461ea,,ok
2026-07-31T00:59:59Z,https://catalogue.usc.edu/preview_program.php?catoid=22&poid=31599&returnto=9396,program_31599,1,httpx,direct_html,200,text/html; charset=UTF-8,0.313,"{""kind"": ""program_page"", ""challenge_detected"": false, ""visible_text_chars"": 5608, ""catalogue_title_found"": true, ""catalogue_year_seen"": ""2026-2027"", ""program_link_count"": 1, ""course_code_count"": 24, ""requirement_signal_count"": 5, ""program_title_present"": true, ""ok_reason"": ""title + requirement content""}",0,49712,e4086015fc59917d7d3008097d8c6d5e7d5a05a65563e1e29c1379049e3f4b8d,,ok
2026-07-31T01:00:02Z,https://catalogue.usc.edu/preview_program.php?catoid=22&poid=31600&returnto=9396,program_31600,1,httpx,direct_html,200,text/html; charset=UTF-8,1.25,"{""kind"": ""program_page"", ""challenge_detected"": false, ""visible_text_chars"": 4077, ""catalogue_title_found"": true, ""catalogue_year_seen"": ""2026-2027"", ""program_link_count"": 1, ""course_code_count"": 6, ""requirement_signal_count"": 3, ""program_title_present"": true, ""ok_reason"": ""title + requirement content""}",0,39365,5e87d7a698f863cfcfeb4c7aeae84d4a59cbca7c3d1348d5d3aa980155709a71,,ok
2026-07-31T01:00:04Z,https://catalogue.usc.edu/preview_program.php?catoid=22&poid=31597&returnto=9396,program_31597,1,httpx,direct_html,200,text/html; charset=UTF-8,0.422,"{""kind"": ""program_page"", ""challenge_detected"": false, ""visible_text_chars"": 4730, ""catalogue_title_found"": true, ""catalogue_year_seen"": ""2026-2027"", ""program_link_count"": 1, ""course_code_count"": 15, ""requirement_signal_count"": 5, ""program_title_present"": true, ""ok_reason"": ""title + requirement content""}",0,46537,306a42d3d17d564daafe365fe743b12254ea19461a2f2addbdff9a2938d56550,,ok
2026-07-31T01:00:06Z,https://catalogue.usc.edu/preview_program.php?catoid=22&poid=31601&returnto=9396,program_31601,1,httpx,direct_html,200,text/html; charset=UTF-8,0.597,"{""kind"": ""program_page"", ""challenge_detected"": false, ""visible_text_chars"": 3605, ""catalogue_title_found"": true, ""catalogue_year_seen"": ""2026-2027"", ""program_link_count"": 1, ""course_code_count"": 10, ""requirement_signal_count"": 4, ""program_title_present"": true, ""ok_reason"": ""title + requirement content""}",0,40128,07ecc95a9a74330778b32ec221a243c499fc6a95dbccaef296ae29e40d01c9d7,,ok
2026-07-31T01:00:09Z,https://catalogue.usc.edu/preview_program.php?catoid=22&poid=31573&returnto=9396,program_31573,1,httpx,direct_html,200,text/html; charset=UTF-8,0.494,"{""kind"": ""program_page"", ""challenge_detected"": false, ""visible_text_chars"": 4092, ""catalogue_title_found"": true, ""catalogue_year_seen"": ""2026-2027"", ""program_link_count"": 1, ""course_code_count"": 9, ""requirement_signal_count"": 3, ""program_title_present"": true, ""ok_reason"": ""title + requirement content""}",0,40031,fbfd89e2270221bf8742415b28d2773313701a063e26b55cc5cbc3efac1c3606,,ok
2026-07-31T01:00:11Z,https://catalogue.usc.edu/preview_program.php?catoid=22&poid=31740&returnto=9396,program_31740,1,httpx,direct_html,200,text/html; charset=UTF-8,0.419,"{""kind"": ""program_page"", ""challenge_detected"": false, ""visible_text_chars"": 3704, ""catalogue_title_found"": true, ""catalogue_year_seen"": ""2026-2027"", ""program_link_count"": 1, ""course_code_count"": 6, ""requirement_signal_count"": 4, ""program_title_present"": true, ""ok_reason"": ""title + requirement content""}",0,41867,ea69ce175a358895357e23973227869b49e97c1b7e3a3900ac31029659441d80,,ok
2026-07-31T01:00:14Z,https://catalogue.usc.edu/preview_program.php?catoid=22&poid=32382&returnto=9396,program_32382,1,httpx,direct_html,200,text/html; charset=UTF-8,0.264,"{""kind"": ""program_page"", ""challenge_detected"": false, ""visible_text_chars"": 4308, ""catalogue_title_found"": true, ""catalogue_year_seen"": ""2026-2027"", ""program_link_count"": 1, ""course_code_count"": 16, ""requirement_signal_count"": 3, ""program_title_present"": true, ""ok_reason"": ""title + requirement content""}",0,43716,3d00350807acb29a4bc3335633e293d3f8557fdb32e60bc1a3cbf726f14d1b16,,ok
2026-07-31T01:00:16Z,https://catalogue.usc.edu/preview_program.php?catoid=22&poid=32610&returnto=9396,program_32610,1,httpx,direct_html,200,text/html; charset=UTF-8,0.294,"{""kind"": ""program_page"", ""challenge_detected"": false, ""visible_text_chars"": 6382, ""catalogue_title_found"": true, ""catalogue_year_seen"": ""2026-2027"", ""program_link_count"": 1, ""course_code_count"": 31, ""requirement_signal_count"": 3, ""program_title_present"": true, ""ok_reason"": ""title + requirement content""}",0,56251,bf7f9256b83c2cab0b5d2871c7700fa5a66f750bfcc3ad9ee8eacf7773061cde,,ok
2026-07-31T01:00:18Z,https://catalogue.usc.edu/preview_program.php?catoid=22&poid=32211&returnto=9396,program_32211,1,httpx,direct_html,200,text/html; charset=UTF-8,0.391,"{""kind"": ""program_page"", ""challenge_detected"": false, ""visible_text_chars"": 4264, ""catalogue_title_found"": true, ""catalogue_year_seen"": ""2026-2027"", ""program_link_count"": 1, ""course_code_count"": 13, ""requirement_signal_count"": 4, ""program_title_present"": true, ""ok_reason"": ""title + requirement content""}",0,42682,17f9a5a9da639adf7949c7fc6dbe7958c6b050ab70d82c0f204cce75250aafc4,,ok
2026-07-31T01:00:20Z,https://catalogue.usc.edu/preview_program.php?catoid=22&poid=31678&returnto=9396,program_31678,1,httpx,direct_html,200,text/html; charset=UTF-8,0.303,"{""kind"": ""program_page"", ""challenge_detected"": false, ""visible_text_chars"": 5597, ""catalogue_title_found"": true, ""catalogue_year_seen"": ""2026-2027"", ""program_link_count"": 1, ""course_code_count"": 34, ""requirement_signal_count"": 5, ""program_title_present"": true, ""ok_reason"": ""title + requirement content""}",0,49577,d6efed7f0d63270b32fdf4e4305bd86f487e651321b3b0e410ab27f458fec858,,ok
2026-07-31T01:00:23Z,https://catalogue.usc.edu/preview_program.php?catoid=22&poid=32474&returnto=9396,program_32474,1,httpx,direct_html,200,text/html; charset=UTF-8,0.466,"{""kind"": ""program_page"", ""challenge_detected"": false, ""visible_text_chars"": 2913, ""catalogue_title_found"": true, ""catalogue_year_seen"": ""2026-2027"", ""program_link_count"": 1, ""course_code_count"": 1, ""requirement_signal_count"": 3, ""program_title_present"": true, ""ok_reason"": ""title + requirement content""}",0,36424,490509462487da92d3c40fb995b945043beea2e6563f204fbf26bab3796522e4,,ok
2026-07-31T01:00:25Z,https://catalogue.usc.edu/preview_program.php?catoid=22&poid=32430&returnto=9396,program_32430,1,httpx,direct_html,200,text/html; charset=UTF-8,0.378,"{""kind"": ""program_page"", ""challenge_detected"": false, ""visible_text_chars"": 8624, ""catalogue_title_found"": true, ""catalogue_year_seen"": ""2026-2027"", ""program_link_count"": 1, ""course_code_count"": 58, ""requirement_signal_count"": 3, ""program_title_present"": true, ""ok_reason"": ""title + requirement content""}",0,66562,8a12fa7cecadb0697b099f4074b5ff100b4f33a1afcc84edd15bdccbbe3daccb,,ok
2026-07-31T01:00:27Z,https://catalogue.usc.edu/preview_program.php?catoid=22&poid=31745&returnto=9396,program_31745,1,httpx,direct_html,200,text/html; charset=UTF-8,0.416,"{""kind"": ""program_page"", ""challenge_detected"": false, ""visible_text_chars"": 3540, ""catalogue_title_found"": true, ""catalogue_year_seen"": ""2026-2027"", ""program_link_count"": 1, ""course_code_count"": 2, ""requirement_signal_count"": 4, ""program_title_present"": true, ""ok_reason"": ""title + requirement content""}",0,39746,80ffbda734618c907148ea657d291bb7f86c0f179db7a47fbc9503d5eeae5b70,,ok
2026-07-31T01:00:30Z,https://catalogue.usc.edu/preview_program.php?catoid=22&poid=32909&returnto=9396,program_32909,1,httpx,direct_html,200,text/html; charset=UTF-8,0.365,"{""kind"": ""program_page"", ""challenge_detected"": false, ""visible_text_chars"": 6334, ""catalogue_title_found"": true, ""catalogue_year_seen"": ""2026-2027"", ""program_link_count"": 1, ""course_code_count"": 36, ""requirement_signal_count"": 4, ""program_title_present"": true, ""ok_reason"": ""title + requirement content""}",0,59243,ca8a81bcd9910d125ca520bfe7094346eed1339409a6278a983fcee199826bc1,,ok
2026-07-31T01:00:32Z,https://catalogue.usc.edu/preview_program.php?catoid=22&poid=32008&returnto=9396,program_32008,1,httpx,direct_html,200,text/html; charset=UTF-8,0.389,"{""kind"": ""program_page"", ""challenge_detected"": false, ""visible_text_chars"": 4346, ""catalogue_title_found"": true, ""catalogue_year_seen"": ""2026-2027"", ""program_link_count"": 1, ""course_code_count"": 23, ""requirement_signal_count"": 3, ""program_title_present"": true, ""ok_reason"": ""title + requirement content""}",0,44477,2a38f630bb0d4c657b83cf9fad8a06264791ab846260dcb85c6e1f177e808153,,ok
2026-07-31T01:00:35Z,https://catalogue.usc.edu/preview_program.php?catoid=22&poid=32953&returnto=9396,program_32953,1,httpx,direct_html,200,text/html; charset=UTF-8,0.375,"{""kind"": ""program_page"", ""challenge_detected"": false, ""visible_text_chars"": 4780, ""catalogue_title_found"": true, ""catalogue_year_seen"": ""2026-2027"", ""program_link_count"": 1, ""course_code_count"": 12, ""requirement_signal_count"": 5, ""program_title_present"": true, ""ok_reason"": ""title + requirement content""}",0,41916,13e76e1e94a4cd78d6304aec11f6820d3fe69a487fabce505362180e8740c4ec,,ok
2026-07-31T01:00:37Z,https://catalogue.usc.edu/preview_program.php?catoid=22&poid=31574&returnto=9396,program_31574,1,httpx,direct_html,200,text/html; charset=UTF-8,0.386,"{""kind"": ""program_page"", ""challenge_detected"": false, ""visible_text_chars"": 4755, ""catalogue_title_found"": true, ""catalogue_year_seen"": ""2026-2027"", ""program_link_count"": 1, ""course_code_count"": 28, ""requirement_signal_count"": 3, ""program_title_present"": true, ""ok_reason"": ""title + requirement content""}",0,47574,82d18e165752a16fb579821b3d5b892b8e6207443de6bf41705184dd4f401d0f,,ok
2026-07-31T01:00:39Z,https://catalogue.usc.edu/preview_program.php?catoid=22&poid=32416&returnto=9396,program_32416,1,httpx,direct_html,200,text/html; charset=UTF-8,0.382,"{""kind"": ""program_page"", ""challenge_detected"": false, ""visible_text_chars"": 4728, ""catalogue_title_found"": true, ""catalogue_year_seen"": ""2026-2027"", ""program_link_count"": 1, ""course_code_count"": 11, ""requirement_signal_count"": 4, ""program_title_present"": true, ""ok_reason"": ""title + requirement content""}",0,41256,de72c1e1c766c93cb38df1fdf8a5852ab4a275a9e0ceb88ac8577d9238e73279,,ok
2026-07-31T01:00:41Z,https://catalogue.usc.edu/preview_program.php?catoid=22&poid=31949&returnto=9396,program_31949,1,httpx,direct_html,200,text/html; charset=UTF-8,0.352,"{""kind"": ""program_page"", ""challenge_detected"": false, ""visible_text_chars"": 4979, ""catalogue_title_found"": true, ""catalogue_year_seen"": ""2026-2027"", ""program_link_count"": 1, ""course_code_count"": 15, ""requirement_signal_count"": 4, ""program_title_present"": true, ""ok_reason"": ""title + requirement content""}",0,43144,74eeb16654456e0ac5fd9575a7a9055b4cc7312e72a6bbf2dbe8ff77ab66edf2,,ok
2026-07-31T01:00:42Z,https://catalogue.usc.edu/preview_program.php?catoid=22&poid=31749&returnto=9396,program_31749,1,httpx,direct_html,200,text/html; charset=UTF-8,0.381,"{""kind"": ""program_page"", ""challenge_detected"": false, ""visible_text_chars"": 3587, ""catalogue_title_found"": true, ""catalogue_year_seen"": ""2026-2027"", ""program_link_count"": 1, ""course_code_count"": 4, ""requirement_signal_count"": 3, ""program_title_present"": true, ""ok_reason"": ""title + requirement content""}",0,38891,57b9aaf4ebd137a1894050cb6f88110aac74fc65dd9a3779123cf5af4d46e16a,,ok
2026-07-31T01:00:44Z,https://catalogue.usc.edu/preview_program.php?catoid=22&poid=31723&returnto=9396,program_31723,1,httpx,direct_html,200,text/html; charset=UTF-8,0.409,"{""kind"": ""program_page"", ""challenge_detected"": false, ""visible_text_chars"": 5792, ""catalogue_title_found"": true, ""catalogue_year_seen"": ""2026-2027"", ""program_link_count"": 1, ""course_code_count"": 31, ""requirement_signal_count"": 5, ""program_title_present"": true, ""ok_reason"": ""title + requirement content""}",0,50017,f715c7abca2fdf7d5cdeb58c34ed8a8514ffc728618f4651e42ffdde499a1b33,,ok
2026-07-31T01:00:46Z,https://catalogue.usc.edu/preview_program.php?catoid=22&poid=32127&returnto=9396,program_32127,1,httpx,direct_html,200,text/html; charset=UTF-8,0.437,"{""kind"": ""program_page"", ""challenge_detected"": false, ""visible_text_chars"": 4614, ""catalogue_title_found"": true, ""catalogue_year_seen"": ""2026-2027"", ""program_link_count"": 1, ""course_code_count"": 25, ""requirement_signal_count"": 4, ""program_title_present"": true, ""ok_reason"": ""title + requirement content""}",0,45661,fc2f70942138f4db01a2bcc62d58f08699a8c63c30f09386100d4d4f1afcc442,,ok
2026-07-31T01:00:49Z,https://catalogue.usc.edu/preview_program.php?catoid=22&poid=32531&returnto=9396,program_32531,1,httpx,direct_html,200,text/html; charset=UTF-8,0.268,"{""kind"": ""program_page"", ""challenge_detected"": false, ""visible_text_chars"": 5201, ""catalogue_title_found"": true, ""catalogue_year_seen"": ""2026-2027"", ""program_link_count"": 1, ""course_code_count"": 36, ""requirement_signal_count"": 4, ""program_title_present"": true, ""ok_reason"": ""title + requirement content""}",0,52411,8b4856c58be948bf696265bad96a6ff86b5b0151f2769d3b205de22fbfb2eed1,,ok
2026-07-31T01:00:51Z,https://catalogue.usc.edu/preview_program.php?catoid=22&poid=32533&returnto=9396,program_32533,1,httpx,direct_html,200,text/html; charset=UTF-8,0.247,"{""kind"": ""program_page"", ""challenge_detected"": false, ""visible_text_chars"": 5552, ""catalogue_title_found"": true, ""catalogue_year_seen"": ""2026-2027"", ""program_link_count"": 1, ""course_code_count"": 28, ""requirement_signal_count"": 4, ""program_title_present"": true, ""ok_reason"": ""title + requirement content""}",0,50025,687ac301f063dab838245a163de65ef1dadbe9e8a1138354d51b2b131560312e,,ok
2026-07-31T01:00:54Z,https://catalogue.usc.edu/preview_program.php?catoid=22&poid=32075&returnto=9396,program_32075,1,httpx,direct_html,200,text/html; charset=UTF-8,0.427,"{""kind"": ""program_page"", ""challenge_detected"": false, ""visible_text_chars"": 5244, ""catalogue_title_found"": true, ""catalogue_year_seen"": ""2026-2027"", ""program_link_count"": 1, ""course_code_count"": 10, ""requirement_signal_count"": 4, ""program_title_present"": true, ""ok_reason"": ""title + requirement content""}",0,42479,edbbe6df596b9b08e5222c5d9bf0fa5786aaaea6357a8ac8681e067cef483101,,ok
2026-07-31T01:00:56Z,https://catalogue.usc.edu/preview_program.php?catoid=22&poid=31912&returnto=9396,program_31912,1,httpx,direct_html,200,text/html; charset=UTF-8,0.267,"{""kind"": ""program_page"", ""challenge_detected"": false, ""visible_text_chars"": 3129, ""catalogue_title_found"": true, ""catalogue_year_seen"": ""2026-2027"", ""program_link_count"": 1, ""course_code_count"": 0, ""requirement_signal_count"": 3, ""program_title_present"": true, ""ok_reason"": ""title + requirement content""}",0,36302,a98635237d46a430da1db9f4f3b35e6b8a1793559db012daa156a3d17789bfcb,,ok
2026-07-31T01:00:59Z,https://catalogue.usc.edu/preview_program.php?catoid=22&poid=31602&returnto=9396,program_31602,1,httpx,direct_html,200,text/html; charset=UTF-8,0.434,"{""kind"": ""program_page"", ""challenge_detected"": false, ""visible_text_chars"": 7524, ""catalogue_title_found"": true, ""catalogue_year_seen"": ""2026-2027"", ""program_link_count"": 1, ""course_code_count"": 36, ""requirement_signal_count"": 5, ""program_title_present"": true, ""ok_reason"": ""title + requirement content""}",0,57889,916787463809fecbc4b2ba181a24975485bc26a43d81c766a429dd7e7defe63c,,ok
2026-07-31T01:01:02Z,https://catalogue.usc.edu/preview_program.php?catoid=22&poid=32529&returnto=9396,program_32529,1,httpx,direct_html,200,text/html; charset=UTF-8,0.881,"{""kind"": ""program_page"", ""challenge_detected"": false, ""visible_text_chars"": 4803, ""catalogue_title_found"": true, ""catalogue_year_seen"": ""2026-2027"", ""program_link_count"": 1, ""course_code_count"": 12, ""requirement_signal_count"": 4, ""program_title_present"": true, ""ok_reason"": ""title + requirement content""}",0,45315,bae134b27cccdc7db596bb7aac5c320958ad4debda81a2818c0aa30e54672c39,,ok
2026-07-31T01:01:03Z,https://catalogue.usc.edu/preview_program.php?catoid=22&poid=31979&returnto=9396,program_31979,1,httpx,direct_html,200,text/html; charset=UTF-8,0.409,"{""kind"": ""program_page"", ""challenge_detected"": false, ""visible_text_chars"": 5053, ""catalogue_title_found"": true, ""catalogue_year_seen"": ""2026-2027"", ""program_link_count"": 1, ""course_code_count"": 17, ""requirement_signal_count"": 4, ""program_title_present"": true, ""ok_reason"": ""title + requirement content""}",0,44569,8836f88a40c400006c4657606d1f16febac2818c3b370b02e90c632ee02abf2c,,ok
2026-07-31T01:01:06Z,https://catalogue.usc.edu/preview_program.php?catoid=22&poid=32858&returnto=9396,program_32858,1,httpx,direct_html,200,text/html; charset=UTF-8,0.428,"{""kind"": ""program_page"", ""challenge_detected"": false, ""visible_text_chars"": 3731, ""catalogue_title_found"": true, ""catalogue_year_seen"": ""2026-2027"", ""program_link_count"": 1, ""course_code_count"": 12, ""requirement_signal_count"": 3, ""program_title_present"": true, ""ok_reason"": ""title + requirement content""}",0,41023,cd35df92d8718deeb7ae42515b72bdb08107cb6d2446712ad99730dddc65bf82,,ok
2026-07-31T01:01:08Z,https://catalogue.usc.edu/preview_program.php?catoid=22&poid=32859&returnto=9396,program_32859,1,httpx,direct_html,200,text/html; charset=UTF-8,0.323,"{""kind"": ""program_page"", ""challenge_detected"": false, ""visible_text_chars"": 3991, ""catalogue_title_found"": true, ""catalogue_year_seen"": ""2026-2027"", ""program_link_count"": 1, ""course_code_count"": 16, ""requirement_signal_count"": 3, ""program_title_present"": true, ""ok_reason"": ""title + requirement content""}",0,42804,9a3380107e3a13a88fe3faf6cb2b40fdeba4a8b24e96fe2fa9a520ace9d9fd64,,ok
2026-07-31T01:01:10Z,https://catalogue.usc.edu/preview_program.php?catoid=22&poid=32964&returnto=9396,program_32964,1,httpx,direct_html,200,text/html; charset=UTF-8,0.26,"{""kind"": ""program_page"", ""challenge_detected"": false, ""visible_text_chars"": 3990, ""catalogue_title_found"": true, ""catalogue_year_seen"": ""2026-2027"", ""program_link_count"": 1, ""course_code_count"": 9, ""requirement_signal_count"": 3, ""program_title_present"": true, ""ok_reason"": ""title + requirement content""}",0,40521,8aa00bebb79f1086386683e3692df18d3151555d3947036312796423bfb04a97,,ok
2026-07-31T01:01:13Z,https://catalogue.usc.edu/preview_program.php?catoid=22&poid=31702&returnto=9396,program_31702,1,httpx,direct_html,200,text/html; charset=UTF-8,0.525,"{""kind"": ""program_page"", ""challenge_detected"": false, ""visible_text_chars"": 4294, ""catalogue_title_found"": true, ""catalogue_year_seen"": ""2026-2027"", ""program_link_count"": 1, ""course_code_count"": 4, ""requirement_signal_count"": 5, ""program_title_present"": true, ""ok_reason"": ""title + requirement content""}",0,39738,1920ba6b7ca6998896c7aa23ad65d9111fb94ba1d2a8f7a479a52bb131a56131,,ok
2026-07-31T01:01:14Z,https://catalogue.usc.edu/preview_program.php?catoid=22&poid=32212&returnto=9396,program_32212,1,httpx,direct_html,200,text/html; charset=UTF-8,0.379,"{""kind"": ""program_page"", ""challenge_detected"": false, ""visible_text_chars"": 4075, ""catalogue_title_found"": true, ""catalogue_year_seen"": ""2026-2027"", ""program_link_count"": 1, ""course_code_count"": 10, ""requirement_signal_count"": 4, ""program_title_present"": true, ""ok_reason"": ""title + requirement content""}",0,41475,8906eab0b126f1a35e22444d145943d057ed0a4d0c0cc1cb9ba4d2e0d3e00315,,ok
2026-07-31T01:01:16Z,https://catalogue.usc.edu/preview_program.php?catoid=22&poid=32534&returnto=9396,program_32534,1,httpx,direct_html,200,text/html; charset=UTF-8,0.252,"{""kind"": ""program_page"", ""challenge_detected"": false, ""visible_text_chars"": 5126, ""catalogue_title_found"": true, ""catalogue_year_seen"": ""2026-2027"", ""program_link_count"": 1, ""course_code_count"": 21, ""requirement_signal_count"": 4, ""program_title_present"": true, ""ok_reason"": ""title + requirement content""}",0,46680,81d12ab983f43f8b447e8b555d6a9558f5fa03156528cc278557e1cd201178a2,,ok
2026-07-31T01:01:19Z,https://catalogue.usc.edu/preview_program.php?catoid=22&poid=31948&returnto=9396,program_31948,1,httpx,direct_html,200,text/html; charset=UTF-8,0.246,"{""kind"": ""program_page"", ""challenge_detected"": false, ""visible_text_chars"": 5385, ""catalogue_title_found"": true, ""catalogue_year_seen"": ""2026-2027"", ""program_link_count"": 1, ""course_code_count"": 22, ""requirement_signal_count"": 4, ""program_title_present"": true, ""ok_reason"": ""title + requirement content""}",0,46394,012d0fea0ced1e8cffea3bfea74a004bff153f444ee32ef6109c8c6280f75621,,ok
2026-07-31T01:01:21Z,https://catalogue.usc.edu/preview_program.php?catoid=22&poid=31773&returnto=9396,program_31773,1,httpx,direct_html,200,text/html; charset=UTF-8,0.516,"{""kind"": ""program_page"", ""challenge_detected"": false, ""visible_text_chars"": 6708, ""catalogue_title_found"": true, ""catalogue_year_seen"": ""2026-2027"", ""program_link_count"": 1, ""course_code_count"": 54, ""requirement_signal_count"": 5, ""program_title_present"": true, ""ok_reason"": ""title + requirement content""}",0,59746,5c9e39c882c80783915229421864c718d241ccb605de66c94e1146232081f354,,ok
2026-07-31T01:01:22Z,https://catalogue.usc.edu/preview_program.php?catoid=22&poid=32659&returnto=9396,program_32659,1,httpx,direct_html,200,text/html; charset=UTF-8,0.242,"{""kind"": ""program_page"", ""challenge_detected"": false, ""visible_text_chars"": 5597, ""catalogue_title_found"": true, ""catalogue_year_seen"": ""2026-2027"", ""program_link_count"": 1, ""course_code_count"": 20, ""requirement_signal_count"": 5, ""program_title_present"": true, ""ok_reason"": ""title + requirement content""}",0,47861,34db82b641e7ae6f385b2bed11fd20efa8fba9756b02111fc397ecf71a4d220a,,ok
2026-07-31T01:01:25Z,https://catalogue.usc.edu/preview_program.php?catoid=22&poid=32910&returnto=9396,program_32910,1,httpx,direct_html,200,text/html; charset=UTF-8,0.285,"{""kind"": ""program_page"", ""challenge_detected"": false, ""visible_text_chars"": 3635, ""catalogue_title_found"": true, ""catalogue_year_seen"": ""2026-2027"", ""program_link_count"": 1, ""course_code_count"": 10, ""requirement_signal_count"": 4, ""program_title_present"": true, ""ok_reason"": ""title + requirement content""}",0,39956,87f03125ce936670039a0ae88c9e4b1454566c78cac3816cae0f41ebff73ae2a,,ok
2026-07-31T01:01:28Z,https://catalogue.usc.edu/preview_program.php?catoid=22&poid=32790&returnto=9396,program_32790,1,httpx,direct_html,200,text/html; charset=UTF-8,0.331,"{""kind"": ""program_page"", ""challenge_detected"": false, ""visible_text_chars"": 3832, ""catalogue_title_found"": true, ""catalogue_year_seen"": ""2026-2027"", ""program_link_count"": 1, ""course_code_count"": 12, ""requirement_signal_count"": 5, ""program_title_present"": true, ""ok_reason"": ""title + requirement content""}",0,40616,2d98fae1c8c8c797f12fef4617915dd28e5651c20fdddc547de065b30c8996ff,,ok
2026-07-31T01:01:30Z,https://catalogue.usc.edu/preview_program.php?catoid=22&poid=32495&returnto=9396,program_32495,1,httpx,direct_html,200,text/html; charset=UTF-8,0.238,"{""kind"": ""program_page"", ""challenge_detected"": false, ""visible_text_chars"": 6394, ""catalogue_title_found"": true, ""catalogue_year_seen"": ""2026-2027"", ""program_link_count"": 1, ""course_code_count"": 31, ""requirement_signal_count"": 4, ""program_title_present"": true, ""ok_reason"": ""title + requirement content""}",0,56785,81ab58635eb19e6a94bfe1ce0edf99495f62e9bdf8859145bed7853973094af6,,ok
2026-07-31T01:01:33Z,https://catalogue.usc.edu/preview_program.php?catoid=22&poid=31977&returnto=9396,program_31977,1,httpx,direct_html,200,text/html; charset=UTF-8,0.434,"{""kind"": ""program_page"", ""challenge_detected"": false, ""visible_text_chars"": 6182, ""catalogue_title_found"": true, ""catalogue_year_seen"": ""2026-2027"", ""program_link_count"": 1, ""course_code_count"": 31, ""requirement_signal_count"": 3, ""program_title_present"": true, ""ok_reason"": ""title + requirement content""}",0,56246,8474ddbedcf5b3a733189c577717b1ce1884562b6e26523570caa3ec469ed04d,,ok
2026-07-31T01:01:35Z,https://catalogue.usc.edu/preview_program.php?catoid=22&poid=32661&returnto=9396,program_32661,1,httpx,direct_html,200,text/html; charset=UTF-8,0.416,"{""kind"": ""program_page"", ""challenge_detected"": false, ""visible_text_chars"": 4299, ""catalogue_title_found"": true, ""catalogue_year_seen"": ""2026-2027"", ""program_link_count"": 1, ""course_code_count"": 12, ""requirement_signal_count"": 3, ""program_title_present"": true, ""ok_reason"": ""title + requirement content""}",0,41474,4e3cdfbf847e7b7d1f83cbbbb4ae448e470717d373b106be892892f005497fd3,,ok
2026-07-31T01:01:37Z,https://catalogue.usc.edu/preview_program.php?catoid=22&poid=32689&returnto=9396,program_32689,1,httpx,direct_html,200,text/html; charset=UTF-8,0.341,"{""kind"": ""program_page"", ""challenge_detected"": false, ""visible_text_chars"": 4544, ""catalogue_title_found"": true, ""catalogue_year_seen"": ""2026-2027"", ""program_link_count"": 1, ""course_code_count"": 8, ""requirement_signal_count"": 3, ""program_title_present"": true, ""ok_reason"": ""title + requirement content""}",0,40221,08c58c97f737bd9fa6aa068af737a822fb079cb81ac0cf57a231a8e2c92582f0,,ok
2026-07-31T01:01:40Z,https://catalogue.usc.edu/preview_program.php?catoid=22&poid=32745&returnto=9396,program_32745,1,httpx,direct_html,200,text/html; charset=UTF-8,0.39,"{""kind"": ""program_page"", ""challenge_detected"": false, ""visible_text_chars"": 3768, ""catalogue_title_found"": true, ""catalogue_year_seen"": ""2026-2027"", ""program_link_count"": 1, ""course_code_count"": 8, ""requirement_signal_count"": 4, ""program_title_present"": true, ""ok_reason"": ""title + requirement content""}",0,39468,05c5c2a0b111337ab9059791a7ab14137d9cc0fa55508a76ac159b540cb02f49,,ok
2026-07-31T01:01:42Z,https://catalogue.usc.edu/preview_program.php?catoid=22&poid=31680&returnto=9396,program_31680,1,httpx,direct_html,200,text/html; charset=UTF-8,0.223,"{""kind"": ""program_page"", ""challenge_detected"": false, ""visible_text_chars"": 6407, ""catalogue_title_found"": true, ""catalogue_year_seen"": ""2026-2027"", ""program_link_count"": 1, ""course_code_count"": 40, ""requirement_signal_count"": 5, ""program_title_present"": true, ""ok_reason"": ""title + requirement content""}",0,52077,d1b416ddbe1946d26996bc187fc3190677e76529d5529a72d3b2e40a69e3284b,,ok
2026-07-31T01:01:45Z,https://catalogue.usc.edu/preview_program.php?catoid=22&poid=32916&returnto=9396,program_32916,1,httpx,direct_html,200,text/html; charset=UTF-8,0.389,"{""kind"": ""program_page"", ""challenge_detected"": false, ""visible_text_chars"": 3907, ""catalogue_title_found"": true, ""catalogue_year_seen"": ""2026-2027"", ""program_link_count"": 1, ""course_code_count"": 11, ""requirement_signal_count"": 3, ""program_title_present"": true, ""ok_reason"": ""title + requirement content""}",0,41233,6408dd4805b46ce58d01fa17245916dd14661a9fc3927de2a52d9d73b9a0df59,,ok
2026-07-31T01:01:47Z,https://catalogue.usc.edu/preview_program.php?catoid=22&poid=32567&returnto=9396,program_32567,1,httpx,direct_html,200,text/html; charset=UTF-8,0.271,"{""kind"": ""program_page"", ""challenge_detected"": false, ""visible_text_chars"": 4984, ""catalogue_title_found"": true, ""catalogue_year_seen"": ""2026-2027"", ""program_link_count"": 1, ""course_code_count"": 12, ""requirement_signal_count"": 3, ""program_title_present"": true, ""ok_reason"": ""title + requirement content""}",0,42421,5eee84a7587eb3ccf665d177b704beffcec470332d53e7be4e691b7af3822a69,,ok
2026-07-31T01:01:49Z,https://catalogue.usc.edu/preview_program.php?catoid=22&poid=32535&returnto=9396,program_32535,1,httpx,direct_html,200,text/html; charset=UTF-8,0.298,"{""kind"": ""program_page"", ""challenge_detected"": false, ""visible_text_chars"": 3648, ""catalogue_title_found"": true, ""catalogue_year_seen"": ""2026-2027"", ""program_link_count"": 1, ""course_code_count"": 9, ""requirement_signal_count"": 5, ""program_title_present"": true, ""ok_reason"": ""title + requirement content""}",0,39273,ce1e16623e1688b505c64ff2ba40ce7868e8b66d91ae0aff0bfec0fd4b965506,,ok
2026-07-31T01:01:50Z,https://catalogue.usc.edu/preview_program.php?catoid=22&poid=31576&returnto=9396,program_31576,1,httpx,direct_html,200,text/html; charset=UTF-8,0.283,"{""kind"": ""program_page"", ""challenge_detected"": false, ""visible_text_chars"": 4038, ""catalogue_title_found"": true, ""catalogue_year_seen"": ""2026-2027"", ""program_link_count"": 1, ""course_code_count"": 9, ""requirement_signal_count"": 3, ""program_title_present"": true, ""ok_reason"": ""title + requirement content""}",0,40207,4ca54733e59c1063cbea578831751bcd42141bb730619c58dca1f00e65da390f,,ok
2026-07-31T01:01:53Z,https://catalogue.usc.edu/preview_program.php?catoid=22&poid=32583&returnto=9396,program_32583,1,httpx,direct_html,200,text/html; charset=UTF-8,0.448,"{""kind"": ""program_page"", ""challenge_detected"": false, ""visible_text_chars"": 5035, ""catalogue_title_found"": true, ""catalogue_year_seen"": ""2026-2027"", ""program_link_count"": 1, ""course_code_count"": 15, ""requirement_signal_count"": 5, ""program_title_present"": true, ""ok_reason"": ""title + requirement content""}",0,44384,bf3654bc7d5852799cabe7fda3648bb027149bb8d784ccb561b3bf28c5f0b4cd,,ok
2026-07-31T01:01:55Z,https://catalogue.usc.edu/preview_program.php?catoid=22&poid=31766&returnto=9396,program_31766,1,httpx,direct_html,200,text/html; charset=UTF-8,0.395,"{""kind"": ""program_page"", ""challenge_detected"": false, ""visible_text_chars"": 3414, ""catalogue_title_found"": true, ""catalogue_year_seen"": ""2026-2027"", ""program_link_count"": 1, ""course_code_count"": 2, ""requirement_signal_count"": 5, ""program_title_present"": true, ""ok_reason"": ""title + requirement content""}",0,37397,7b6c3b2dcd28a5be1a944bf7cfedc1d04b7fbbde7b623c6b7c9979188833d690,,ok
2026-07-31T01:01:57Z,https://catalogue.usc.edu/preview_program.php?catoid=22&poid=31772&returnto=9396,program_31772,1,httpx,direct_html,200,text/html; charset=UTF-8,0.465,"{""kind"": ""program_page"", ""challenge_detected"": false, ""visible_text_chars"": 7697, ""catalogue_title_found"": true, ""catalogue_year_seen"": ""2026-2027"", ""program_link_count"": 1, ""course_code_count"": 44, ""requirement_signal_count"": 4, ""program_title_present"": true, ""ok_reason"": ""title + requirement content""}",0,60027,9c9fcb8d1f5b8545343883e9fc85bca5e22e211d8cc0d9925964aca13212d1f8,,ok
2026-07-31T01:02:00Z,https://catalogue.usc.edu/preview_program.php?catoid=22&poid=31780&returnto=9396,program_31780,1,httpx,direct_html,200,text/html; charset=UTF-8,0.261,"{""kind"": ""program_page"", ""challenge_detected"": false, ""visible_text_chars"": 4437, ""catalogue_title_found"": true, ""catalogue_year_seen"": ""2026-2027"", ""program_link_count"": 1, ""course_code_count"": 23, ""requirement_signal_count"": 3, ""program_title_present"": true, ""ok_reason"": ""title + requirement content""}",0,48620,d442bc4fc8233a432747e4075d507d11538ca9e5617bf2c0a98dd8a0f7cf92ef,,ok
2026-07-31T01:02:02Z,https://catalogue.usc.edu/preview_program.php?catoid=22&poid=32014&returnto=9396,program_32014,1,httpx,direct_html,200,text/html; charset=UTF-8,0.595,"{""kind"": ""program_page"", ""challenge_detected"": false, ""visible_text_chars"": 3846, ""catalogue_title_found"": true, ""catalogue_year_seen"": ""2026-2027"", ""program_link_count"": 1, ""course_code_count"": 3, ""requirement_signal_count"": 4, ""program_title_present"": true, ""ok_reason"": ""title + requirement content""}",0,38326,cc0531ca7297d6db71bdfe2b83290440ca50ad0cc09d29d93e80f06dbb4ed413,,ok
2026-07-31T01:02:04Z,https://catalogue.usc.edu/preview_program.php?catoid=22&poid=32641&returnto=9396,program_32641,1,httpx,direct_html,200,text/html; charset=UTF-8,0.391,"{""kind"": ""program_page"", ""challenge_detected"": false, ""visible_text_chars"": 4006, ""catalogue_title_found"": true, ""catalogue_year_seen"": ""2026-2027"", ""program_link_count"": 1, ""course_code_count"": 6, ""requirement_signal_count"": 3, ""program_title_present"": true, ""ok_reason"": ""title + requirement content""}",0,39359,3f5e64fe8b144a5402255b9e8c76ad1a3bacdfcbbfaec9d617fc6b7f7303111a,,ok
2026-07-31T01:02:06Z,https://catalogue.usc.edu/preview_program.php?catoid=22&poid=32744&returnto=9396,program_32744,1,httpx,direct_html,200,text/html; charset=UTF-8,0.33,"{""kind"": ""program_page"", ""challenge_detected"": false, ""visible_text_chars"": 5030, ""catalogue_title_found"": true, ""catalogue_year_seen"": ""2026-2027"", ""program_link_count"": 1, ""course_code_count"": 5, ""requirement_signal_count"": 3, ""program_title_present"": true, ""ok_reason"": ""title + requirement content""}",0,39975,b9e92f939806150d2c0fb7961dd9eab17a5417e90e7f1bc7d1e744638d589c40,,ok
2026-07-31T01:02:09Z,https://catalogue.usc.edu/preview_program.php?catoid=22&poid=32115&returnto=9396,program_32115,1,httpx,direct_html,200,text/html; charset=UTF-8,0.317,"{""kind"": ""program_page"", ""challenge_detected"": false, ""visible_text_chars"": 4816, ""catalogue_title_found"": true, ""catalogue_year_seen"": ""2026-2027"", ""program_link_count"": 1, ""course_code_count"": 11, ""requirement_signal_count"": 4, ""program_title_present"": true, ""ok_reason"": ""title + requirement content""}",0,42605,2cd4220795a85432ecd660618a116cd245caa95af51c65492158eaffe86aff11,,ok
2026-07-31T01:02:11Z,https://catalogue.usc.edu/preview_program.php?catoid=22&poid=31789&returnto=9396,program_31789,1,httpx,direct_html,200,text/html; charset=UTF-8,0.264,"{""kind"": ""program_page"", ""challenge_detected"": false, ""visible_text_chars"": 3170, ""catalogue_title_found"": true, ""catalogue_year_seen"": ""2026-2027"", ""program_link_count"": 1, ""course_code_count"": 2, ""requirement_signal_count"": 3, ""program_title_present"": true, ""ok_reason"": ""title + requirement content""}",0,37100,b90125221f4b471e67b0de57a4ac092684effdb1683dedaafc20b482d1dceb63,,ok
2026-07-31T01:02:14Z,https://catalogue.usc.edu/preview_program.php?catoid=22&poid=31681&returnto=9396,program_31681,1,httpx,direct_html,200,text/html; charset=UTF-8,0.432,"{""kind"": ""program_page"", ""challenge_detected"": false, ""visible_text_chars"": 6003, ""catalogue_title_found"": true, ""catalogue_year_seen"": ""2026-2027"", ""program_link_count"": 1, ""course_code_count"": 39, ""requirement_signal_count"": 5, ""program_title_present"": true, ""ok_reason"": ""title + requirement content""}",0,51491,759d588ca2c12c8c54e87874abf8e66f3256e2bbc62af67649198cc6d126b785,,ok
2026-07-31T01:02:15Z,https://catalogue.usc.edu/preview_program.php?catoid=22&poid=32879&returnto=9396,program_32879,1,httpx,direct_html,200,text/html; charset=UTF-8,0.382,"{""kind"": ""program_page"", ""challenge_detected"": false, ""visible_text_chars"": 4853, ""catalogue_title_found"": true, ""catalogue_year_seen"": ""2026-2027"", ""program_link_count"": 1, ""course_code_count"": 29, ""requirement_signal_count"": 3, ""program_title_present"": true, ""ok_reason"": ""title + requirement content""}",0,47066,f6408571374518e44ae73c8b1eebd97181ed58d0d8828e889e4b34fe0d6e5273,,ok
2026-07-31T01:02:18Z,https://catalogue.usc.edu/preview_program.php?catoid=22&poid=31603&returnto=9396,program_31603,1,httpx,direct_html,200,text/html; charset=UTF-8,0.275,"{""kind"": ""program_page"", ""challenge_detected"": false, ""visible_text_chars"": 4527, ""catalogue_title_found"": true, ""catalogue_year_seen"": ""2026-2027"", ""program_link_count"": 1, ""course_code_count"": 22, ""requirement_signal_count"": 5, ""program_title_present"": true, ""ok_reason"": ""title + requirement content""}",0,45376,0e15067c225f46283cf20a42cedd756d9c328a3a9698163a668bfc792c8e8c5d,,ok
2026-07-31T01:02:20Z,https://catalogue.usc.edu/preview_program.php?catoid=22&poid=31741&returnto=9396,program_31741,1,httpx,direct_html,200,text/html; charset=UTF-8,0.285,"{""kind"": ""program_page"", ""challenge_detected"": false, ""visible_text_chars"": 3871, ""catalogue_title_found"": true, ""catalogue_year_seen"": ""2026-2027"", ""program_link_count"": 1, ""course_code_count"": 5, ""requirement_signal_count"": 4, ""program_title_present"": true, ""ok_reason"": ""title + requirement content""}",0,41161,54d0d3f3297bce981d305972a92764deb72d4664bdcae31fc28533e0255341ea,,ok
2026-07-31T01:02:22Z,https://catalogue.usc.edu/preview_program.php?catoid=22&poid=32213&returnto=9396,program_32213,1,httpx,direct_html,200,text/html; charset=UTF-8,0.243,"{""kind"": ""program_page"", ""challenge_detected"": false, ""visible_text_chars"": 3513, ""catalogue_title_found"": true, ""catalogue_year_seen"": ""2026-2027"", ""program_link_count"": 1, ""course_code_count"": 5, ""requirement_signal_count"": 4, ""program_title_present"": true, ""ok_reason"": ""title + requirement content""}",0,38359,49d2319bdd77f78ea8c354981c8b25a4977f3a46ed44daf79737eb10c59ba575,,ok
2026-07-31T01:02:24Z,https://catalogue.usc.edu/preview_program.php?catoid=22&poid=31807&returnto=9396,program_31807,1,httpx,direct_html,200,text/html; charset=UTF-8,0.356,"{""kind"": ""program_page"", ""challenge_detected"": false, ""visible_text_chars"": 3206, ""catalogue_title_found"": true, ""catalogue_year_seen"": ""2026-2027"", ""program_link_count"": 1, ""course_code_count"": 0, ""requirement_signal_count"": 3, ""program_title_present"": true, ""ok_reason"": ""title + requirement content""}",0,38640,b4598908e7cce64739feea3314076c11de89650497d8388143afa43f1f12d3cf,,ok
2026-07-31T01:02:27Z,https://catalogue.usc.edu/preview_program.php?catoid=22&poid=32950&returnto=9396,program_32950,1,httpx,direct_html,200,text/html; charset=UTF-8,0.346,"{""kind"": ""program_page"", ""challenge_detected"": false, ""visible_text_chars"": 3702, ""catalogue_title_found"": true, ""catalogue_year_seen"": ""2026-2027"", ""program_link_count"": 1, ""course_code_count"": 4, ""requirement_signal_count"": 3, ""program_title_present"": true, ""ok_reason"": ""title + requirement content""}",0,39235,0a9e587d200dea00539234be99d929c3d7864a22f9398a157ae470cd52d49033,,ok
2026-07-31T01:02:29Z,https://catalogue.usc.edu/preview_program.php?catoid=22&poid=32828&returnto=9396,program_32828,1,httpx,direct_html,200,text/html; charset=UTF-8,0.314,"{""kind"": ""program_page"", ""challenge_detected"": false, ""visible_text_chars"": 5412, ""catalogue_title_found"": true, ""catalogue_year_seen"": ""2026-2027"", ""program_link_count"": 1, ""course_code_count"": 11, ""requirement_signal_count"": 4, ""program_title_present"": true, ""ok_reason"": ""title + requirement content""}",0,42186,2dfabdf68d6ddbafbb31e6459cbaeb4485fa27ef4df4ff5dab303eae58c18731,,ok
2026-07-31T01:02:31Z,https://catalogue.usc.edu/preview_program.php?catoid=22&poid=32829&returnto=9396,program_32829,1,httpx,direct_html,200,text/html; charset=UTF-8,0.466,"{""kind"": ""program_page"", ""challenge_detected"": false, ""visible_text_chars"": 6389, ""catalogue_title_found"": true, ""catalogue_year_seen"": ""2026-2027"", ""program_link_count"": 1, ""course_code_count"": 32, ""requirement_signal_count"": 4, ""program_title_present"": true, ""ok_reason"": ""title + requirement content""}",0,50100,ca4b9f6a6829b8a7f49531b18d9f17d7625fe9f4a7bc2313d7f9d8b0eb6c32e5,,ok
2026-07-31T01:02:33Z,https://catalogue.usc.edu/preview_program.php?catoid=22&poid=31703&returnto=9396,program_31703,1,httpx,direct_html,200,text/html; charset=UTF-8,0.366,"{""kind"": ""program_page"", ""challenge_detected"": false, ""visible_text_chars"": 6457, ""catalogue_title_found"": true, ""catalogue_year_seen"": ""2026-2027"", ""program_link_count"": 1, ""course_code_count"": 21, ""requirement_signal_count"": 4, ""program_title_present"": true, ""ok_reason"": ""title + requirement content""}",0,52382,ace1f256ed8d411ccd0401d9a2973d0ab5c5e18556681a19dd89623f478e6fe8,,ok
2026-07-31T01:02:36Z,https://catalogue.usc.edu/preview_program.php?catoid=22&poid=32609&returnto=9396,program_32609,1,httpx,direct_html,200,text/html; charset=UTF-8,0.389,"{""kind"": ""program_page"", ""challenge_detected"": false, ""visible_text_chars"": 5135, ""catalogue_title_found"": true, ""catalogue_year_seen"": ""2026-2027"", ""program_link_count"": 1, ""course_code_count"": 14, ""requirement_signal_count"": 4, ""program_title_present"": true, ""ok_reason"": ""title + requirement content""}",0,47379,f4a9ac59c5dce0a2055acd79de7ee14277e35cd14da3d4664ef61761cb86acbe,,ok
2026-07-31T01:02:38Z,https://catalogue.usc.edu/preview_program.php?catoid=22&poid=32742&returnto=9396,program_32742,1,httpx,direct_html,200,text/html; charset=UTF-8,0.351,"{""kind"": ""program_page"", ""challenge_detected"": false, ""visible_text_chars"": 4217, ""catalogue_title_found"": true, ""catalogue_year_seen"": ""2026-2027"", ""program_link_count"": 1, ""course_code_count"": 14, ""requirement_signal_count"": 3, ""program_title_present"": true, ""ok_reason"": ""title + requirement content""}",0,41851,1d60715e0f46fa5010c7ef1c0c14cd5de4d53e81234c0054d2c5d0ac9fab45c5,,ok
2026-07-31T01:02:41Z,https://catalogue.usc.edu/preview_program.php?catoid=22&poid=31931&returnto=9396,program_31931,1,httpx,direct_html,200,text/html; charset=UTF-8,0.42,"{""kind"": ""program_page"", ""challenge_detected"": false, ""visible_text_chars"": 6251, ""catalogue_title_found"": true, ""catalogue_year_seen"": ""2026-2027"", ""program_link_count"": 1, ""course_code_count"": 38, ""requirement_signal_count"": 4, ""program_title_present"": true, ""ok_reason"": ""title + requirement content""}",0,58425,d569d6949f49a34823fb776b99b271fd6c1adb40c882eaf81a8d87d092122ecd,,ok
2026-07-31T01:02:43Z,https://catalogue.usc.edu/preview_program.php?catoid=22&poid=32642&returnto=9396,program_32642,1,httpx,direct_html,200,text/html; charset=UTF-8,0.218,"{""kind"": ""program_page"", ""challenge_detected"": false, ""visible_text_chars"": 5721, ""catalogue_title_found"": true, ""catalogue_year_seen"": ""2026-2027"", ""program_link_count"": 1, ""course_code_count"": 24, ""requirement_signal_count"": 4, ""program_title_present"": true, ""ok_reason"": ""title + requirement content""}",0,48330,cdbeadbb1334ccd88869e481fb8918d9e02792f70b799bd232372db50d180ac8,,ok
2026-07-31T01:02:47Z,https://catalogue.usc.edu/preview_program.php?catoid=22&poid=32613&returnto=9396,program_32613,1,httpx,direct_html,200,text/html; charset=UTF-8,0.322,"{""kind"": ""program_page"", ""challenge_detected"": false, ""visible_text_chars"": 4087, ""catalogue_title_found"": true, ""catalogue_year_seen"": ""2026-2027"", ""program_link_count"": 1, ""course_code_count"": 12, ""requirement_signal_count"": 4, ""program_title_present"": true, ""ok_reason"": ""title + requirement content""}",0,41921,978fca6156d316af85b2b56a3920d3c8cb3fb16d557137ecdd6b9c2feca03856,,ok
2026-07-31T01:02:50Z,https://catalogue.usc.edu/preview_program.php?catoid=22&poid=31811&returnto=9396,program_31811,1,httpx,direct_html,200,text/html; charset=UTF-8,0.45,"{""kind"": ""program_page"", ""challenge_detected"": false, ""visible_text_chars"": 5209, ""catalogue_title_found"": true, ""catalogue_year_seen"": ""2026-2027"", ""program_link_count"": 1, ""course_code_count"": 31, ""requirement_signal_count"": 4, ""program_title_present"": true, ""ok_reason"": ""title + requirement content""}",0,51263,ae7c72189a8b8360ad6894c777b1b1707254da3f7792efd6b4d7cb3216ca1a8d,,ok
2026-07-31T01:02:52Z,https://catalogue.usc.edu/preview_program.php?catoid=22&poid=32480&returnto=9396,program_32480,1,httpx,direct_html,200,text/html; charset=UTF-8,0.409,"{""kind"": ""program_page"", ""challenge_detected"": false, ""visible_text_chars"": 5501, ""catalogue_title_found"": true, ""catalogue_year_seen"": ""2026-2027"", ""program_link_count"": 1, ""course_code_count"": 32, ""requirement_signal_count"": 4, ""program_title_present"": true, ""ok_reason"": ""title + requirement content""}",0,48478,3eb7ea63abd90db0c34a9caa8b91f6d0936edde013816b5d5d2508d8a298aa71,,ok
2026-07-31T01:02:55Z,https://catalogue.usc.edu/preview_program.php?catoid=22&poid=31683&returnto=9396,program_31683,1,httpx,direct_html,200,text/html; charset=UTF-8,0.332,"{""kind"": ""program_page"", ""challenge_detected"": false, ""visible_text_chars"": 4894, ""catalogue_title_found"": true, ""catalogue_year_seen"": ""2026-2027"", ""program_link_count"": 1, ""course_code_count"": 16, ""requirement_signal_count"": 5, ""program_title_present"": true, ""ok_reason"": ""title + requirement content""}",0,43648,1c1a2f0d8e0885653d9a2af2c06c8560aa8472cd45b05499b87ed73f50d50e06,,ok
2026-07-31T01:02:57Z,https://catalogue.usc.edu/preview_program.php?catoid=22&poid=31684&returnto=9396,program_31684,1,httpx,direct_html,200,text/html; charset=UTF-8,0.284,"{""kind"": ""program_page"", ""challenge_detected"": false, ""visible_text_chars"": 4521, ""catalogue_title_found"": true, ""catalogue_year_seen"": ""2026-2027"", ""program_link_count"": 1, ""course_code_count"": 17, ""requirement_signal_count"": 5, ""program_title_present"": true, ""ok_reason"": ""title + requirement content""}",0,42379,2cbf1f03aa31eb62330836a9b3c4155b76fa415530a7290040fba499cc041db5,,ok
2026-07-31T01:03:00Z,https://catalogue.usc.edu/preview_program.php?catoid=22&poid=31685&returnto=9396,program_31685,1,httpx,direct_html,200,text/html; charset=UTF-8,0.503,"{""kind"": ""program_page"", ""challenge_detected"": false, ""visible_text_chars"": 4603, ""catalogue_title_found"": true, ""catalogue_year_seen"": ""2026-2027"", ""program_link_count"": 1, ""course_code_count"": 15, ""requirement_signal_count"": 5, ""program_title_present"": true, ""ok_reason"": ""title + requirement content""}",0,41806,a7e36808787790eac67c30440c5b3d66873f5cfeaceee2aa172f6501da95e20c,,ok
2026-07-31T01:03:03Z,https://catalogue.usc.edu/preview_program.php?catoid=22&poid=31686&returnto=9396,program_31686,1,httpx,direct_html,200,text/html; charset=UTF-8,0.705,"{""kind"": ""program_page"", ""challenge_detected"": false, ""visible_text_chars"": 5152, ""catalogue_title_found"": true, ""catalogue_year_seen"": ""2026-2027"", ""program_link_count"": 1, ""course_code_count"": 24, ""requirement_signal_count"": 5, ""program_title_present"": true, ""ok_reason"": ""title + requirement content""}",0,46408,667df2b97cd55e23eee365b8a76873f9f4ae2df29a16442bc5fbda9c40275afe,,ok
2026-07-31T01:03:05Z,https://catalogue.usc.edu/preview_program.php?catoid=22&poid=31687&returnto=9396,program_31687,1,httpx,direct_html,200,text/html; charset=UTF-8,0.453,"{""kind"": ""program_page"", ""challenge_detected"": false, ""visible_text_chars"": 5328, ""catalogue_title_found"": true, ""catalogue_year_seen"": ""2026-2027"", ""program_link_count"": 1, ""course_code_count"": 16, ""requirement_signal_count"": 5, ""program_title_present"": true, ""ok_reason"": ""title + requirement content""}",0,43728,82b229e3101121678280ec11d7a811e7c18ecda7980e241c5db0dfad772f9a29,,ok
2026-07-31T01:03:07Z,https://catalogue.usc.edu/preview_program.php?catoid=22&poid=32602&returnto=9396,program_32602,1,httpx,direct_html,200,text/html; charset=UTF-8,0.362,"{""kind"": ""program_page"", ""challenge_detected"": false, ""visible_text_chars"": 4314, ""catalogue_title_found"": true, ""catalogue_year_seen"": ""2026-2027"", ""program_link_count"": 1, ""course_code_count"": 6, ""requirement_signal_count"": 3, ""program_title_present"": true, ""ok_reason"": ""title + requirement content""}",0,43920,d7546cea3c4d89214d5b0166864e20d4df0e8b66ae378a41ee2214becf201e73,,ok
2026-07-31T01:03:09Z,https://catalogue.usc.edu/preview_program.php?catoid=22&poid=32423&returnto=9396,program_32423,1,httpx,challenge_page,202,text/html; charset=UTF-8,0.091,"{""kind"": ""program_page"", ""challenge_detected"": true, ""challenge_evidence"": [""script marker 'awswaf'"", ""script marker 'token.awswaf'""]}",1,2011,b51690e44aa06ed5462be1b9ebc0661679881904675f5e93463d21f1986fc9f4,,challenge_page
2026-07-31T01:06:30Z,https://catalogue.usc.edu/preview_program.php?catoid=22&poid=32423&returnto=9396,program_32423,3,playwright,browser_rendered_dom,202,text/html; charset=UTF-8,199.349,"{""kind"": ""program_page"", ""challenge_detected"": false, ""visible_text_chars"": 11181, ""catalogue_title_found"": true, ""catalogue_year_seen"": ""2026-2027"", ""program_link_count"": 1, ""course_code_count"": 33, ""requirement_signal_count"": 2, ""program_title_present"": true, ""ok_reason"": ""title + requirement content"", ""expand_clicks"": 17}",0,187921,b2450fe7d8b1aebd2afd82fa12612973664eed74bf0e8198815ee9214bc57701,9406e6e54cca40808bb5979e1767ee62dc1b8bd88356f2963f8a1c83ec614fcf,ok
2026-07-31T01:06:31Z,https://catalogue.usc.edu/preview_program.php?catoid=22&poid=31761&returnto=9396,program_31761,1,httpx,direct_html,200,text/html; charset=UTF-8,0.612,"{""kind"": ""program_page"", ""challenge_detected"": false, ""visible_text_chars"": 5279, ""catalogue_title_found"": true, ""catalogue_year_seen"": ""2026-2027"", ""program_link_count"": 1, ""course_code_count"": 16, ""requirement_signal_count"": 5, ""program_title_present"": true, ""ok_reason"": ""title + requirement content""}",0,49063,1fe43a21884404ae134c1c94de25106208fba7a0068d1bd5cd8974b72f28f2f7,,ok
2026-07-31T01:06:34Z,https://catalogue.usc.edu/preview_program.php?catoid=22&poid=32948&returnto=9396,program_32948,1,httpx,direct_html,200,text/html; charset=UTF-8,0.388,"{""kind"": ""program_page"", ""challenge_detected"": false, ""visible_text_chars"": 4264, ""catalogue_title_found"": true, ""catalogue_year_seen"": ""2026-2027"", ""program_link_count"": 1, ""course_code_count"": 4, ""requirement_signal_count"": 4, ""program_title_present"": true, ""ok_reason"": ""title + requirement content""}",0,40193,6754c72b5f178cb6992d55baa6bca36473dfd2dc224d45602954b4c185fadf6a,,ok
2026-07-31T01:06:36Z,https://catalogue.usc.edu/preview_program.php?catoid=22&poid=31762&returnto=9396,program_31762,1,httpx,direct_html,200,text/html; charset=UTF-8,0.385,"{""kind"": ""program_page"", ""challenge_detected"": false, ""visible_text_chars"": 5001, ""catalogue_title_found"": true, ""catalogue_year_seen"": ""2026-2027"", ""program_link_count"": 1, ""course_code_count"": 25, ""requirement_signal_count"": 4, ""program_title_present"": true, ""ok_reason"": ""title + requirement content""}",0,51113,43c61e2fde50a7b48279cecde163dc04b71b6491d68c02579aec51efa49820a3,,ok
2026-07-31T01:06:39Z,https://catalogue.usc.edu/preview_program.php?catoid=22&poid=31818&returnto=9396,program_31818,1,httpx,direct_html,200,text/html; charset=UTF-8,0.364,"{""kind"": ""program_page"", ""challenge_detected"": false, ""visible_text_chars"": 4161, ""catalogue_title_found"": true, ""catalogue_year_seen"": ""2026-2027"", ""program_link_count"": 1, ""course_code_count"": 23, ""requirement_signal_count"": 3, ""program_title_present"": true, ""ok_reason"": ""title + requirement content""}",0,45401,7da2d1889b30752387b7f666109f738e22e5ef28eac027ff0d67b1520d195853,,ok
2026-07-31T01:06:41Z,https://catalogue.usc.edu/preview_program.php?catoid=22&poid=32738&returnto=9396,program_32738,1,httpx,direct_html,200,text/html; charset=UTF-8,0.546,"{""kind"": ""program_page"", ""challenge_detected"": false, ""visible_text_chars"": 5872, ""catalogue_title_found"": true, ""catalogue_year_seen"": ""2026-2027"", ""program_link_count"": 1, ""course_code_count"": 14, ""requirement_signal_count"": 4, ""program_title_present"": true, ""ok_reason"": ""title + requirement content""}",0,47725,2486671072c2be717f360f86e7f2e3fd3cb72467f3ff7739beea49a441377b20,,ok
2026-07-31T01:06:42Z,https://catalogue.usc.edu/preview_program.php?catoid=22&poid=32536&returnto=9396,program_32536,1,httpx,direct_html,200,text/html; charset=UTF-8,0.228,"{""kind"": ""program_page"", ""challenge_detected"": false, ""visible_text_chars"": 4497, ""catalogue_title_found"": true, ""catalogue_year_seen"": ""2026-2027"", ""program_link_count"": 1, ""course_code_count"": 4, ""requirement_signal_count"": 4, ""program_title_present"": true, ""ok_reason"": ""title + requirement content""}",0,40465,fe8dcc6bdbd1ca83a2962b00b2845c30d57d87f5e51a44eccf1e04047d5c0a16,,ok
2026-07-31T01:06:45Z,https://catalogue.usc.edu/preview_program.php?catoid=22&poid=31834&returnto=9396,program_31834,1,httpx,direct_html,200,text/html; charset=UTF-8,0.347,"{""kind"": ""program_page"", ""challenge_detected"": false, ""visible_text_chars"": 5032, ""catalogue_title_found"": true, ""catalogue_year_seen"": ""2026-2027"", ""program_link_count"": 1, ""course_code_count"": 29, ""requirement_signal_count"": 3, ""program_title_present"": true, ""ok_reason"": ""title + requirement content""}",0,48467,16a2bb13be3be791e7b95daa1c9cdc8e45d32ecddede918564820b710a0a7712,,ok
2026-07-31T01:06:46Z,https://catalogue.usc.edu/preview_program.php?catoid=22&poid=32214&returnto=9396,program_32214,1,httpx,direct_html,200,text/html; charset=UTF-8,0.351,"{""kind"": ""program_page"", ""challenge_detected"": false, ""visible_text_chars"": 3645, ""catalogue_title_found"": true, ""catalogue_year_seen"": ""2026-2027"", ""program_link_count"": 1, ""course_code_count"": 6, ""requirement_signal_count"": 4, ""program_title_present"": true, ""ok_reason"": ""title + requirement content""}",0,39385,248c14a871414fa19edc53c49bc7bf859daed1db6e75403e601fd03b0fe2bce0,,ok
2026-07-31T01:06:48Z,https://catalogue.usc.edu/preview_program.php?catoid=22&poid=32307&returnto=9396,program_32307,1,httpx,direct_html,200,text/html; charset=UTF-8,0.331,"{""kind"": ""program_page"", ""challenge_detected"": false, ""visible_text_chars"": 3701, ""catalogue_title_found"": true, ""catalogue_year_seen"": ""2026-2027"", ""program_link_count"": 1, ""course_code_count"": 11, ""requirement_signal_count"": 3, ""program_title_present"": true, ""ok_reason"": ""title + requirement content""}",0,40914,80411c7bbf65faaa28271195e503bcc74de0b306d85d1bfb364114c203494c6f,,ok
2026-07-31T01:06:50Z,https://catalogue.usc.edu/preview_program.php?catoid=22&poid=32201&returnto=9396,program_32201,1,httpx,direct_html,200,text/html; charset=UTF-8,0.309,"{""kind"": ""program_page"", ""challenge_detected"": false, ""visible_text_chars"": 6405, ""catalogue_title_found"": true, ""catalogue_year_seen"": ""2026-2027"", ""program_link_count"": 1, ""course_code_count"": 33, ""requirement_signal_count"": 3, ""program_title_present"": true, ""ok_reason"": ""title + requirement content""}",0,52177,faeb35584525ea7a7d07cafab961c6f0aacde896c39e405c0754d5269c260321,,ok
2026-07-31T01:06:53Z,https://catalogue.usc.edu/preview_program.php?catoid=22&poid=32215&returnto=9396,program_32215,1,httpx,direct_html,200,text/html; charset=UTF-8,0.425,"{""kind"": ""program_page"", ""challenge_detected"": false, ""visible_text_chars"": 4308, ""catalogue_title_found"": true, ""catalogue_year_seen"": ""2026-2027"", ""program_link_count"": 1, ""course_code_count"": 18, ""requirement_signal_count"": 3, ""program_title_present"": true, ""ok_reason"": ""title + requirement content""}",0,44322,4802952a50e0c636a6d66cabe3272508463601fa5e2fccc2a9fea508ab03b8ea,,ok
2026-07-31T01:06:55Z,https://catalogue.usc.edu/preview_program.php?catoid=22&poid=32617&returnto=9396,program_32617,1,httpx,direct_html,200,text/html; charset=UTF-8,0.432,"{""kind"": ""program_page"", ""challenge_detected"": false, ""visible_text_chars"": 8377, ""catalogue_title_found"": true, ""catalogue_year_seen"": ""2026-2027"", ""program_link_count"": 1, ""course_code_count"": 50, ""requirement_signal_count"": 4, ""program_title_present"": true, ""ok_reason"": ""title + requirement content""}",0,59094,7908253fcd426d703ef42a96ec886f60f3d0039342fe96c11c05422743ca2930,,ok
2026-07-31T01:06:58Z,https://catalogue.usc.edu/preview_program.php?catoid=22&poid=32308&returnto=9396,program_32308,1,httpx,direct_html,200,text/html; charset=UTF-8,0.239,"{""kind"": ""program_page"", ""challenge_detected"": false, ""visible_text_chars"": 3686, ""catalogue_title_found"": true, ""catalogue_year_seen"": ""2026-2027"", ""program_link_count"": 1, ""course_code_count"": 12, ""requirement_signal_count"": 3, ""program_title_present"": true, ""ok_reason"": ""title + requirement content""}",0,41081,30cbea83ba6f193ce6653917104dbfb1c77e5af66486bfa83617f542170b1220,,ok
2026-07-31T01:07:01Z,https://catalogue.usc.edu/preview_program.php?catoid=22&poid=32488&returnto=9396,program_32488,1,httpx,direct_html,200,text/html; charset=UTF-8,0.637,"{""kind"": ""program_page"", ""challenge_detected"": false, ""visible_text_chars"": 6631, ""catalogue_title_found"": true, ""catalogue_year_seen"": ""2026-2027"", ""program_link_count"": 1, ""course_code_count"": 31, ""requirement_signal_count"": 4, ""program_title_present"": true, ""ok_reason"": ""title + requirement content""}",0,56903,c78c0562737f407696e6c921c1f64aa2e7bfbe0e3a53a9998de7de802408c76e,,ok
2026-07-31T01:07:04Z,https://catalogue.usc.edu/preview_program.php?catoid=22&poid=31825&returnto=9396,program_31825,1,httpx,direct_html,200,text/html; charset=UTF-8,0.291,"{""kind"": ""program_page"", ""challenge_detected"": false, ""visible_text_chars"": 5741, ""catalogue_title_found"": true, ""catalogue_year_seen"": ""2026-2027"", ""program_link_count"": 1, ""course_code_count"": 34, ""requirement_signal_count"": 4, ""program_title_present"": true, ""ok_reason"": ""title + requirement content""}",0,52315,2ce1063f0cb037a362a4c881621edd314667e8fdb23eb8232d14413e08de562b,,ok
2026-07-31T01:07:07Z,https://catalogue.usc.edu/preview_program.php?catoid=22&poid=31824&returnto=9396,program_31824,1,httpx,direct_html,200,text/html; charset=UTF-8,0.233,"{""kind"": ""program_page"", ""challenge_detected"": false, ""visible_text_chars"": 3733, ""catalogue_title_found"": true, ""catalogue_year_seen"": ""2026-2027"", ""program_link_count"": 1, ""course_code_count"": 1, ""requirement_signal_count"": 4, ""program_title_present"": true, ""ok_reason"": ""title + requirement content""}",0,37666,91bad14c11f0f3093282e2fbf9bf1d4671739be468b451c3273b212426ef58ff,,ok
2026-07-31T01:07:10Z,https://catalogue.usc.edu/preview_program.php?catoid=22&poid=32666&returnto=9396,program_32666,1,httpx,direct_html,200,text/html; charset=UTF-8,0.401,"{""kind"": ""program_page"", ""challenge_detected"": false, ""visible_text_chars"": 4027, ""catalogue_title_found"": true, ""catalogue_year_seen"": ""2026-2027"", ""program_link_count"": 1, ""course_code_count"": 8, ""requirement_signal_count"": 3, ""program_title_present"": true, ""ok_reason"": ""title + requirement content""}",0,41513,fb0acc06e1e41e7074f31bbadf71de508f69fd106f8428e413ce288b4afbd335,,ok
2026-07-31T01:07:12Z,https://catalogue.usc.edu/preview_program.php?catoid=22&poid=32949&returnto=9396,program_32949,1,httpx,direct_html,200,text/html; charset=UTF-8,0.417,"{""kind"": ""program_page"", ""challenge_detected"": false, ""visible_text_chars"": 3778, ""catalogue_title_found"": true, ""catalogue_year_seen"": ""2026-2027"", ""program_link_count"": 1, ""course_code_count"": 4, ""requirement_signal_count"": 4, ""program_title_present"": true, ""ok_reason"": ""title + requirement content""}",0,39619,ad7bda2dc1b0264d3311a4f03a3880477a11ba595b7999af2a5f8de28d1fb2d8,,ok
2026-07-31T01:07:14Z,https://catalogue.usc.edu/preview_program.php?catoid=22&poid=31604&returnto=9396,program_31604,1,httpx,direct_html,200,text/html; charset=UTF-8,0.255,"{""kind"": ""program_page"", ""challenge_detected"": false, ""visible_text_chars"": 3717, ""catalogue_title_found"": true, ""catalogue_year_seen"": ""2026-2027"", ""program_link_count"": 1, ""course_code_count"": 7, ""requirement_signal_count"": 4, ""program_title_present"": true, ""ok_reason"": ""title + requirement content""}",0,39805,06bc173d5850a1835e1baef76b638b037fb4182177d3268c37827d2274c096a0,,ok
2026-07-31T01:07:17Z,https://catalogue.usc.edu/preview_program.php?catoid=22&poid=31899&returnto=9396,program_31899,1,httpx,direct_html,200,text/html; charset=UTF-8,0.272,"{""kind"": ""program_page"", ""challenge_detected"": false, ""visible_text_chars"": 5816, ""catalogue_title_found"": true, ""catalogue_year_seen"": ""2026-2027"", ""program_link_count"": 1, ""course_code_count"": 18, ""requirement_signal_count"": 5, ""program_title_present"": true, ""ok_reason"": ""title + requirement content""}",0,49482,e970f7e3cd240761257a56187ebd4ee23fd869870532fd43c8bd5ab9732023e4,,ok
2026-07-31T01:07:19Z,https://catalogue.usc.edu/preview_program.php?catoid=22&poid=32459&returnto=9396,program_32459,1,httpx,direct_html,200,text/html; charset=UTF-8,0.307,"{""kind"": ""program_page"", ""challenge_detected"": false, ""visible_text_chars"": 4689, ""catalogue_title_found"": true, ""catalogue_year_seen"": ""2026-2027"", ""program_link_count"": 1, ""course_code_count"": 8, ""requirement_signal_count"": 3, ""program_title_present"": true, ""ok_reason"": ""title + requirement content""}",0,45581,d10f8fc66adf1ce6d13a59a12a8c646a95c39eb989a8c2b61870092f2521280c,,ok
2026-07-31T01:07:21Z,https://catalogue.usc.edu/preview_program.php?catoid=22&poid=32506&returnto=9396,program_32506,1,httpx,direct_html,200,text/html; charset=UTF-8,0.246,"{""kind"": ""program_page"", ""challenge_detected"": false, ""visible_text_chars"": 5655, ""catalogue_title_found"": true, ""catalogue_year_seen"": ""2026-2027"", ""program_link_count"": 1, ""course_code_count"": 36, ""requirement_signal_count"": 5, ""program_title_present"": true, ""ok_reason"": ""title + requirement content""}",0,49985,01fccf18c77bb1e11b47d41ed5a3c314e8747a0395cfbbc9e9bc5cb680feccb3,,ok
2026-07-31T01:07:23Z,https://catalogue.usc.edu/preview_program.php?catoid=22&poid=32146&returnto=9396,program_32146,1,httpx,direct_html,200,text/html; charset=UTF-8,0.257,"{""kind"": ""program_page"", ""challenge_detected"": false, ""visible_text_chars"": 3659, ""catalogue_title_found"": true, ""catalogue_year_seen"": ""2026-2027"", ""program_link_count"": 1, ""course_code_count"": 6, ""requirement_signal_count"": 3, ""program_title_present"": true, ""ok_reason"": ""title + requirement content""}",0,40165,ff5c4e398f920fc1458e1c42b85c8bf6d2f68418b0df92498dfc89e3e1695a55,,ok
2026-07-31T01:07:26Z,https://catalogue.usc.edu/preview_program.php?catoid=22&poid=32618&returnto=9396,program_32618,1,httpx,direct_html,200,text/html; charset=UTF-8,0.22,"{""kind"": ""program_page"", ""challenge_detected"": false, ""visible_text_chars"": 3853, ""catalogue_title_found"": true, ""catalogue_year_seen"": ""2026-2027"", ""program_link_count"": 1, ""course_code_count"": 8, ""requirement_signal_count"": 3, ""program_title_present"": true, ""ok_reason"": ""title + requirement content""}",0,40290,1a13646c0ac8cd1c629ab9ff2be0cd9ba9e3c7422108d5de8c3eaebf66f97da1,,ok
2026-07-31T01:07:28Z,https://catalogue.usc.edu/preview_program.php?catoid=22&poid=31829&returnto=9396,program_31829,1,httpx,direct_html,200,text/html; charset=UTF-8,0.345,"{""kind"": ""program_page"", ""challenge_detected"": false, ""visible_text_chars"": 7830, ""catalogue_title_found"": true, ""catalogue_year_seen"": ""2026-2027"", ""program_link_count"": 1, ""course_code_count"": 32, ""requirement_signal_count"": 5, ""program_title_present"": true, ""ok_reason"": ""title + requirement content""}",0,59373,653e5776a145c9e0e20332aead1cba40e3e143d0a5a847e07e55623b5959a1e5,,ok
2026-07-31T01:07:31Z,https://catalogue.usc.edu/preview_program.php?catoid=22&poid=31835&returnto=9396,program_31835,1,httpx,direct_html,200,text/html; charset=UTF-8,0.347,"{""kind"": ""program_page"", ""challenge_detected"": false, ""visible_text_chars"": 6541, ""catalogue_title_found"": true, ""catalogue_year_seen"": ""2026-2027"", ""program_link_count"": 1, ""course_code_count"": 41, ""requirement_signal_count"": 4, ""program_title_present"": true, ""ok_reason"": ""title + requirement content""}",0,55368,f69798f2d7e40e268663dd972de303e54c71a15ca76d0b3f5991b72f6a04d7dc,,ok
2026-07-31T01:07:33Z,https://catalogue.usc.edu/preview_program.php?catoid=22&poid=31833&returnto=9396,program_31833,1,httpx,direct_html,200,text/html; charset=UTF-8,0.307,"{""kind"": ""program_page"", ""challenge_detected"": false, ""visible_text_chars"": 3181, ""catalogue_title_found"": true, ""catalogue_year_seen"": ""2026-2027"", ""program_link_count"": 1, ""course_code_count"": 1, ""requirement_signal_count"": 5, ""program_title_present"": true, ""ok_reason"": ""title + requirement content""}",0,37151,14cb3af1166b684b27511c215d6aace4e50376ebfe23e61c1ea312807237f7b1,,ok
2026-07-31T01:07:36Z,https://catalogue.usc.edu/preview_program.php?catoid=22&poid=32537&returnto=9396,program_32537,1,httpx,direct_html,200,text/html; charset=UTF-8,0.465,"{""kind"": ""program_page"", ""challenge_detected"": false, ""visible_text_chars"": 3841, ""catalogue_title_found"": true, ""catalogue_year_seen"": ""2026-2027"", ""program_link_count"": 1, ""course_code_count"": 7, ""requirement_signal_count"": 3, ""program_title_present"": true, ""ok_reason"": ""title + requirement content""}",0,40588,be15ad2d01bda5b86657f1aa8475d00f3ac8ae01872a036228dc429d73ddae2f,,ok
2026-07-31T01:07:37Z,https://catalogue.usc.edu/preview_program.php?catoid=22&poid=31867&returnto=9396,program_31867,1,httpx,direct_html,200,text/html; charset=UTF-8,0.415,"{""kind"": ""program_page"", ""challenge_detected"": false, ""visible_text_chars"": 7330, ""catalogue_title_found"": true, ""catalogue_year_seen"": ""2026-2027"", ""program_link_count"": 1, ""course_code_count"": 28, ""requirement_signal_count"": 5, ""program_title_present"": true, ""ok_reason"": ""title + requirement content""}",0,55229,f53aeea89fd142e8159a9f9f73da27ece12ae3bbcaede250658a1646a9990f51,,ok
2026-07-31T01:07:39Z,https://catalogue.usc.edu/preview_program.php?catoid=22&poid=31813&returnto=9396,program_31813,1,httpx,direct_html,200,text/html; charset=UTF-8,0.313,"{""kind"": ""program_page"", ""challenge_detected"": false, ""visible_text_chars"": 4730, ""catalogue_title_found"": true, ""catalogue_year_seen"": ""2026-2027"", ""program_link_count"": 1, ""course_code_count"": 18, ""requirement_signal_count"": 4, ""program_title_present"": true, ""ok_reason"": ""title + requirement content""}",0,45911,2c2b4729a30d475a278405b7d27152d5bc201d9e11ba7d362c9459f243e8bdfc,,ok
2026-07-31T01:07:42Z,https://catalogue.usc.edu/preview_program.php?catoid=22&poid=32246&returnto=9396,program_32246,1,httpx,direct_html,200,text/html; charset=UTF-8,0.313,"{""kind"": ""program_page"", ""challenge_detected"": false, ""visible_text_chars"": 3588, ""catalogue_title_found"": true, ""catalogue_year_seen"": ""2026-2027"", ""program_link_count"": 1, ""course_code_count"": 8, ""requirement_signal_count"": 5, ""program_title_present"": true, ""ok_reason"": ""title + requirement content""}",0,40277,9a46fed82289d17c495d6f048eae7610448d81267740fc77e6e91827db8b2fd7,,ok
2026-07-31T01:07:45Z,https://catalogue.usc.edu/preview_program.php?catoid=22&poid=32424&returnto=9396,program_32424,1,httpx,direct_html,200,text/html; charset=UTF-8,0.373,"{""kind"": ""program_page"", ""challenge_detected"": false, ""visible_text_chars"": 3085, ""catalogue_title_found"": true, ""catalogue_year_seen"": ""2026-2027"", ""program_link_count"": 1, ""course_code_count"": 2, ""requirement_signal_count"": 5, ""program_title_present"": true, ""ok_reason"": ""title + requirement content""}",0,37466,d5949ebce7f304b45e6abf2e3a3d38f37f54291cb9b44f7df0cba3eaede0f833,,ok
2026-07-31T01:07:47Z,https://catalogue.usc.edu/preview_program.php?catoid=22&poid=31839&returnto=9396,program_31839,1,httpx,direct_html,200,text/html; charset=UTF-8,0.223,"{""kind"": ""program_page"", ""challenge_detected"": false, ""visible_text_chars"": 3577, ""catalogue_title_found"": true, ""catalogue_year_seen"": ""2026-2027"", ""program_link_count"": 1, ""course_code_count"": 10, ""requirement_signal_count"": 3, ""program_title_present"": true, ""ok_reason"": ""title + requirement content""}",0,41638,8c4089f53a16d18e1b62b9e8d3edca32f3c69088a7cc034658a35d772601552a,,ok
2026-07-31T01:07:49Z,https://catalogue.usc.edu/preview_program.php?catoid=22&poid=32496&returnto=9396,program_32496,1,httpx,direct_html,200,text/html; charset=UTF-8,0.376,"{""kind"": ""program_page"", ""challenge_detected"": false, ""visible_text_chars"": 6226, ""catalogue_title_found"": true, ""catalogue_year_seen"": ""2026-2027"", ""program_link_count"": 1, ""course_code_count"": 29, ""requirement_signal_count"": 4, ""program_title_present"": true, ""ok_reason"": ""title + requirement content""}",0,50967,848d30ad2468b034817830a21a1b06d796916567fca927d21bbe6cfa24c5a008,,ok
2026-07-31T01:07:51Z,https://catalogue.usc.edu/preview_program.php?catoid=22&poid=31767&returnto=9396,program_31767,1,httpx,direct_html,200,text/html; charset=UTF-8,0.474,"{""kind"": ""program_page"", ""challenge_detected"": false, ""visible_text_chars"": 4407, ""catalogue_title_found"": true, ""catalogue_year_seen"": ""2026-2027"", ""program_link_count"": 1, ""course_code_count"": 16, ""requirement_signal_count"": 4, ""program_title_present"": true, ""ok_reason"": ""title + requirement content""}",0,44840,a29777d1b74e759bd63257d5d6d7e073d95249d9271b8fe8a438e2d6e2962bf8,,ok
2026-07-31T01:07:53Z,https://catalogue.usc.edu/preview_program.php?catoid=22&poid=31559&returnto=9396,program_31559,1,httpx,direct_html,200,text/html; charset=UTF-8,0.408,"{""kind"": ""program_page"", ""challenge_detected"": false, ""visible_text_chars"": 4375, ""catalogue_title_found"": true, ""catalogue_year_seen"": ""2026-2027"", ""program_link_count"": 1, ""course_code_count"": 11, ""requirement_signal_count"": 5, ""program_title_present"": true, ""ok_reason"": ""title + requirement content""}",0,41511,d963db58bd7cd2b1e83a1e6757b6158f9584c42cd44770278595c499d251b3e8,,ok
2026-07-31T01:07:56Z,https://catalogue.usc.edu/preview_program.php?catoid=22&poid=31938&returnto=9396,program_31938,1,httpx,direct_html,200,text/html; charset=UTF-8,0.355,"{""kind"": ""program_page"", ""challenge_detected"": false, ""visible_text_chars"": 5963, ""catalogue_title_found"": true, ""catalogue_year_seen"": ""2026-2027"", ""program_link_count"": 1, ""course_code_count"": 30, ""requirement_signal_count"": 5, ""program_title_present"": true, ""ok_reason"": ""title + requirement content""}",0,50897,bcab8efc0f0ad6f47b1fb92a0b0fe85ce6ab184ee29cf5cee713bb2843220555,,ok
2026-07-31T01:07:57Z,https://catalogue.usc.edu/preview_program.php?catoid=22&poid=32473&returnto=9396,program_32473,1,httpx,direct_html,200,text/html; charset=UTF-8,0.301,"{""kind"": ""program_page"", ""challenge_detected"": false, ""visible_text_chars"": 2880, ""catalogue_title_found"": true, ""catalogue_year_seen"": ""2026-2027"", ""program_link_count"": 1, ""course_code_count"": 1, ""requirement_signal_count"": 3, ""program_title_present"": true, ""ok_reason"": ""title + requirement content""}",0,36794,de698e1389aeaa95f064411eac9e56ac24ad127eb33fe3363b62ef9ec3b8a290,,ok
2026-07-31T01:08:00Z,https://catalogue.usc.edu/preview_program.php?catoid=22&poid=32748&returnto=9396,program_32748,1,httpx,direct_html,200,text/html; charset=UTF-8,0.515,"{""kind"": ""program_page"", ""challenge_detected"": false, ""visible_text_chars"": 6783, ""catalogue_title_found"": true, ""catalogue_year_seen"": ""2026-2027"", ""program_link_count"": 1, ""course_code_count"": 50, ""requirement_signal_count"": 3, ""program_title_present"": true, ""ok_reason"": ""title + requirement content""}",0,58442,48602c2d4bdf2d8e83ff410b34022ba97a7f8b106161b5344bcdccc961a28efd,,ok
2026-07-31T01:08:02Z,https://catalogue.usc.edu/preview_program.php?catoid=22&poid=32880&returnto=9396,program_32880,1,httpx,direct_html,200,text/html; charset=UTF-8,0.392,"{""kind"": ""program_page"", ""challenge_detected"": false, ""visible_text_chars"": 4374, ""catalogue_title_found"": true, ""catalogue_year_seen"": ""2026-2027"", ""program_link_count"": 1, ""course_code_count"": 14, ""requirement_signal_count"": 5, ""program_title_present"": true, ""ok_reason"": ""title + requirement content""}",0,43030,6ce776bf36c85230615b007c0e831b2f4e3ebb62362cc3227c79f5a8df046e37,,ok
2026-07-31T01:08:05Z,https://catalogue.usc.edu/preview_program.php?catoid=22&poid=32943&returnto=9396,program_32943,1,httpx,direct_html,200,text/html; charset=UTF-8,0.243,"{""kind"": ""program_page"", ""challenge_detected"": false, ""visible_text_chars"": 4117, ""catalogue_title_found"": true, ""catalogue_year_seen"": ""2026-2027"", ""program_link_count"": 1, ""course_code_count"": 17, ""requirement_signal_count"": 3, ""program_title_present"": true, ""ok_reason"": ""title + requirement content""}",0,44016,f1add20d562ae2374a592bc3637ac9db3c6080594a068143f632b82b8bd15d96,,ok
2026-07-31T01:08:08Z,https://catalogue.usc.edu/preview_program.php?catoid=22&poid=32944&returnto=9396,program_32944,1,httpx,direct_html,200,text/html; charset=UTF-8,0.404,"{""kind"": ""program_page"", ""challenge_detected"": false, ""visible_text_chars"": 4399, ""catalogue_title_found"": true, ""catalogue_year_seen"": ""2026-2027"", ""program_link_count"": 1, ""course_code_count"": 18, ""requirement_signal_count"": 3, ""program_title_present"": true, ""ok_reason"": ""title + requirement content""}",0,44474,8f75f7adc97ed0123c4d6118155beda0c3cd4dc22b3565664c6fa54f2095d0dd,,ok
2026-07-31T01:08:09Z,https://catalogue.usc.edu/preview_program.php?catoid=22&poid=32703&returnto=9396,program_32703,1,httpx,direct_html,200,text/html; charset=UTF-8,0.326,"{""kind"": ""program_page"", ""challenge_detected"": false, ""visible_text_chars"": 4588, ""catalogue_title_found"": true, ""catalogue_year_seen"": ""2026-2027"", ""program_link_count"": 1, ""course_code_count"": 10, ""requirement_signal_count"": 4, ""program_title_present"": true, ""ok_reason"": ""title + requirement content""}",0,45172,359bdbf3881b83df37b6d6efd0ee33f67e958fc8d750d97d85338f30eea6a5ef,,ok
2026-07-31T01:08:12Z,https://catalogue.usc.edu/preview_program.php?catoid=22&poid=32931&returnto=9396,program_32931,1,httpx,direct_html,200,text/html; charset=UTF-8,0.38,"{""kind"": ""program_page"", ""challenge_detected"": false, ""visible_text_chars"": 4418, ""catalogue_title_found"": true, ""catalogue_year_seen"": ""2026-2027"", ""program_link_count"": 1, ""course_code_count"": 10, ""requirement_signal_count"": 3, ""program_title_present"": true, ""ok_reason"": ""title + requirement content""}",0,42775,f71d6176e8bc65a8f64f2b661b7d94f31c4c6ae07f0e9667f8976cdcdb7798f6,,ok
2026-07-31T01:08:14Z,https://catalogue.usc.edu/preview_program.php?catoid=22&poid=32309&returnto=9396,program_32309,1,httpx,challenge_page,202,text/html; charset=UTF-8,0.087,"{""kind"": ""program_page"", ""challenge_detected"": true, ""challenge_evidence"": [""script marker 'awswaf'"", ""script marker 'token.awswaf'""]}",1,2011,b5a19096775cb262246a1c588b6de32a52142814ddc7004ae31ac247faa81183,,challenge_page
2026-07-31T01:10:06Z,https://catalogue.usc.edu/preview_program.php?catoid=22&poid=32309&returnto=9396,program_32309,3,playwright,browser_rendered_dom,202,text/html; charset=UTF-8,109.725,"{""kind"": ""program_page"", ""challenge_detected"": false, ""visible_text_chars"": 10415, ""catalogue_title_found"": true, ""catalogue_year_seen"": ""2026-2027"", ""program_link_count"": 1, ""course_code_count"": 37, ""requirement_signal_count"": 3, ""program_title_present"": true, ""ok_reason"": ""title + requirement content"", ""expand_clicks"": 19}",0,178513,b6d8087c26a9856df662d3b60837641bef3402380c3de0a0cbd322019a856709,47e2749b946c210200a12915dcc6e321baa066def7164a7bdd6eb61654ecaeea,ok
2026-07-31T01:10:07Z,https://catalogue.usc.edu/preview_program.php?catoid=22&poid=32878&returnto=9396,program_32878,1,httpx,direct_html,200,text/html; charset=UTF-8,0.863,"{""kind"": ""program_page"", ""challenge_detected"": false, ""visible_text_chars"": 4058, ""catalogue_title_found"": true, ""catalogue_year_seen"": ""2026-2027"", ""program_link_count"": 1, ""course_code_count"": 11, ""requirement_signal_count"": 3, ""program_title_present"": true, ""ok_reason"": ""title + requirement content""}",0,42593,c720c8153e8e646bccfbc6f488fae5f088044502496aecfb31459df128c35708,,ok
2026-07-31T01:10:09Z,https://catalogue.usc.edu/preview_program.php?catoid=22&poid=32702&returnto=9396,program_32702,1,httpx,direct_html,200,text/html; charset=UTF-8,0.274,"{""kind"": ""program_page"", ""challenge_detected"": false, ""visible_text_chars"": 5330, ""catalogue_title_found"": true, ""catalogue_year_seen"": ""2026-2027"", ""program_link_count"": 1, ""course_code_count"": 23, ""requirement_signal_count"": 3, ""program_title_present"": true, ""ok_reason"": ""title + requirement content""}",0,50100,b570e71765fff13f2f1a6e6d86212346934e5257f35cc281ac2d6e3d296bc6b2,,ok
2026-07-31T01:10:11Z,https://catalogue.usc.edu/preview_program.php?catoid=22&poid=31900&returnto=9396,program_31900,1,httpx,direct_html,200,text/html; charset=UTF-8,0.4,"{""kind"": ""program_page"", ""challenge_detected"": false, ""visible_text_chars"": 5377, ""catalogue_title_found"": true, ""catalogue_year_seen"": ""2026-2027"", ""program_link_count"": 1, ""course_code_count"": 21, ""requirement_signal_count"": 4, ""program_title_present"": true, ""ok_reason"": ""title + requirement content""}",0,47951,5f9db66b1b68c1096737b7802b6471ae49222272f315e82167f870aca6b5417e,,ok
2026-07-31T01:10:13Z,https://catalogue.usc.edu/preview_program.php?catoid=22&poid=32793&returnto=9396,program_32793,1,httpx,direct_html,200,text/html; charset=UTF-8,0.312,"{""kind"": ""program_page"", ""challenge_detected"": false, ""visible_text_chars"": 3743, ""catalogue_title_found"": true, ""catalogue_year_seen"": ""2026-2027"", ""program_link_count"": 1, ""course_code_count"": 11, ""requirement_signal_count"": 3, ""program_title_present"": true, ""ok_reason"": ""title + requirement content""}",0,40805,5747347f6575fb1f48c35de643c76783a27483d4c7b2b8c0f4fbbb719c5e9d26,,ok
2026-07-31T01:10:16Z,https://catalogue.usc.edu/preview_program.php?catoid=22&poid=32933&returnto=9396,program_32933,1,httpx,direct_html,200,text/html; charset=UTF-8,0.438,"{""kind"": ""program_page"", ""challenge_detected"": false, ""visible_text_chars"": 4221, ""catalogue_title_found"": true, ""catalogue_year_seen"": ""2026-2027"", ""program_link_count"": 1, ""course_code_count"": 15, ""requirement_signal_count"": 3, ""program_title_present"": true, ""ok_reason"": ""title + requirement content""}",0,43819,97b896b35e1e1d356991f56f5fe145fdf31694a2a955bd522978c036bba95d25,,ok
2026-07-31T01:10:17Z,https://catalogue.usc.edu/preview_program.php?catoid=22&poid=32584&returnto=9396,program_32584,1,httpx,direct_html,200,text/html; charset=UTF-8,0.353,"{""kind"": ""program_page"", ""challenge_detected"": false, ""visible_text_chars"": 5796, ""catalogue_title_found"": true, ""catalogue_year_seen"": ""2026-2027"", ""program_link_count"": 1, ""course_code_count"": 37, ""requirement_signal_count"": 4, ""program_title_present"": true, ""ok_reason"": ""title + requirement content""}",0,53378,032d8b442f49252b1ef42d4ba579524fdfa52fca38cd25207146908be1f0d414,,ok
2026-07-31T01:10:20Z,https://catalogue.usc.edu/preview_program.php?catoid=22&poid=31816&returnto=9396,program_31816,1,httpx,direct_html,200,text/html; charset=UTF-8,0.358,"{""kind"": ""program_page"", ""challenge_detected"": false, ""visible_text_chars"": 3972, ""catalogue_title_found"": true, ""catalogue_year_seen"": ""2026-2027"", ""program_link_count"": 1, ""course_code_count"": 8, ""requirement_signal_count"": 3, ""program_title_present"": true, ""ok_reason"": ""title + requirement content""}",0,44253,fd7a3a57ff7e82fc7c30963cb7daae1b870557e1ee6e1c1b8dfa58f7f7403909,,ok
2026-07-31T01:10:21Z,https://catalogue.usc.edu/preview_program.php?catoid=22&poid=31845&returnto=9396,program_31845,1,httpx,direct_html,200,text/html; charset=UTF-8,0.381,"{""kind"": ""program_page"", ""challenge_detected"": false, ""visible_text_chars"": 3297, ""catalogue_title_found"": true, ""catalogue_year_seen"": ""2026-2027"", ""program_link_count"": 1, ""course_code_count"": 8, ""requirement_signal_count"": 3, ""program_title_present"": true, ""ok_reason"": ""title + requirement content""}",0,40454,b6f3f0c0175fdc64f17558a3a7b3b4fd2f60154dd19d80865b6ff15ce219c361,,ok
2026-07-31T01:10:24Z,https://catalogue.usc.edu/preview_program.php?catoid=22&poid=32954&returnto=9396,program_32954,1,httpx,direct_html,200,text/html; charset=UTF-8,0.252,"{""kind"": ""program_page"", ""challenge_detected"": false, ""visible_text_chars"": 5223, ""catalogue_title_found"": true, ""catalogue_year_seen"": ""2026-2027"", ""program_link_count"": 1, ""course_code_count"": 22, ""requirement_signal_count"": 4, ""program_title_present"": true, ""ok_reason"": ""title + requirement content""}",0,47609,41586c60698dcd597cb7c5017071c1ba79c97e7822175857f12ca28db4ad09d5,,ok
2026-07-31T01:10:26Z,https://catalogue.usc.edu/preview_program.php?catoid=22&poid=32425&returnto=9396,program_32425,1,httpx,direct_html,200,text/html; charset=UTF-8,0.41,"{""kind"": ""program_page"", ""challenge_detected"": false, ""visible_text_chars"": 5598, ""catalogue_title_found"": true, ""catalogue_year_seen"": ""2026-2027"", ""program_link_count"": 1, ""course_code_count"": 17, ""requirement_signal_count"": 4, ""program_title_present"": true, ""ok_reason"": ""title + requirement content""}",0,44927,87b7285168664a611057d4f0271de2e6fe94dff3d3d8a54911171b2cb79a257f,,ok
2026-07-31T01:10:28Z,https://catalogue.usc.edu/preview_program.php?catoid=22&poid=31606&returnto=9396,program_31606,1,httpx,direct_html,200,text/html; charset=UTF-8,0.498,"{""kind"": ""program_page"", ""challenge_detected"": false, ""visible_text_chars"": 3815, ""catalogue_title_found"": true, ""catalogue_year_seen"": ""2026-2027"", ""program_link_count"": 1, ""course_code_count"": 13, ""requirement_signal_count"": 4, ""program_title_present"": true, ""ok_reason"": ""title + requirement content""}",0,41486,c466d8d295429f4506deac35dd38f88b4d2bf611f0d42885cd496b3f9159b397,,ok
2026-07-31T01:10:30Z,https://catalogue.usc.edu/preview_program.php?catoid=22&poid=31932&returnto=9396,program_31932,1,httpx,direct_html,200,text/html; charset=UTF-8,0.275,"{""kind"": ""program_page"", ""challenge_detected"": false, ""visible_text_chars"": 4931, ""catalogue_title_found"": true, ""catalogue_year_seen"": ""2026-2027"", ""program_link_count"": 1, ""course_code_count"": 17, ""requirement_signal_count"": 5, ""program_title_present"": true, ""ok_reason"": ""title + requirement content""}",0,44987,54423ab3cf479ea89ff744aeb48e05c8c100f29d4594a7ace7d89fcc49e2784c,,ok
2026-07-31T01:10:32Z,https://catalogue.usc.edu/preview_program.php?catoid=22&poid=32470&returnto=9396,program_32470,1,httpx,direct_html,200,text/html; charset=UTF-8,0.459,"{""kind"": ""program_page"", ""challenge_detected"": false, ""visible_text_chars"": 5790, ""catalogue_title_found"": true, ""catalogue_year_seen"": ""2026-2027"", ""program_link_count"": 1, ""course_code_count"": 14, ""requirement_signal_count"": 5, ""program_title_present"": true, ""ok_reason"": ""title + requirement content""}",0,48574,94d51aa98c09622eb06e014896b9d6305c4cfd546ef11c9a92b4cee7186058f8,,ok
2026-07-31T01:10:35Z,https://catalogue.usc.edu/preview_program.php?catoid=22&poid=31607&returnto=9396,program_31607,1,httpx,direct_html,200,text/html; charset=UTF-8,0.562,"{""kind"": ""program_page"", ""challenge_detected"": false, ""visible_text_chars"": 3543, ""catalogue_title_found"": true, ""catalogue_year_seen"": ""2026-2027"", ""program_link_count"": 1, ""course_code_count"": 1, ""requirement_signal_count"": 4, ""program_title_present"": true, ""ok_reason"": ""title + requirement content""}",0,37620,45335fa1eb7f1c1f740528a0948d1c94574d00118e66dc3228001e5f3d6b42a0,,ok
2026-07-31T01:10:37Z,https://catalogue.usc.edu/preview_program.php?catoid=22&poid=32875&returnto=9396,program_32875,1,httpx,direct_html,200,text/html; charset=UTF-8,0.768,"{""kind"": ""program_page"", ""challenge_detected"": false, ""visible_text_chars"": 3832, ""catalogue_title_found"": true, ""catalogue_year_seen"": ""2026-2027"", ""program_link_count"": 1, ""course_code_count"": 10, ""requirement_signal_count"": 4, ""program_title_present"": true, ""ok_reason"": ""title + requirement content""}",0,40209,d4badbc1400cdfb66531980fa52dc1d1e7c26a0d21b3ac2dd917f04bf5e6edd4,,ok
2026-07-31T01:10:39Z,https://catalogue.usc.edu/preview_program.php?catoid=22&poid=32663&returnto=9396,program_32663,1,httpx,direct_html,200,text/html; charset=UTF-8,0.303,"{""kind"": ""program_page"", ""challenge_detected"": false, ""visible_text_chars"": 4819, ""catalogue_title_found"": true, ""catalogue_year_seen"": ""2026-2027"", ""program_link_count"": 2, ""course_code_count"": 12, ""requirement_signal_count"": 5, ""program_title_present"": true, ""ok_reason"": ""title + requirement content""}",0,42959,96501e7d05018245cf0a2caabee53696a22771f7ab2e641427b1f670171c4103,,ok
2026-07-31T01:10:42Z,https://catalogue.usc.edu/preview_program.php?catoid=22&poid=31851&returnto=9396,program_31851,1,httpx,direct_html,200,text/html; charset=UTF-8,0.259,"{""kind"": ""program_page"", ""challenge_detected"": false, ""visible_text_chars"": 6766, ""catalogue_title_found"": true, ""catalogue_year_seen"": ""2026-2027"", ""program_link_count"": 1, ""course_code_count"": 36, ""requirement_signal_count"": 5, ""program_title_present"": true, ""ok_reason"": ""title + requirement content""}",0,54287,be50824a0011af7c8e065e662f2766b6b438ee62b43775e7d49e98876e45f6e3,,ok
2026-07-31T01:10:45Z,https://catalogue.usc.edu/preview_program.php?catoid=22&poid=31857&returnto=9396,program_31857,1,httpx,direct_html,200,text/html; charset=UTF-8,0.374,"{""kind"": ""program_page"", ""challenge_detected"": false, ""visible_text_chars"": 3780, ""catalogue_title_found"": true, ""catalogue_year_seen"": ""2026-2027"", ""program_link_count"": 1, ""course_code_count"": 11, ""requirement_signal_count"": 4, ""program_title_present"": true, ""ok_reason"": ""title + requirement content""}",0,42291,07fa9c10f9cf960c3b77b60f4db92f71dfced3b7f7109666896b979d7afffb46,,ok
2026-07-31T01:10:46Z,https://catalogue.usc.edu/preview_program.php?catoid=22&poid=31688&returnto=9396,program_31688,1,httpx,direct_html,200,text/html; charset=UTF-8,0.231,"{""kind"": ""program_page"", ""challenge_detected"": false, ""visible_text_chars"": 4701, ""catalogue_title_found"": true, ""catalogue_year_seen"": ""2026-2027"", ""program_link_count"": 1, ""course_code_count"": 17, ""requirement_signal_count"": 4, ""program_title_present"": true, ""ok_reason"": ""title + requirement content""}",0,44771,43f6bfe029765e764d18c9d5a28ed64c3783906cf7254529b3f75bfc1c585a8b,,ok
2026-07-31T01:10:49Z,https://catalogue.usc.edu/preview_program.php?catoid=22&poid=31616&returnto=9396,program_31616,1,httpx,direct_html,200,text/html; charset=UTF-8,0.446,"{""kind"": ""program_page"", ""challenge_detected"": false, ""visible_text_chars"": 5512, ""catalogue_title_found"": true, ""catalogue_year_seen"": ""2026-2027"", ""program_link_count"": 1, ""course_code_count"": 32, ""requirement_signal_count"": 4, ""program_title_present"": true, ""ok_reason"": ""title + requirement content""}",0,51104,d3fa2bb2191d935b59ed4c7b64f4ae6a8031c2cd90ed6b1f3e28704f12ebbd72,,ok
2026-07-31T01:10:51Z,https://catalogue.usc.edu/preview_program.php?catoid=22&poid=31704&returnto=9396,program_31704,1,httpx,direct_html,200,text/html; charset=UTF-8,0.264,"{""kind"": ""program_page"", ""challenge_detected"": false, ""visible_text_chars"": 4586, ""catalogue_title_found"": true, ""catalogue_year_seen"": ""2026-2027"", ""program_link_count"": 1, ""course_code_count"": 15, ""requirement_signal_count"": 3, ""program_title_present"": true, ""ok_reason"": ""title + requirement content""}",0,45995,096760933cff5b6158527fdfd4100876e739f959a7b1c3d0b1416b47f14269a8,,ok
2026-07-31T01:10:54Z,https://catalogue.usc.edu/preview_program.php?catoid=22&poid=31868&returnto=9396,program_31868,1,httpx,direct_html,200,text/html; charset=UTF-8,0.393,"{""kind"": ""program_page"", ""challenge_detected"": false, ""visible_text_chars"": 6249, ""catalogue_title_found"": true, ""catalogue_year_seen"": ""2026-2027"", ""program_link_count"": 1, ""course_code_count"": 30, ""requirement_signal_count"": 5, ""program_title_present"": true, ""ok_reason"": ""title + requirement content""}",0,53841,0893ca3c8414f796f3ad67d7170079d9ca3e0e6c469f6d5a92352aff59216a5e,,ok
2026-07-31T01:10:56Z,https://catalogue.usc.edu/preview_program.php?catoid=22&poid=32739&returnto=9396,program_32739,1,httpx,direct_html,200,text/html; charset=UTF-8,0.441,"{""kind"": ""program_page"", ""challenge_detected"": false, ""visible_text_chars"": 5090, ""catalogue_title_found"": true, ""catalogue_year_seen"": ""2026-2027"", ""program_link_count"": 1, ""course_code_count"": 21, ""requirement_signal_count"": 4, ""program_title_present"": true, ""ok_reason"": ""title + requirement content""}",0,46362,c7a963e3268e5a23aad1034187a8e469dcdfaa902dc687b8e7f469818f48f395,,ok
2026-07-31T01:10:58Z,https://catalogue.usc.edu/preview_program.php?catoid=22&poid=32129&returnto=9396,program_32129,1,httpx,direct_html,200,text/html; charset=UTF-8,0.397,"{""kind"": ""program_page"", ""challenge_detected"": false, ""visible_text_chars"": 4611, ""catalogue_title_found"": true, ""catalogue_year_seen"": ""2026-2027"", ""program_link_count"": 1, ""course_code_count"": 14, ""requirement_signal_count"": 4, ""program_title_present"": true, ""ok_reason"": ""title + requirement content""}",0,42421,83ddff98373ff70bf75dd768ccfd76502ead33712cb59f2530341140cb73ceb8,,ok
2026-07-31T01:11:00Z,https://catalogue.usc.edu/preview_program.php?catoid=22&poid=32553&returnto=9396,program_32553,1,httpx,direct_html,200,text/html; charset=UTF-8,0.459,"{""kind"": ""program_page"", ""challenge_detected"": false, ""visible_text_chars"": 6995, ""catalogue_title_found"": true, ""catalogue_year_seen"": ""2026-2027"", ""program_link_count"": 1, ""course_code_count"": 32, ""requirement_signal_count"": 5, ""program_title_present"": true, ""ok_reason"": ""title + requirement content""}",0,57161,b0d0a6dbe17e609a381e6d9991ba83a284a36ddfa89fd4681437c38bd668daec,,ok
2026-07-31T01:11:02Z,https://catalogue.usc.edu/preview_program.php?catoid=22&poid=32245&returnto=9396,program_32245,1,httpx,direct_html,200,text/html; charset=UTF-8,0.861,"{""kind"": ""program_page"", ""challenge_detected"": false, ""visible_text_chars"": 4917, ""catalogue_title_found"": true, ""catalogue_year_seen"": ""2026-2027"", ""program_link_count"": 1, ""course_code_count"": 19, ""requirement_signal_count"": 4, ""program_title_present"": true, ""ok_reason"": ""title + requirement content""}",0,46868,aaf1baa6e31d3f3a7e0a9e11f139895727fdfe8940aa8c4469ab2a41cf90363e,,ok
2026-07-31T01:11:04Z,https://catalogue.usc.edu/preview_program.php?catoid=22&poid=32384&returnto=9396,program_32384,1,httpx,direct_html,200,text/html; charset=UTF-8,0.409,"{""kind"": ""program_page"", ""challenge_detected"": false, ""visible_text_chars"": 4542, ""catalogue_title_found"": true, ""catalogue_year_seen"": ""2026-2027"", ""program_link_count"": 1, ""course_code_count"": 14, ""requirement_signal_count"": 4, ""program_title_present"": true, ""ok_reason"": ""title + requirement content""}",0,45244,f58b3b300c03d6d5ca555a712e1bfb3d23f5702c5c1a092c5cd747856d7d3fb4,,ok
2026-07-31T01:11:06Z,https://catalogue.usc.edu/preview_program.php?catoid=22&poid=32244&returnto=9396,program_32244,1,httpx,direct_html,200,text/html; charset=UTF-8,0.361,"{""kind"": ""program_page"", ""challenge_detected"": false, ""visible_text_chars"": 4502, ""catalogue_title_found"": true, ""catalogue_year_seen"": ""2026-2027"", ""program_link_count"": 1, ""course_code_count"": 12, ""requirement_signal_count"": 4, ""program_title_present"": true, ""ok_reason"": ""title + requirement content""}",0,44818,badeeff4f1bb215b80a504ab161f1bef8b2dcc0eec4ce6403025706295ee60c2,,ok
2026-07-31T01:11:09Z,https://catalogue.usc.edu/preview_program.php?catoid=22&poid=32248&returnto=9396,program_32248,1,httpx,direct_html,200,text/html; charset=UTF-8,0.376,"{""kind"": ""program_page"", ""challenge_detected"": false, ""visible_text_chars"": 3236, ""catalogue_title_found"": true, ""catalogue_year_seen"": ""2026-2027"", ""program_link_count"": 1, ""course_code_count"": 1, ""requirement_signal_count"": 4, ""program_title_present"": true, ""ok_reason"": ""title + requirement content""}",0,37969,b716847a8a2333291163a6cfcd941bedcadb3e288929641e69e651bc5465870c,,ok
2026-07-31T01:11:12Z,https://catalogue.usc.edu/preview_program.php?catoid=22&poid=32247&returnto=9396,program_32247,1,httpx,direct_html,200,text/html; charset=UTF-8,0.389,"{""kind"": ""program_page"", ""challenge_detected"": false, ""visible_text_chars"": 4029, ""catalogue_title_found"": true, ""catalogue_year_seen"": ""2026-2027"", ""program_link_count"": 1, ""course_code_count"": 12, ""requirement_signal_count"": 5, ""program_title_present"": true, ""ok_reason"": ""title + requirement content""}",0,42861,aab1283e2a3cb1dfb55ca7a7fb3c290eb718b767ae80e369f8e85dd9e07e531f,,ok
2026-07-31T01:11:13Z,https://catalogue.usc.edu/preview_program.php?catoid=22&poid=32439&returnto=9396,program_32439,1,httpx,direct_html,200,text/html; charset=UTF-8,0.392,"{""kind"": ""program_page"", ""challenge_detected"": false, ""visible_text_chars"": 4265, ""catalogue_title_found"": true, ""catalogue_year_seen"": ""2026-2027"", ""program_link_count"": 1, ""course_code_count"": 8, ""requirement_signal_count"": 4, ""program_title_present"": true, ""ok_reason"": ""title + requirement content""}",0,43706,d3c87f85945e27f822c44d966c859bb85e3c513a87db63344555c4bb44d2754f,,ok
2026-07-31T01:11:15Z,https://catalogue.usc.edu/preview_program.php?catoid=22&poid=31793&returnto=9396,program_31793,1,httpx,direct_html,200,text/html; charset=UTF-8,0.254,"{""kind"": ""program_page"", ""challenge_detected"": false, ""visible_text_chars"": 8518, ""catalogue_title_found"": true, ""catalogue_year_seen"": ""2026-2027"", ""program_link_count"": 1, ""course_code_count"": 54, ""requirement_signal_count"": 5, ""program_title_present"": true, ""ok_reason"": ""title + requirement content""}",0,69591,855ec5732b7b7d62d8e9646e7f7b6bb460555fbe4bd2f71e78ab6daa628fb025,,ok
2026-07-31T01:11:18Z,https://catalogue.usc.edu/preview_program.php?catoid=22&poid=32497&returnto=9396,program_32497,1,httpx,direct_html,200,text/html; charset=UTF-8,0.392,"{""kind"": ""program_page"", ""challenge_detected"": false, ""visible_text_chars"": 3824, ""catalogue_title_found"": true, ""catalogue_year_seen"": ""2026-2027"", ""program_link_count"": 1, ""course_code_count"": 4, ""requirement_signal_count"": 4, ""program_title_present"": true, ""ok_reason"": ""title + requirement content""}",0,40682,1767ce261e28799bac4adc151d2320e17551a5010912aab8fd1bd9678e4fa7d0,,ok
2026-07-31T01:11:20Z,https://catalogue.usc.edu/preview_program.php?catoid=22&poid=31724&returnto=9396,program_31724,1,httpx,direct_html,200,text/html; charset=UTF-8,0.238,"{""kind"": ""program_page"", ""challenge_detected"": false, ""visible_text_chars"": 4072, ""catalogue_title_found"": true, ""catalogue_year_seen"": ""2026-2027"", ""program_link_count"": 1, ""course_code_count"": 1, ""requirement_signal_count"": 5, ""program_title_present"": true, ""ok_reason"": ""title + requirement content""}",0,42085,9e47d81a8d2628c956de6ec1d009c18cc0d26a5c29467e4ea6ca3c26e9de2659,,ok
2026-07-31T01:11:23Z,https://catalogue.usc.edu/preview_program.php?catoid=22&poid=31872&returnto=9396,program_31872,1,httpx,direct_html,200,text/html; charset=UTF-8,0.222,"{""kind"": ""program_page"", ""challenge_detected"": false, ""visible_text_chars"": 7637, ""catalogue_title_found"": true, ""catalogue_year_seen"": ""2026-2027"", ""program_link_count"": 1, ""course_code_count"": 74, ""requirement_signal_count"": 4, ""program_title_present"": true, ""ok_reason"": ""title + requirement content""}",0,68313,30eac367978e97cc277fd404569729ee1fd2fecdafdfe05de70af3d1481620f8,,ok
2026-07-31T01:11:25Z,https://catalogue.usc.edu/preview_program.php?catoid=22&poid=31969&returnto=9396,program_31969,1,httpx,direct_html,200,text/html; charset=UTF-8,0.227,"{""kind"": ""program_page"", ""challenge_detected"": false, ""visible_text_chars"": 4173, ""catalogue_title_found"": true, ""catalogue_year_seen"": ""2026-2027"", ""program_link_count"": 1, ""course_code_count"": 9, ""requirement_signal_count"": 4, ""program_title_present"": true, ""ok_reason"": ""title + requirement content""}",0,41252,bf86959ffe907a9755f90d11c4084539d4571d4351ecea494ff7eb8b990c5d9f,,ok
2026-07-31T01:11:27Z,https://catalogue.usc.edu/preview_program.php?catoid=22&poid=32395&returnto=9396,program_32395,1,httpx,direct_html,200,text/html; charset=UTF-8,0.307,"{""kind"": ""program_page"", ""challenge_detected"": false, ""visible_text_chars"": 2991, ""catalogue_title_found"": true, ""catalogue_year_seen"": ""2026-2027"", ""program_link_count"": 1, ""course_code_count"": 0, ""requirement_signal_count"": 3, ""program_title_present"": true, ""ok_reason"": ""title + requirement content""}",0,36624,01c0d9c0db1767c6b03d198f840e8d40098acf93160f47c5c8439c1199130135,,ok
2026-07-31T01:11:29Z,https://catalogue.usc.edu/preview_program.php?catoid=22&poid=32310&returnto=9396,program_32310,1,httpx,direct_html,200,text/html; charset=UTF-8,0.375,"{""kind"": ""program_page"", ""challenge_detected"": false, ""visible_text_chars"": 4427, ""catalogue_title_found"": true, ""catalogue_year_seen"": ""2026-2027"", ""program_link_count"": 1, ""course_code_count"": 8, ""requirement_signal_count"": 3, ""program_title_present"": true, ""ok_reason"": ""title + requirement content""}",0,40919,9cb9ce43e81ad6a5e99f15ab5dd17d8be25936a99a428bba4c4e4cf16606c3d6,,ok
2026-07-31T01:11:31Z,https://catalogue.usc.edu/preview_program.php?catoid=22&poid=32217&returnto=9396,program_32217,1,httpx,direct_html,200,text/html; charset=UTF-8,0.267,"{""kind"": ""program_page"", ""challenge_detected"": false, ""visible_text_chars"": 4002, ""catalogue_title_found"": true, ""catalogue_year_seen"": ""2026-2027"", ""program_link_count"": 1, ""course_code_count"": 7, ""requirement_signal_count"": 4, ""program_title_present"": true, ""ok_reason"": ""title + requirement content""}",0,40903,bc83f6c0a60b5bc4199cd8a99228f4cd66ead0982e664c35a5399181683d4e94,,ok
2026-07-31T01:11:33Z,https://catalogue.usc.edu/preview_program.php?catoid=22&poid=32167&returnto=9396,program_32167,1,httpx,direct_html,200,text/html; charset=UTF-8,0.5,"{""kind"": ""program_page"", ""challenge_detected"": false, ""visible_text_chars"": 5621, ""catalogue_title_found"": true, ""catalogue_year_seen"": ""2026-2027"", ""program_link_count"": 1, ""course_code_count"": 21, ""requirement_signal_count"": 4, ""program_title_present"": true, ""ok_reason"": ""title + requirement content""}",0,45768,6f1d24645213e7a850068d7dfadc4d5d4afbe4b7e575c3748a9fedc3927ae578,,ok
2026-07-31T01:11:35Z,https://catalogue.usc.edu/preview_program.php?catoid=22&poid=31608&returnto=9396,program_31608,1,httpx,direct_html,200,text/html; charset=UTF-8,0.245,"{""kind"": ""program_page"", ""challenge_detected"": false, ""visible_text_chars"": 4141, ""catalogue_title_found"": true, ""catalogue_year_seen"": ""2026-2027"", ""program_link_count"": 1, ""course_code_count"": 15, ""requirement_signal_count"": 4, ""program_title_present"": true, ""ok_reason"": ""title + requirement content""}",0,42788,bbec63c73e4c673418a5f70991ffff0b2478f2a1a3a0b323bf60f07c7214763b,,ok
2026-07-31T01:11:38Z,https://catalogue.usc.edu/preview_program.php?catoid=22&poid=31609&returnto=9396,program_31609,1,httpx,direct_html,200,text/html; charset=UTF-8,0.233,"{""kind"": ""program_page"", ""challenge_detected"": false, ""visible_text_chars"": 3966, ""catalogue_title_found"": true, ""catalogue_year_seen"": ""2026-2027"", ""program_link_count"": 1, ""course_code_count"": 13, ""requirement_signal_count"": 4, ""program_title_present"": true, ""ok_reason"": ""title + requirement content""}",0,41678,e3fd0528d4a114b8d2d1427f88548e607ca956c672194362e66850c0bc5f1406,,ok
2026-07-31T01:11:39Z,https://catalogue.usc.edu/preview_program.php?catoid=22&poid=31577&returnto=9396,program_31577,1,httpx,direct_html,200,text/html; charset=UTF-8,0.23,"{""kind"": ""program_page"", ""challenge_detected"": false, ""visible_text_chars"": 3904, ""catalogue_title_found"": true, ""catalogue_year_seen"": ""2026-2027"", ""program_link_count"": 1, ""course_code_count"": 8, ""requirement_signal_count"": 4, ""program_title_present"": true, ""ok_reason"": ""title + requirement content""}",0,40293,e5de2a1cd0a1c1dac54438502d52cfc20cf17ded8b55907e4c7eee6cad17a16c,,ok
2026-07-31T01:11:42Z,https://catalogue.usc.edu/preview_program.php?catoid=22&poid=32951&returnto=9396,program_32951,1,httpx,direct_html,200,text/html; charset=UTF-8,0.265,"{""kind"": ""program_page"", ""challenge_detected"": false, ""visible_text_chars"": 4274, ""catalogue_title_found"": true, ""catalogue_year_seen"": ""2026-2027"", ""program_link_count"": 1, ""course_code_count"": 7, ""requirement_signal_count"": 4, ""program_title_present"": true, ""ok_reason"": ""title + requirement content""}",0,41000,add859e467ca003a035e1bf57f50d6f202d8d261b37b309a431136ebaabc4b70,,ok
2026-07-31T01:11:44Z,https://catalogue.usc.edu/preview_program.php?catoid=22&poid=32700&returnto=9396,program_32700,1,httpx,direct_html,200,text/html; charset=UTF-8,0.244,"{""kind"": ""program_page"", ""challenge_detected"": false, ""visible_text_chars"": 6076, ""catalogue_title_found"": true, ""catalogue_year_seen"": ""2026-2027"", ""program_link_count"": 1, ""course_code_count"": 23, ""requirement_signal_count"": 4, ""program_title_present"": true, ""ok_reason"": ""title + requirement content""}",0,49483,65c988e95c1804a77180e63a92ed60e20c1711c697bec0f19d7d5de61c6f33c5,,ok
2026-07-31T01:11:47Z,https://catalogue.usc.edu/preview_program.php?catoid=22&poid=32426&returnto=9396,program_32426,1,httpx,direct_html,200,text/html; charset=UTF-8,0.261,"{""kind"": ""program_page"", ""challenge_detected"": false, ""visible_text_chars"": 5192, ""catalogue_title_found"": true, ""catalogue_year_seen"": ""2026-2027"", ""program_link_count"": 1, ""course_code_count"": 14, ""requirement_signal_count"": 5, ""program_title_present"": true, ""ok_reason"": ""title + requirement content""}",0,46618,051384f3f0924963788da2a66b9225d80cea22a2d5c699d5fae1e07fdb0e4e88,,ok
2026-07-31T01:11:49Z,https://catalogue.usc.edu/preview_program.php?catoid=22&poid=32009&returnto=9396,program_32009,1,httpx,direct_html,200,text/html; charset=UTF-8,0.331,"{""kind"": ""program_page"", ""challenge_detected"": false, ""visible_text_chars"": 5575, ""catalogue_title_found"": true, ""catalogue_year_seen"": ""2026-2027"", ""program_link_count"": 1, ""course_code_count"": 23, ""requirement_signal_count"": 3, ""program_title_present"": true, ""ok_reason"": ""title + requirement content""}",0,52301,76639652453b3e4104f0b62e08a2a4b6328fc0f8cf97b75692e6692a8f41678f,,ok
2026-07-31T01:11:52Z,https://catalogue.usc.edu/preview_program.php?catoid=22&poid=32614&returnto=9396,program_32614,1,httpx,direct_html,200,text/html; charset=UTF-8,0.344,"{""kind"": ""program_page"", ""challenge_detected"": false, ""visible_text_chars"": 3922, ""catalogue_title_found"": true, ""catalogue_year_seen"": ""2026-2027"", ""program_link_count"": 1, ""course_code_count"": 10, ""requirement_signal_count"": 3, ""program_title_present"": true, ""ok_reason"": ""title + requirement content""}",0,42111,352b7bffbe830b668fce274ec8cbdb3c5775e0a1cbabee3544f4aafea3cc0356,,ok
2026-07-31T01:11:54Z,https://catalogue.usc.edu/preview_program.php?catoid=22&poid=32068&returnto=9396,program_32068,1,httpx,direct_html,200,text/html; charset=UTF-8,0.379,"{""kind"": ""program_page"", ""challenge_detected"": false, ""visible_text_chars"": 3755, ""catalogue_title_found"": true, ""catalogue_year_seen"": ""2026-2027"", ""program_link_count"": 1, ""course_code_count"": 6, ""requirement_signal_count"": 4, ""program_title_present"": true, ""ok_reason"": ""title + requirement content""}",0,40839,3bd3a6b83720416a0fae21869b8f56d9dd571f35dce02c870eaa45a17eaab89e,,ok
2026-07-31T01:11:57Z,https://catalogue.usc.edu/preview_program.php?catoid=22&poid=31878&returnto=9396,program_31878,1,httpx,direct_html,200,text/html; charset=UTF-8,0.475,"{""kind"": ""program_page"", ""challenge_detected"": false, ""visible_text_chars"": 5326, ""catalogue_title_found"": true, ""catalogue_year_seen"": ""2026-2027"", ""program_link_count"": 1, ""course_code_count"": 56, ""requirement_signal_count"": 4, ""program_title_present"": true, ""ok_reason"": ""title + requirement content""}",0,56457,e030829cf52784ecf32b4b1ca6436d3bf457b2a0799507765349634c55069210,,ok
2026-07-31T01:12:00Z,https://catalogue.usc.edu/preview_program.php?catoid=22&poid=32667&returnto=9396,program_32667,1,httpx,direct_html,200,text/html; charset=UTF-8,0.374,"{""kind"": ""program_page"", ""challenge_detected"": false, ""visible_text_chars"": 4951, ""catalogue_title_found"": true, ""catalogue_year_seen"": ""2026-2027"", ""program_link_count"": 1, ""course_code_count"": 19, ""requirement_signal_count"": 3, ""program_title_present"": true, ""ok_reason"": ""title + requirement content""}",0,47379,7c7d2610271eb11bf74e8ba126dfe439138a9aa863270e86c69d9893f58ac26c,,ok
2026-07-31T01:12:03Z,https://catalogue.usc.edu/preview_program.php?catoid=22&poid=31933&returnto=9396,program_31933,1,httpx,direct_html,200,text/html; charset=UTF-8,0.745,"{""kind"": ""program_page"", ""challenge_detected"": false, ""visible_text_chars"": 5561, ""catalogue_title_found"": true, ""catalogue_year_seen"": ""2026-2027"", ""program_link_count"": 1, ""course_code_count"": 12, ""requirement_signal_count"": 5, ""program_title_present"": true, ""ok_reason"": ""title + requirement content""}",0,46442,221abdede2755e6d8d4f49ef2a9eb67ee0625e95077efecb9d5125263cae0c0b,,ok
2026-07-31T01:12:04Z,https://catalogue.usc.edu/preview_program.php?catoid=22&poid=31578&returnto=9396,program_31578,1,httpx,direct_html,200,text/html; charset=UTF-8,0.326,"{""kind"": ""program_page"", ""challenge_detected"": false, ""visible_text_chars"": 3931, ""catalogue_title_found"": true, ""catalogue_year_seen"": ""2026-2027"", ""program_link_count"": 1, ""course_code_count"": 8, ""requirement_signal_count"": 3, ""program_title_present"": true, ""ok_reason"": ""title + requirement content""}",0,40808,4ccecf1b78826a1e4bf78cb7507ced3711fc6021d85390ad7c70a5cccd8d1f20,,ok
2026-07-31T01:12:06Z,https://catalogue.usc.edu/preview_program.php?catoid=22&poid=31892&returnto=9396,program_31892,1,httpx,direct_html,200,text/html; charset=UTF-8,0.283,"{""kind"": ""program_page"", ""challenge_detected"": false, ""visible_text_chars"": 3464, ""catalogue_title_found"": true, ""catalogue_year_seen"": ""2026-2027"", ""program_link_count"": 1, ""course_code_count"": 5, ""requirement_signal_count"": 3, ""program_title_present"": true, ""ok_reason"": ""title + requirement content""}",0,40538,73210a4f9934af58562fe8241ba4d96ddd591a3f5baa06dc434ec9a02a5c1f0c,,ok
2026-07-31T01:12:08Z,https://catalogue.usc.edu/preview_program.php?catoid=22&poid=32819&returnto=9396,program_32819,1,httpx,direct_html,200,text/html; charset=UTF-8,0.332,"{""kind"": ""program_page"", ""challenge_detected"": false, ""visible_text_chars"": 4127, ""catalogue_title_found"": true, ""catalogue_year_seen"": ""2026-2027"", ""program_link_count"": 1, ""course_code_count"": 11, ""requirement_signal_count"": 3, ""program_title_present"": true, ""ok_reason"": ""title + requirement content""}",0,42422,1fd9c3f09f145d2ee3b820afa1a81830232b18ff0d052e3538d206e92152b8d7,,ok
2026-07-31T01:12:09Z,https://catalogue.usc.edu/preview_program.php?catoid=22&poid=32718&returnto=9396,program_32718,1,httpx,direct_html,200,text/html; charset=UTF-8,0.396,"{""kind"": ""program_page"", ""challenge_detected"": false, ""visible_text_chars"": 4319, ""catalogue_title_found"": true, ""catalogue_year_seen"": ""2026-2027"", ""program_link_count"": 1, ""course_code_count"": 15, ""requirement_signal_count"": 4, ""program_title_present"": true, ""ok_reason"": ""title + requirement content""}",0,43029,2225110fa76c8bc69464baabd28f6c4e0f6f69d65928c3148184f6af04a4f198,,ok
2026-07-31T01:12:11Z,https://catalogue.usc.edu/preview_program.php?catoid=22&poid=31902&returnto=9396,program_31902,1,httpx,direct_html,200,text/html; charset=UTF-8,0.515,"{""kind"": ""program_page"", ""challenge_detected"": false, ""visible_text_chars"": 5560, ""catalogue_title_found"": true, ""catalogue_year_seen"": ""2026-2027"", ""program_link_count"": 1, ""course_code_count"": 19, ""requirement_signal_count"": 5, ""program_title_present"": true, ""ok_reason"": ""title + requirement content""}",0,47247,ba477ff8384818651c77884006b3eb7f0291f97429130c143ac07b4cd7d89e08,,ok
2026-07-31T01:12:14Z,https://catalogue.usc.edu/preview_program.php?catoid=22&poid=31898&returnto=9396,program_31898,1,httpx,direct_html,200,text/html; charset=UTF-8,0.444,"{""kind"": ""program_page"", ""challenge_detected"": false, ""visible_text_chars"": 4273, ""catalogue_title_found"": true, ""catalogue_year_seen"": ""2026-2027"", ""program_link_count"": 1, ""course_code_count"": 5, ""requirement_signal_count"": 3, ""program_title_present"": true, ""ok_reason"": ""title + requirement content""}",0,40208,16228ad242b00e2687127df14170f41eb11d8ee09613b6a23de484a80c0c67f4,,ok
2026-07-31T01:12:16Z,https://catalogue.usc.edu/preview_program.php?catoid=22&poid=32249&returnto=9396,program_32249,1,httpx,direct_html,200,text/html; charset=UTF-8,0.329,"{""kind"": ""program_page"", ""challenge_detected"": false, ""visible_text_chars"": 3717, ""catalogue_title_found"": true, ""catalogue_year_seen"": ""2026-2027"", ""program_link_count"": 1, ""course_code_count"": 6, ""requirement_signal_count"": 4, ""program_title_present"": true, ""ok_reason"": ""title + requirement content""}",0,40854,8760ab3c7cccd4104b4cb4cd38426abd0d07c436e5faabd0cbcacef6df7afb96,,ok
2026-07-31T01:12:19Z,https://catalogue.usc.edu/preview_program.php?catoid=22&poid=32481&returnto=9396,program_32481,1,httpx,direct_html,200,text/html; charset=UTF-8,0.33,"{""kind"": ""program_page"", ""challenge_detected"": false, ""visible_text_chars"": 5404, ""catalogue_title_found"": true, ""catalogue_year_seen"": ""2026-2027"", ""program_link_count"": 1, ""course_code_count"": 16, ""requirement_signal_count"": 5, ""program_title_present"": true, ""ok_reason"": ""title + requirement content""}",0,45441,e8354b4e1f6894d15b584e654c554b397769d4411378154872a13dfad4f561a6,,ok
2026-07-31T01:12:21Z,https://catalogue.usc.edu/preview_program.php?catoid=22&poid=32941&returnto=9396,program_32941,1,httpx,direct_html,200,text/html; charset=UTF-8,0.29,"{""kind"": ""program_page"", ""challenge_detected"": false, ""visible_text_chars"": 7467, ""catalogue_title_found"": true, ""catalogue_year_seen"": ""2026-2027"", ""program_link_count"": 1, ""course_code_count"": 57, ""requirement_signal_count"": 4, ""program_title_present"": true, ""ok_reason"": ""title + requirement content""}",0,58449,91d0e9ffaa6dda7686d80d34f0f78fa134c691cf1798400971e9540ecc19363a,,ok
2026-07-31T01:12:24Z,https://catalogue.usc.edu/preview_program.php?catoid=22&poid=31950&returnto=9396,program_31950,1,httpx,direct_html,200,text/html; charset=UTF-8,0.504,"{""kind"": ""program_page"", ""challenge_detected"": false, ""visible_text_chars"": 4272, ""catalogue_title_found"": true, ""catalogue_year_seen"": ""2026-2027"", ""program_link_count"": 1, ""course_code_count"": 14, ""requirement_signal_count"": 4, ""program_title_present"": true, ""ok_reason"": ""title + requirement content""}",0,42523,e87c2ae8d0b7a5f4b6dd90afa36243bf154681f9f7ba883c15f1b093dd589c46,,ok
2026-07-31T01:12:27Z,https://catalogue.usc.edu/preview_program.php?catoid=22&poid=32881&returnto=9396,program_32881,1,httpx,direct_html,200,text/html; charset=UTF-8,0.23,"{""kind"": ""program_page"", ""challenge_detected"": false, ""visible_text_chars"": 3680, ""catalogue_title_found"": true, ""catalogue_year_seen"": ""2026-2027"", ""program_link_count"": 1, ""course_code_count"": 6, ""requirement_signal_count"": 4, ""program_title_present"": true, ""ok_reason"": ""title + requirement content""}",0,39809,a318937ee6dca7c9308a70ef9d880456f78b7716cffab9a893a277c297729826,,ok
2026-07-31T01:12:29Z,https://catalogue.usc.edu/preview_program.php?catoid=22&poid=31911&returnto=9396,program_31911,1,httpx,direct_html,200,text/html; charset=UTF-8,0.403,"{""kind"": ""program_page"", ""challenge_detected"": false, ""visible_text_chars"": 4561, ""catalogue_title_found"": true, ""catalogue_year_seen"": ""2026-2027"", ""program_link_count"": 1, ""course_code_count"": 16, ""requirement_signal_count"": 5, ""program_title_present"": true, ""ok_reason"": ""title + requirement content""}",0,45576,29c1ed811a46da347c3fd247938c74088b69ffca95c4609b5c14550c34f81bb5,,ok
2026-07-31T01:12:31Z,https://catalogue.usc.edu/preview_program.php?catoid=22&poid=31910&returnto=9396,program_31910,1,httpx,direct_html,200,text/html; charset=UTF-8,0.234,"{""kind"": ""program_page"", ""challenge_detected"": false, ""visible_text_chars"": 3200, ""catalogue_title_found"": true, ""catalogue_year_seen"": ""2026-2027"", ""program_link_count"": 1, ""course_code_count"": 2, ""requirement_signal_count"": 5, ""program_title_present"": true, ""ok_reason"": ""title + requirement content""}",0,38109,20129e0fe4cd80666987b6cd5a36dcb34d0d0ff9002853addba46c4f14cdf1a2,,ok
2026-07-31T01:12:34Z,https://catalogue.usc.edu/preview_program.php?catoid=22&poid=32216&returnto=9396,program_32216,1,httpx,direct_html,200,text/html; charset=UTF-8,0.254,"{""kind"": ""program_page"", ""challenge_detected"": false, ""visible_text_chars"": 4181, ""catalogue_title_found"": true, ""catalogue_year_seen"": ""2026-2027"", ""program_link_count"": 1, ""course_code_count"": 12, ""requirement_signal_count"": 4, ""program_title_present"": true, ""ok_reason"": ""title + requirement content""}",0,42224,3a06cce1f6c713356b63e9832350f9b6937b6d63fcb5ffdc3d02ecb4f0b6e139,,ok
2026-07-31T01:12:37Z,https://catalogue.usc.edu/preview_program.php?catoid=22&poid=32417&returnto=9396,program_32417,1,httpx,direct_html,200,text/html; charset=UTF-8,0.254,"{""kind"": ""program_page"", ""challenge_detected"": false, ""visible_text_chars"": 3463, ""catalogue_title_found"": true, ""catalogue_year_seen"": ""2026-2027"", ""program_link_count"": 1, ""course_code_count"": 4, ""requirement_signal_count"": 4, ""program_title_present"": true, ""ok_reason"": ""title + requirement content""}",0,38126,be22ecfdc3d6d6fba2c6ddbeee515d37b45c941300c6d064ead410c97ec63b47,,ok
2026-07-31T01:12:39Z,https://catalogue.usc.edu/preview_program.php?catoid=22&poid=31901&returnto=9396,program_31901,1,httpx,direct_html,200,text/html; charset=UTF-8,0.308,"{""kind"": ""program_page"", ""challenge_detected"": false, ""visible_text_chars"": 5359, ""catalogue_title_found"": true, ""catalogue_year_seen"": ""2026-2027"", ""program_link_count"": 1, ""course_code_count"": 21, ""requirement_signal_count"": 5, ""program_title_present"": true, ""ok_reason"": ""title + requirement content""}",0,49186,b951c0ea05e27ee23e1025d1fe1e89cf1dae1365a0ee4af207e7aa768005e925,,ok
2026-07-31T01:12:42Z,https://catalogue.usc.edu/preview_program.php?catoid=22&poid=32311&returnto=9396,program_32311,1,httpx,direct_html,200,text/html; charset=UTF-8,0.403,"{""kind"": ""program_page"", ""challenge_detected"": false, ""visible_text_chars"": 4033, ""catalogue_title_found"": true, ""catalogue_year_seen"": ""2026-2027"", ""program_link_count"": 1, ""course_code_count"": 16, ""requirement_signal_count"": 3, ""program_title_present"": true, ""ok_reason"": ""title + requirement content""}",0,43287,f7286611aacff6c9c4f0094fb8b715a0f99909d4bc0d959b75e6cdffa94603f3,,ok
2026-07-31T01:12:44Z,https://catalogue.usc.edu/preview_program.php?catoid=22&poid=32540&returnto=9396,program_32540,1,httpx,direct_html,200,text/html; charset=UTF-8,0.413,"{""kind"": ""program_page"", ""challenge_detected"": false, ""visible_text_chars"": 5680, ""catalogue_title_found"": true, ""catalogue_year_seen"": ""2026-2027"", ""program_link_count"": 1, ""course_code_count"": 20, ""requirement_signal_count"": 4, ""program_title_present"": true, ""ok_reason"": ""title + requirement content""}",0,46530,4274d6dea061471667b3ef6a3702e269dcc8976f4e69da868d91edc62f0ea64b,,ok
2026-07-31T01:12:47Z,https://catalogue.usc.edu/preview_program.php?catoid=22&poid=31921&returnto=9396,program_31921,1,httpx,direct_html,200,text/html; charset=UTF-8,0.388,"{""kind"": ""program_page"", ""challenge_detected"": false, ""visible_text_chars"": 3072, ""catalogue_title_found"": true, ""catalogue_year_seen"": ""2026-2027"", ""program_link_count"": 1, ""course_code_count"": 1, ""requirement_signal_count"": 4, ""program_title_present"": true, ""ok_reason"": ""title + requirement content""}",0,37020,f582cc544fedbe9dffdd6e59c0283ee2483dbd477fe3e95c85b80b077a669e95,,ok
2026-07-31T01:12:49Z,https://catalogue.usc.edu/preview_program.php?catoid=22&poid=31823&returnto=9396,program_31823,1,httpx,direct_html,200,text/html; charset=UTF-8,0.309,"{""kind"": ""program_page"", ""challenge_detected"": false, ""visible_text_chars"": 5423, ""catalogue_title_found"": true, ""catalogue_year_seen"": ""2026-2027"", ""program_link_count"": 1, ""course_code_count"": 18, ""requirement_signal_count"": 5, ""program_title_present"": true, ""ok_reason"": ""title + requirement content""}",0,48225,d7a2e35a9b2e8ab641221335ae41e29feed82c66e7a87363cb720ba2d56ca5dc,,ok
2026-07-31T01:12:50Z,https://catalogue.usc.edu/preview_program.php?catoid=22&poid=32538&returnto=9396,program_32538,1,httpx,direct_html,200,text/html; charset=UTF-8,0.282,"{""kind"": ""program_page"", ""challenge_detected"": false, ""visible_text_chars"": 6258, ""catalogue_title_found"": true, ""catalogue_year_seen"": ""2026-2027"", ""program_link_count"": 1, ""course_code_count"": 29, ""requirement_signal_count"": 4, ""program_title_present"": true, ""ok_reason"": ""title + requirement content""}",0,49764,379a9f7f589f70a410e144560c901b6a0096cc80ec9ae0bb6779424a426cf1bc,,ok
2026-07-31T01:12:53Z,https://catalogue.usc.edu/preview_program.php?catoid=22&poid=31926&returnto=9396,program_31926,1,httpx,direct_html,200,text/html; charset=UTF-8,0.454,"{""kind"": ""program_page"", ""challenge_detected"": false, ""visible_text_chars"": 4810, ""catalogue_title_found"": true, ""catalogue_year_seen"": ""2026-2027"", ""program_link_count"": 1, ""course_code_count"": 24, ""requirement_signal_count"": 4, ""program_title_present"": true, ""ok_reason"": ""title + requirement content""}",0,48586,850c1340557ebe4beee5e13bd0e0293a45ae44f9c4a309a352445a30db752d3c,,ok
2026-07-31T01:12:55Z,https://catalogue.usc.edu/preview_program.php?catoid=22&poid=31925&returnto=9396,program_31925,1,httpx,direct_html,200,text/html; charset=UTF-8,0.288,"{""kind"": ""program_page"", ""challenge_detected"": false, ""visible_text_chars"": 3308, ""catalogue_title_found"": true, ""catalogue_year_seen"": ""2026-2027"", ""program_link_count"": 1, ""course_code_count"": 11, ""requirement_signal_count"": 5, ""program_title_present"": true, ""ok_reason"": ""title + requirement content""}",0,44127,d43d15a843ee2dc2fb12702e2800e8cde499406befdd2235b8d749a493c6d490,,ok
2026-07-31T01:12:57Z,https://catalogue.usc.edu/preview_program.php?catoid=22&poid=32427&returnto=9396,program_32427,1,httpx,direct_html,200,text/html; charset=UTF-8,0.337,"{""kind"": ""program_page"", ""challenge_detected"": false, ""visible_text_chars"": 5706, ""catalogue_title_found"": true, ""catalogue_year_seen"": ""2026-2027"", ""program_link_count"": 1, ""course_code_count"": 19, ""requirement_signal_count"": 5, ""program_title_present"": true, ""ok_reason"": ""title + requirement content""}",0,46794,eb81e755c926064b838cfbff31fb8bdc6e4877db675faefcd42d3601540fa020,,ok
2026-07-31T01:13:00Z,https://catalogue.usc.edu/preview_program.php?catoid=22&poid=32147&returnto=9396,program_32147,1,httpx,direct_html,200,text/html; charset=UTF-8,0.46,"{""kind"": ""program_page"", ""challenge_detected"": false, ""visible_text_chars"": 3754, ""catalogue_title_found"": true, ""catalogue_year_seen"": ""2026-2027"", ""program_link_count"": 1, ""course_code_count"": 11, ""requirement_signal_count"": 5, ""program_title_present"": true, ""ok_reason"": ""title + requirement content""}",0,41581,d5c092fd7044e6991d3fbe20f42cad665bdfd5a5067bd7d5a7e1361379df8704,,ok
2026-07-31T01:13:03Z,https://catalogue.usc.edu/preview_program.php?catoid=22&poid=31690&returnto=9396,program_31690,1,httpx,direct_html,200,text/html; charset=UTF-8,0.918,"{""kind"": ""program_page"", ""challenge_detected"": false, ""visible_text_chars"": 6050, ""catalogue_title_found"": true, ""catalogue_year_seen"": ""2026-2027"", ""program_link_count"": 1, ""course_code_count"": 32, ""requirement_signal_count"": 5, ""program_title_present"": true, ""ok_reason"": ""title + requirement content""}",0,50215,d1ce194276c945b5604e7077344cb075738bfa7d91b77e93c4bc2b7d3b8dd241,,ok
2026-07-31T01:13:05Z,https://catalogue.usc.edu/preview_program.php?catoid=22&poid=31579&returnto=9396,program_31579,1,httpx,direct_html,200,text/html; charset=UTF-8,0.485,"{""kind"": ""program_page"", ""challenge_detected"": false, ""visible_text_chars"": 3668, ""catalogue_title_found"": true, ""catalogue_year_seen"": ""2026-2027"", ""program_link_count"": 1, ""course_code_count"": 8, ""requirement_signal_count"": 3, ""program_title_present"": true, ""ok_reason"": ""title + requirement content""}",0,39754,c5c18fde0c2c6a549e4c7dc8dd3020333f231517c78c96b3e2ac7bb69b0772fc,,ok
2026-07-31T01:13:07Z,https://catalogue.usc.edu/preview_program.php?catoid=22&poid=31611&returnto=9396,program_31611,1,httpx,direct_html,200,text/html; charset=UTF-8,0.248,"{""kind"": ""program_page"", ""challenge_detected"": false, ""visible_text_chars"": 4631, ""catalogue_title_found"": true, ""catalogue_year_seen"": ""2026-2027"", ""program_link_count"": 1, ""course_code_count"": 21, ""requirement_signal_count"": 4, ""program_title_present"": true, ""ok_reason"": ""title + requirement content""}",0,46483,fde05fd4d4a7e9c148ecd16e8f895e4d982c05eddce2463e65dd458189a3fc28,,ok
2026-07-31T01:13:10Z,https://catalogue.usc.edu/preview_program.php?catoid=22&poid=32664&returnto=9396,program_32664,1,httpx,direct_html,200,text/html; charset=UTF-8,0.421,"{""kind"": ""program_page"", ""challenge_detected"": false, ""visible_text_chars"": 3698, ""catalogue_title_found"": true, ""catalogue_year_seen"": ""2026-2027"", ""program_link_count"": 1, ""course_code_count"": 4, ""requirement_signal_count"": 3, ""program_title_present"": true, ""ok_reason"": ""title + requirement content""}",0,38837,3b15519ecdf9e64d128d952138cdcfad434a1212f1862324b9d8f641a7b70965,,ok
2026-07-31T01:13:12Z,https://catalogue.usc.edu/preview_program.php?catoid=22&poid=31930&returnto=9396,program_31930,1,httpx,direct_html,200,text/html; charset=UTF-8,0.336,"{""kind"": ""program_page"", ""challenge_detected"": false, ""visible_text_chars"": 5062, ""catalogue_title_found"": true, ""catalogue_year_seen"": ""2026-2027"", ""program_link_count"": 1, ""course_code_count"": 25, ""requirement_signal_count"": 3, ""program_title_present"": true, ""ok_reason"": ""title + requirement content""}",0,50575,f4ad1a232d3e43078b830af778962ac7362df639ac698127cd0187f9024b0515,,ok
2026-07-31T01:13:15Z,https://catalogue.usc.edu/preview_program.php?catoid=22&poid=32250&returnto=9396,program_32250,1,httpx,direct_html,200,text/html; charset=UTF-8,0.241,"{""kind"": ""program_page"", ""challenge_detected"": false, ""visible_text_chars"": 4702, ""catalogue_title_found"": true, ""catalogue_year_seen"": ""2026-2027"", ""program_link_count"": 1, ""course_code_count"": 17, ""requirement_signal_count"": 4, ""program_title_present"": true, ""ok_reason"": ""title + requirement content""}",0,47165,244a1739d8e04aeaecd8c82d47b37cda633961edcce595929725d997bb1dd7d6,,ok
2026-07-31T01:13:17Z,https://catalogue.usc.edu/preview_program.php?catoid=22&poid=32824&returnto=9396,program_32824,1,httpx,direct_html,200,text/html; charset=UTF-8,0.234,"{""kind"": ""program_page"", ""challenge_detected"": false, ""visible_text_chars"": 4520, ""catalogue_title_found"": true, ""catalogue_year_seen"": ""2026-2027"", ""program_link_count"": 1, ""course_code_count"": 10, ""requirement_signal_count"": 3, ""program_title_present"": true, ""ok_reason"": ""title + requirement content""}",0,45253,cec32e4ce0f2e56b4bd11e2fed91e057963996a373dda113aa94e869d6a92e20,,ok
2026-07-31T01:13:20Z,https://catalogue.usc.edu/preview_program.php?catoid=22&poid=31705&returnto=9396,program_31705,1,httpx,challenge_page,202,text/html; charset=UTF-8,0.089,"{""kind"": ""program_page"", ""challenge_detected"": true, ""challenge_evidence"": [""script marker 'awswaf'"", ""script marker 'token.awswaf'""]}",1,2011,eb69fc2754593a82340407118e32fe505bd7598914815e545caa5200a2cf8360,,challenge_page
2026-07-31T01:13:42Z,https://catalogue.usc.edu/preview_program.php?catoid=22&poid=31705&returnto=9396,program_31705,3,playwright,browser_rendered_dom,202,text/html; charset=UTF-8,19.126,"{""kind"": ""program_page"", ""challenge_detected"": false, ""visible_text_chars"": 11329, ""catalogue_title_found"": true, ""catalogue_year_seen"": ""2026-2027"", ""program_link_count"": 1, ""course_code_count"": 19, ""requirement_signal_count"": 4, ""program_title_present"": true, ""ok_reason"": ""title + requirement content"", ""expand_clicks"": 19}",0,179320,0b5636b5b6aecff231aeb1e3cb3cd211468e2f24b19bcdc8be711f2e0eff7fe2,34339b4833a42f5334d81998f747d238d4b02295026ab1f0127ec00a496c8a7e,ok
2026-07-31T01:13:42Z,https://catalogue.usc.edu/preview_program.php?catoid=22&poid=31937&returnto=9396,program_31937,1,httpx,direct_html,200,text/html; charset=UTF-8,0.738,"{""kind"": ""program_page"", ""challenge_detected"": false, ""visible_text_chars"": 3350, ""catalogue_title_found"": true, ""catalogue_year_seen"": ""2026-2027"", ""program_link_count"": 1, ""course_code_count"": 2, ""requirement_signal_count"": 3, ""program_title_present"": true, ""ok_reason"": ""title + requirement content""}",0,38577,2fcfeeebef4e3d95a8beac1c98d9ab3b9910dd03776551178e4ea7ecbd4636ce,,ok
2026-07-31T01:13:44Z,https://catalogue.usc.edu/preview_program.php?catoid=22&poid=31940&returnto=9396,program_31940,1,httpx,direct_html,200,text/html; charset=UTF-8,0.319,"{""kind"": ""program_page"", ""challenge_detected"": false, ""visible_text_chars"": 4975, ""catalogue_title_found"": true, ""catalogue_year_seen"": ""2026-2027"", ""program_link_count"": 1, ""course_code_count"": 14, ""requirement_signal_count"": 4, ""program_title_present"": true, ""ok_reason"": ""title + requirement content""}",0,48404,a250149e9dad55910f510687c17d99c3d1beb7b31e3fc31c2b6b90e38e602ef2,,ok
2026-07-31T01:13:46Z,https://catalogue.usc.edu/preview_program.php?catoid=22&poid=32645&returnto=9396,program_32645,1,httpx,direct_html,200,text/html; charset=UTF-8,0.333,"{""kind"": ""program_page"", ""challenge_detected"": false, ""visible_text_chars"": 4721, ""catalogue_title_found"": true, ""catalogue_year_seen"": ""2026-2027"", ""program_link_count"": 1, ""course_code_count"": 5, ""requirement_signal_count"": 4, ""program_title_present"": true, ""ok_reason"": ""title + requirement content""}",0,40076,537062ee82f02ac0b0582b07370c73e8197a95f9ba6c9ff4920e4cd2a0d257f6,,ok
2026-07-31T01:13:48Z,https://catalogue.usc.edu/preview_program.php?catoid=22&poid=32603&returnto=9396,program_32603,1,httpx,direct_html,200,text/html; charset=UTF-8,0.353,"{""kind"": ""program_page"", ""challenge_detected"": false, ""visible_text_chars"": 5313, ""catalogue_title_found"": true, ""catalogue_year_seen"": ""2026-2027"", ""program_link_count"": 1, ""course_code_count"": 19, ""requirement_signal_count"": 4, ""program_title_present"": true, ""ok_reason"": ""title + requirement content""}",0,46827,9249ce228d213188d1abcdf280bd78c61fcfd5e943375a365fd1acee45d04c5d,,ok
2026-07-31T01:13:50Z,https://catalogue.usc.edu/preview_program.php?catoid=22&poid=32942&returnto=9396,program_32942,1,httpx,direct_html,200,text/html; charset=UTF-8,0.43,"{""kind"": ""program_page"", ""challenge_detected"": false, ""visible_text_chars"": 3644, ""catalogue_title_found"": true, ""catalogue_year_seen"": ""2026-2027"", ""program_link_count"": 1, ""course_code_count"": 10, ""requirement_signal_count"": 3, ""program_title_present"": true, ""ok_reason"": ""title + requirement content""}",0,41236,58dbb37110a9d02cbcf73d042c211ed148d2d3d6987c133ea93c99eadf5ef19a,,ok
2026-07-31T01:13:52Z,https://catalogue.usc.edu/preview_program.php?catoid=22&poid=32493&returnto=9396,program_32493,1,httpx,direct_html,200,text/html; charset=UTF-8,0.383,"{""kind"": ""program_page"", ""challenge_detected"": false, ""visible_text_chars"": 5117, ""catalogue_title_found"": true, ""catalogue_year_seen"": ""2026-2027"", ""program_link_count"": 1, ""course_code_count"": 14, ""requirement_signal_count"": 3, ""program_title_present"": true, ""ok_reason"": ""title + requirement content""}",0,42974,fec90c96f29af42c76ae5f12a7e62a320b3363b67b576d1174900e58c1c522d1,,ok
2026-07-31T01:13:55Z,https://catalogue.usc.edu/preview_program.php?catoid=22&poid=31951&returnto=9396,program_31951,1,httpx,direct_html,200,text/html; charset=UTF-8,0.323,"{""kind"": ""program_page"", ""challenge_detected"": false, ""visible_text_chars"": 3930, ""catalogue_title_found"": true, ""catalogue_year_seen"": ""2026-2027"", ""program_link_count"": 1, ""course_code_count"": 11, ""requirement_signal_count"": 4, ""program_title_present"": true, ""ok_reason"": ""title + requirement content""}",0,41344,596e548f0de09d0f194d0e93a132198739726a15481b83b2c006f864ec58ea82,,ok
2026-07-31T01:13:57Z,https://catalogue.usc.edu/preview_program.php?catoid=22&poid=31856&returnto=9396,program_31856,1,httpx,direct_html,200,text/html; charset=UTF-8,0.396,"{""kind"": ""program_page"", ""challenge_detected"": false, ""visible_text_chars"": 5587, ""catalogue_title_found"": true, ""catalogue_year_seen"": ""2026-2027"", ""program_link_count"": 1, ""course_code_count"": 22, ""requirement_signal_count"": 5, ""program_title_present"": true, ""ok_reason"": ""title + requirement content""}",0,47457,c87a45f3592e826bed45101e2b93eae6f94e79295931ae59f4c9d31b61d447db,,ok
2026-07-31T01:13:59Z,https://catalogue.usc.edu/preview_program.php?catoid=22&poid=32799&returnto=9396,program_32799,1,httpx,direct_html,200,text/html; charset=UTF-8,0.363,"{""kind"": ""program_page"", ""challenge_detected"": false, ""visible_text_chars"": 4275, ""catalogue_title_found"": true, ""catalogue_year_seen"": ""2026-2027"", ""program_link_count"": 1, ""course_code_count"": 9, ""requirement_signal_count"": 4, ""program_title_present"": true, ""ok_reason"": ""title + requirement content""}",0,41041,a7399e0471b59b2c24811b67b04eb06b33b01a913968ddcc6dddfe5502f43df2,,ok
2026-07-31T01:14:01Z,https://catalogue.usc.edu/preview_program.php?catoid=22&poid=32218&returnto=9396,program_32218,1,httpx,direct_html,200,text/html; charset=UTF-8,0.471,"{""kind"": ""program_page"", ""challenge_detected"": false, ""visible_text_chars"": 3692, ""catalogue_title_found"": true, ""catalogue_year_seen"": ""2026-2027"", ""program_link_count"": 1, ""course_code_count"": 6, ""requirement_signal_count"": 4, ""program_title_present"": true, ""ok_reason"": ""title + requirement content""}",0,40001,5913a3b825080747698a4e83464a932ec712a2e377507f4baf74bbb160135def,,ok
2026-07-31T01:14:02Z,https://catalogue.usc.edu/preview_program.php?catoid=22&poid=32922&returnto=9396,program_32922,1,httpx,direct_html,200,text/html; charset=UTF-8,0.622,"{""kind"": ""program_page"", ""challenge_detected"": false, ""visible_text_chars"": 6981, ""catalogue_title_found"": true, ""catalogue_year_seen"": ""2026-2027"", ""program_link_count"": 1, ""course_code_count"": 10, ""requirement_signal_count"": 4, ""program_title_present"": true, ""ok_reason"": ""title + requirement content""}",0,44968,8023f0660bca5a6709f5694bc2cf95e55935c7f12c62d76587f1c7663ac28f78,,ok
2026-07-31T01:14:05Z,https://catalogue.usc.edu/preview_program.php?catoid=22&poid=32724&returnto=9396,program_32724,1,httpx,direct_html,200,text/html; charset=UTF-8,0.524,"{""kind"": ""program_page"", ""challenge_detected"": false, ""visible_text_chars"": 3600, ""catalogue_title_found"": true, ""catalogue_year_seen"": ""2026-2027"", ""program_link_count"": 1, ""course_code_count"": 8, ""requirement_signal_count"": 3, ""program_title_present"": true, ""ok_reason"": ""title + requirement content""}",0,39639,e2e0bac018d9fa8fac4ecf078ab9d805fb8de59a0b2b3a58b54054806bf41c79,,ok
2026-07-31T01:14:08Z,https://catalogue.usc.edu/preview_program.php?catoid=22&poid=31612&returnto=9396,program_31612,1,httpx,direct_html,200,text/html; charset=UTF-8,0.366,"{""kind"": ""program_page"", ""challenge_detected"": false, ""visible_text_chars"": 5024, ""catalogue_title_found"": true, ""catalogue_year_seen"": ""2026-2027"", ""program_link_count"": 1, ""course_code_count"": 20, ""requirement_signal_count"": 4, ""program_title_present"": true, ""ok_reason"": ""title + requirement content""}",0,45757,8e4c233327eb593ed7c5d0f1177593095275e7267221e8934fe7eceb435c13ec,,ok
2026-07-31T01:14:10Z,https://catalogue.usc.edu/preview_program.php?catoid=22&poid=32952&returnto=9396,program_32952,1,httpx,direct_html,200,text/html; charset=UTF-8,0.405,"{""kind"": ""program_page"", ""challenge_detected"": false, ""visible_text_chars"": 4365, ""catalogue_title_found"": true, ""catalogue_year_seen"": ""2026-2027"", ""program_link_count"": 1, ""course_code_count"": 11, ""requirement_signal_count"": 3, ""program_title_present"": true, ""ok_reason"": ""title + requirement content""}",0,41587,0db5aedc54fa7fb84d68bac37f71d26c4cc5fc758c065f2f223ea8939591d780,,ok
2026-07-31T01:14:13Z,https://catalogue.usc.edu/preview_program.php?catoid=22&poid=32011&returnto=9396,program_32011,1,httpx,direct_html,200,text/html; charset=UTF-8,0.368,"{""kind"": ""program_page"", ""challenge_detected"": false, ""visible_text_chars"": 3804, ""catalogue_title_found"": true, ""catalogue_year_seen"": ""2026-2027"", ""program_link_count"": 1, ""course_code_count"": 9, ""requirement_signal_count"": 3, ""program_title_present"": true, ""ok_reason"": ""title + requirement content""}",0,41256,2279dfabf3298b031ab2399057f4ab962f3a5ee16be3111a13f515a7edf32c2b,,ok
2026-07-31T01:14:15Z,https://catalogue.usc.edu/preview_program.php?catoid=22&poid=31946&returnto=9396,program_31946,1,httpx,direct_html,200,text/html; charset=UTF-8,0.344,"{""kind"": ""program_page"", ""challenge_detected"": false, ""visible_text_chars"": 7347, ""catalogue_title_found"": true, ""catalogue_year_seen"": ""2026-2027"", ""program_link_count"": 1, ""course_code_count"": 39, ""requirement_signal_count"": 4, ""program_title_present"": true, ""ok_reason"": ""title + requirement content""}",0,60679,dd7243c3f50ff0a78d292243188277aa0e1245d96b3237fdd883911c77d94d59,,ok
2026-07-31T01:14:17Z,https://catalogue.usc.edu/preview_program.php?catoid=22&poid=32431&returnto=9396,program_32431,1,httpx,direct_html,200,text/html; charset=UTF-8,0.233,"{""kind"": ""program_page"", ""challenge_detected"": false, ""visible_text_chars"": 5276, ""catalogue_title_found"": true, ""catalogue_year_seen"": ""2026-2027"", ""program_link_count"": 1, ""course_code_count"": 22, ""requirement_signal_count"": 5, ""program_title_present"": true, ""ok_reason"": ""title + requirement content""}",0,45618,d660755704def4ebcfae8a7223e2cf0d89d5be89297f586e526d20c79be2f6b2,,ok
2026-07-31T01:14:19Z,https://catalogue.usc.edu/preview_program.php?catoid=22&poid=31580&returnto=9396,program_31580,1,httpx,direct_html,200,text/html; charset=UTF-8,0.433,"{""kind"": ""program_page"", ""challenge_detected"": false, ""visible_text_chars"": 4034, ""catalogue_title_found"": true, ""catalogue_year_seen"": ""2026-2027"", ""program_link_count"": 1, ""course_code_count"": 14, ""requirement_signal_count"": 3, ""program_title_present"": true, ""ok_reason"": ""title + requirement content""}",0,41942,69b19b33404ce552888694af486ddb47ea59402f80854d1b4943e966a801b386,,ok
2026-07-31T01:14:22Z,https://catalogue.usc.edu/preview_program.php?catoid=22&poid=32419&returnto=9396,program_32419,1,httpx,direct_html,200,text/html; charset=UTF-8,0.294,"{""kind"": ""program_page"", ""challenge_detected"": false, ""visible_text_chars"": 4327, ""catalogue_title_found"": true, ""catalogue_year_seen"": ""2026-2027"", ""program_link_count"": 1, ""course_code_count"": 10, ""requirement_signal_count"": 3, ""program_title_present"": true, ""ok_reason"": ""title + requirement content""}",0,41244,89583c4342e6dee6e58a5d46b4926c620aea6261663db785b4ea58ab2d5aebf5,,ok
2026-07-31T01:14:23Z,https://catalogue.usc.edu/preview_program.php?catoid=22&poid=32507&returnto=9396,program_32507,1,httpx,direct_html,200,text/html; charset=UTF-8,0.38,"{""kind"": ""program_page"", ""challenge_detected"": false, ""visible_text_chars"": 6385, ""catalogue_title_found"": true, ""catalogue_year_seen"": ""2026-2027"", ""program_link_count"": 1, ""course_code_count"": 35, ""requirement_signal_count"": 5, ""program_title_present"": true, ""ok_reason"": ""title + requirement content""}",0,56770,8b1aa2404918ce21a0a059dbed72989b81fecde60b45fbf5b5c3d5963b9d1ce2,,ok
2026-07-31T01:14:26Z,https://catalogue.usc.edu/preview_program.php?catoid=22&poid=32794&returnto=9396,program_32794,1,httpx,direct_html,200,text/html; charset=UTF-8,0.287,"{""kind"": ""program_page"", ""challenge_detected"": false, ""visible_text_chars"": 4261, ""catalogue_title_found"": true, ""catalogue_year_seen"": ""2026-2027"", ""program_link_count"": 1, ""course_code_count"": 22, ""requirement_signal_count"": 4, ""program_title_present"": true, ""ok_reason"": ""title + requirement content""}",0,45018,c47443086592b7fa96bea92dc0c51012b006f72bb03fc261b80fb9dac4ddc9a0,,ok
2026-07-31T01:14:28Z,https://catalogue.usc.edu/preview_program.php?catoid=22&poid=32131&returnto=9396,program_32131,1,httpx,direct_html,200,text/html; charset=UTF-8,0.335,"{""kind"": ""program_page"", ""challenge_detected"": false, ""visible_text_chars"": 4626, ""catalogue_title_found"": true, ""catalogue_year_seen"": ""2026-2027"", ""program_link_count"": 1, ""course_code_count"": 16, ""requirement_signal_count"": 4, ""program_title_present"": true, ""ok_reason"": ""title + requirement content""}",0,44509,b3e32e43e09c7da523b84922c29c1318adda7248228c8dbf1000533eed28d37d,,ok
2026-07-31T01:14:31Z,https://catalogue.usc.edu/preview_program.php?catoid=22&poid=31712&returnto=9396,program_31712,1,httpx,direct_html,200,text/html; charset=UTF-8,0.407,"{""kind"": ""program_page"", ""challenge_detected"": false, ""visible_text_chars"": 7325, ""catalogue_title_found"": true, ""catalogue_year_seen"": ""2026-2027"", ""program_link_count"": 1, ""course_code_count"": 41, ""requirement_signal_count"": 5, ""program_title_present"": true, ""ok_reason"": ""title + requirement content""}",0,60159,df99d4a1b12f001af846ffcf59484f50d192bd11a53260d82bb621635b819a01,,ok
2026-07-31T01:14:33Z,https://catalogue.usc.edu/preview_program.php?catoid=22&poid=32668&returnto=9396,program_32668,1,httpx,direct_html,200,text/html; charset=UTF-8,0.441,"{""kind"": ""program_page"", ""challenge_detected"": false, ""visible_text_chars"": 6136, ""catalogue_title_found"": true, ""catalogue_year_seen"": ""2026-2027"", ""program_link_count"": 1, ""course_code_count"": 32, ""requirement_signal_count"": 4, ""program_title_present"": true, ""ok_reason"": ""title + requirement content""}",0,51452,0b9910f5c1e1154cba9bc15b4abc8ca28326ea3667da691f7ff11b3948523247,,ok
2026-07-31T01:14:36Z,https://catalogue.usc.edu/preview_program.php?catoid=22&poid=32746&returnto=9396,program_32746,1,httpx,direct_html,200,text/html; charset=UTF-8,0.572,"{""kind"": ""program_page"", ""challenge_detected"": false, ""visible_text_chars"": 3684, ""catalogue_title_found"": true, ""catalogue_year_seen"": ""2026-2027"", ""program_link_count"": 1, ""course_code_count"": 8, ""requirement_signal_count"": 5, ""program_title_present"": true, ""ok_reason"": ""title + requirement content""}",0,39648,568016176c66095651b8ce935093685792cd4e5ee8851b4c3355aaebd8609b91,,ok
2026-07-31T01:22:48Z,https://catalogue.usc.edu/content.php?catoid=22&navoid=9396,programs_index,1,httpx,challenge_page,202,text/html; charset=UTF-8,0.382,"{""kind"": ""programs_index"", ""challenge_detected"": true, ""challenge_evidence"": [""script marker 'awswaf'"", ""script marker 'token.awswaf'""]}",1,2011,f23457ab444b4288fede1074a89abed58d9d8e6e7989109a1808944dc7d760da,,challenge_page
2026-07-31T01:23:01Z,https://catalogue.usc.edu/content.php?catoid=22&navoid=9396,programs_index,3,playwright,browser_rendered_dom,202,text/html; charset=UTF-8,10.952,"{""kind"": ""programs_index"", ""challenge_detected"": false, ""visible_text_chars"": 54364, ""catalogue_title_found"": true, ""catalogue_year_seen"": ""2026-2027"", ""program_link_count"": 1150, ""programs_context"": true, ""target_heading_text_present"": true, ""ok_reason"": ""programs context + >=5 program links""}",0,225691,a08a3926f87b49deac0d104a7a6975d3e4dc80c6a2f225865c8bbf46d52b842f,247e81be2f1edf76c6885c681e02bfc3e9fb62f5834c0130d48fff52bcbb951a,ok
2026-07-31T01:23:02Z,https://catalogue.usc.edu/preview_program.php?catoid=22&poid=32737&returnto=9396,program_32737,1,httpx,direct_html,200,text/html; charset=UTF-8,0.844,"{""kind"": ""program_page"", ""challenge_detected"": false, ""visible_text_chars"": 4631, ""catalogue_title_found"": true, ""catalogue_year_seen"": ""2026-2027"", ""program_link_count"": 1, ""course_code_count"": 0, ""requirement_signal_count"": 5, ""program_title_present"": true, ""ok_reason"": ""title + requirement content""}",0,38180,f0c57a50bb3bdc63049c04a77f38bd9652eb6eeb83b26023b0e1051276c65a51,,ok
2026-07-31T01:23:04Z,https://catalogue.usc.edu/preview_program.php?catoid=22&poid=31912&returnto=9396,program_31912,1,httpx,direct_html,200,text/html; charset=UTF-8,0.306,"{""kind"": ""program_page"", ""challenge_detected"": false, ""visible_text_chars"": 3129, ""catalogue_title_found"": true, ""catalogue_year_seen"": ""2026-2027"", ""program_link_count"": 1, ""course_code_count"": 0, ""requirement_signal_count"": 3, ""program_title_present"": true, ""ok_reason"": ""title + requirement content""}",0,36722,896e5b8a8c22b5d1e903ce1cd56e3c0060c1f9877d8bfb315dc2bfd8d29fd0a4,,ok
2026-07-31T01:23:06Z,https://catalogue.usc.edu/preview_program.php?catoid=22&poid=32395&returnto=9396,program_32395,1,httpx,direct_html,200,text/html; charset=UTF-8,0.236,"{""kind"": ""program_page"", ""challenge_detected"": false, ""visible_text_chars"": 2991, ""catalogue_title_found"": true, ""catalogue_year_seen"": ""2026-2027"", ""program_link_count"": 1, ""course_code_count"": 0, ""requirement_signal_count"": 3, ""program_title_present"": true, ""ok_reason"": ""title + requirement content""}",0,36624,01c0d9c0db1767c6b03d198f840e8d40098acf93160f47c5c8439c1199130135,,ok
2026-07-31T01:26:33Z,https://catalogue.usc.edu/content.php?catoid=22&navoid=9396,programs_index,1,httpx,direct_html,200,text/html; charset=UTF-8,0.766,"{""kind"": ""programs_index"", ""challenge_detected"": false, ""visible_text_chars"": 61431, ""catalogue_title_found"": true, ""catalogue_year_seen"": ""2026-2027"", ""program_link_count"": 1150, ""programs_context"": true, ""target_heading_text_present"": true, ""ok_reason"": ""programs context + >=5 program links""}",0,219630,fce1cbc596dd75e452dd755385f860618aa415862f30756aa251644a06490729,,ok
2026-07-31T01:26:35Z,https://catalogue.usc.edu/preview_program.php?catoid=22&poid=31912&returnto=9396,program_31912,1,httpx,direct_html,200,text/html; charset=UTF-8,0.477,"{""kind"": ""program_page"", ""challenge_detected"": false, ""visible_text_chars"": 3129, ""catalogue_title_found"": true, ""catalogue_year_seen"": ""2026-2027"", ""program_link_count"": 1, ""course_code_count"": 0, ""requirement_signal_count"": 3, ""program_title_present"": true, ""ok_reason"": ""title + requirement content""}",0,36722,896e5b8a8c22b5d1e903ce1cd56e3c0060c1f9877d8bfb315dc2bfd8d29fd0a4,,ok
2026-07-31T01:26:37Z,https://catalogue.usc.edu/preview_program.php?catoid=22&poid=32395&returnto=9396,program_32395,1,httpx,direct_html,200,text/html; charset=UTF-8,0.239,"{""kind"": ""program_page"", ""challenge_detected"": false, ""visible_text_chars"": 2991, ""catalogue_title_found"": true, ""catalogue_year_seen"": ""2026-2027"", ""program_link_count"": 1, ""course_code_count"": 0, ""requirement_signal_count"": 3, ""program_title_present"": true, ""ok_reason"": ""title + requirement content""}",0,36624,01c0d9c0db1767c6b03d198f840e8d40098acf93160f47c5c8439c1199130135,,ok
