sequence_number,program_name,credential,school,catalogue_year,catalogue_identifier,program_identifier,source_url,canonical_url,acquisition_mode,output_filename,content_character_count,content_line_count,content_sha256,file_sha256,source_html_sha256,rendered_dom_sha256,classification_status,extraction_status,retrieved_at
1,Accounting (BS),BS,,2026-2027,catoid=22,poid=31653,https://catalogue.usc.edu/preview_program.php?catoid=22&poid=31653&returnto=9396,https://catalogue.usc.edu/preview_program.php?catoid=22&poid=31653,direct_html,001_accounting_bs.txt,8720,115,fcebef2ac24f8d778dd661139797661882651d426b7777352a913a9dc0fc692f,708484e5a16641e1dc75698af9ce070b76adeff95e99f892078831e6220a1ebe,5b319fbd7fd682f21dee884d0ff72c089259064769eb0bddb9dc1aa850251df5,,included,complete,2026-07-31T00:48:58Z
2,Accounting and Finance (BS),BS,Leventhal School of Accounting,2026-2027,catoid=22,poid=32801,https://catalogue.usc.edu/preview_program.php?catoid=22&poid=32801&returnto=9396,https://catalogue.usc.edu/preview_program.php?catoid=22&poid=32801,direct_html,002_accounting_and_finance_bs.txt,4039,99,c501d2c7fea48c248a0df2f6f646177be9ad1ef613c841927b8276aeca3434c3,7eb8a3b01cf829fe0f34ba1267774bfd23c8ae3fbf531d0252099f1d66b14c8c,e8fcbde9d03e2eef729f6961872118c6762e5e5f14268343735a604f482d8d3c,,included,complete,2026-07-31T00:49:01Z
3,"Acting, Stage and Screen (BFA)",BFA,,2026-2027,catoid=22,poid=32769,https://catalogue.usc.edu/preview_program.php?catoid=22&poid=32769&returnto=9396,https://catalogue.usc.edu/preview_program.php?catoid=22&poid=32769,direct_html,003_acting_stage_and_screen_bfa.txt,5017,104,a2c067512edb523784a098da640eb430d86e624adcbf074ea2df322a1113a0f1,4692bc179fabe88d686f53a2d662960e553931cb0b2344af291f4835bda12fac,c785b2062b68eb414e7675b5f4d0ba9d6ca5493ba240a9957494cc574b38f9e6,,included,complete,2026-07-31T00:49:03Z
4,Aerospace Engineering (BS),BS,,2026-2027,catoid=22,poid=32035,https://catalogue.usc.edu/preview_program.php?catoid=22&poid=32035&returnto=9396,https://catalogue.usc.edu/preview_program.php?catoid=22&poid=32035,direct_html,004_aerospace_engineering_bs.txt,3084,110,7e977642a8ecc2481cd90dbe12fb105e5181f74d5758ac9d3cd7eb15431fe822,a8edfc8a74eba60a8d2c937f3b11f7293c1e4fdef37837708049738e79bfc9d0,5420180594730aa0726b45193c07b8da06caa67730b1a63c45af7df542a5a8f8,,included,complete,2026-07-31T00:49:05Z
5,American Popular Culture (BA),BA,,2026-2027,catoid=22,poid=32471,https://catalogue.usc.edu/preview_program.php?catoid=22&poid=32471&returnto=9396,https://catalogue.usc.edu/preview_program.php?catoid=22&poid=32471,direct_html,005_american_popular_culture_ba.txt,6254,134,40420b4b3ece9ada3d780c5e18399b1ca3bf0d92b337ad4acf4d6150fa8c8bde,0e472e9db0f5f85d183c86b7873170fc6424c50c69556553a6fa6ce9c870ab60,f7b1e36ebbf85babfc609ae021bd08e525452806e93582a20b15c7984c5fb50a,,included,complete,2026-07-31T00:49:07Z
6,American Studies and Ethnicity (African American Studies) (BA),BA,,2026-2027,catoid=22,poid=31692,https://catalogue.usc.edu/preview_program.php?catoid=22&poid=31692&returnto=9396,https://catalogue.usc.edu/preview_program.php?catoid=22&poid=31692,direct_html,006_american_studies_and_ethnicity_ba.txt,5363,112,5fcdb8c4b2a1dfa0c067db63bba8868e373f652ef2a0c2fa4016e4b1c7a2f5e0,b96a7f8bbd4bb0dd689c8d72c961622dcf0f9cb1720a670e7a04c9fbb61f7fc5,a526b332a7611021bf6b80942b4168f9f082ddf9f0ab4ab41ecdc49b4c873ed4,,included,complete,2026-07-31T00:49:09Z
7,American Studies and Ethnicity (Asian American Studies) (BA),BA,,2026-2027,catoid=22,poid=31693,https://catalogue.usc.edu/preview_program.php?catoid=22&poid=31693&returnto=9396,https://catalogue.usc.edu/preview_program.php?catoid=22&poid=31693,direct_html,007_american_studies_and_ethnicity_ba.txt,3899,84,2858e600149aab3cf92f4434b7f486c443e04c529cd86cb3e70471fdf857fa3c,22b40703c9dbb3267fe57ebd8ed01ef6b10ec2d9b3f5fadf845d7b134e826c4f,35c1024122606bbbaf725adf57b53dfdccbcc877526e453437244e7cdbf8db07,,included,complete,2026-07-31T00:49:12Z
8,American Studies and Ethnicity (BA),BA,,2026-2027,catoid=22,poid=31691,https://catalogue.usc.edu/preview_program.php?catoid=22&poid=31691&returnto=9396,https://catalogue.usc.edu/preview_program.php?catoid=22&poid=31691,direct_html,008_american_studies_and_ethnicity_ba.txt,5939,142,f137f11e75084b0aefabe66909e82d1abdb924e42e11d815f26d94276ebd1aef,8ccb986c6a3502aeb6ff517e14c3301ec2b90370d4cfabadc80a4256b23f71eb,3408351a55bdc8c5d56d7ee6d056bdb5c74c252d54bef5ee0ca4c1e627175f38,,included,complete,2026-07-31T00:49:14Z
9,American Studies and Ethnicity (Chicano/Latino Studies) (BA),BA,,2026-2027,catoid=22,poid=31694,https://catalogue.usc.edu/preview_program.php?catoid=22&poid=31694&returnto=9396,https://catalogue.usc.edu/preview_program.php?catoid=22&poid=31694,direct_html,009_american_studies_and_ethnicity_ba.txt,4603,98,5b6ca9a390d06165298dafb4625c1d92aa653e278847b435ee004966a2acdf73,1f2a92ed1cea9624b317665df55ac56b31276d1eeb7a262b01a3cd336a65d2b0,59cdce8ac256cd20d480c7f572ade4ac0ed5cc29d18f8a679e0d380e6945d60b,,included,complete,2026-07-31T00:49:16Z
10,Animation and Digital Arts (BFA),BFA,,2026-2027,catoid=22,poid=32669,https://catalogue.usc.edu/preview_program.php?catoid=22&poid=32669&returnto=9396,https://catalogue.usc.edu/preview_program.php?catoid=22&poid=32669,direct_html,010_animation_and_digital_arts_bfa.txt,7585,185,f0c9c2b39ae297672af31ddb738484f25eb584c65ea781cda4efaaa574f9a3ea,cb9622579a25f4b1d2a9375e1754087b283f88c0da9ab3a029369b4d60c4dda3,5d67040d3ae31d4340b10d40c59c0af0b78a55800b9bf716ec1debd12a315e73,,included,complete,2026-07-31T00:49:19Z
11,Anthropology (BA),BA,,2026-2027,catoid=22,poid=31699,https://catalogue.usc.edu/preview_program.php?catoid=22&poid=31699&returnto=9396,https://catalogue.usc.edu/preview_program.php?catoid=22&poid=31699,direct_html,011_anthropology_ba.txt,5123,111,34fb4bef88b9bfbf144549e5c1c5f79ed2e1307c350e5a86bd028cec23b2b7c4,649c3cb06cb8cb1c5988a6f3b32caf2906bd1ce770fa6953cdcc354f9667e808,96f36bdebbe553daa66b94c4fe5eba870dcd2c300e7a532d3975f7d9afc30449,,included,complete,2026-07-31T00:49:21Z
12,Anthropology (Visual Anthropology) (BA),BA,,2026-2027,catoid=22,poid=31700,https://catalogue.usc.edu/preview_program.php?catoid=22&poid=31700&returnto=9396,https://catalogue.usc.edu/preview_program.php?catoid=22&poid=31700,direct_html,012_anthropology_ba.txt,2302,76,40cbc0f89d7bf70ac4b18e7f58078fc749a807d11682164cd3e0dbfd99244870,ce51f52597a637053da85ae082d5a618cf0dec49d09e8cd314dc2cebb328949f,db4ad0236cdf157497de0f1ba522ff91221f62dcc803b210719218a81089bbfe,,included,complete,2026-07-31T00:49:23Z
13,Applied and Computational Mathematics (BA),BA,,2026-2027,catoid=22,poid=31854,https://catalogue.usc.edu/preview_program.php?catoid=22&poid=31854&returnto=9396,https://catalogue.usc.edu/preview_program.php?catoid=22&poid=31854,direct_html,013_applied_and_computational_mathematics_ba.txt,5894,146,f6a8ab4756f685bd1abd9cd9ec39f909face8dfb253bf631b22057c59cd79a8d,cc57c7ae019d57b4c1f1b029964519baf53a238725fe501459487e2731cc0dc7,dda31d4224d2a469b33357f08936028843d492bf7603166a53499399d956f2d5,,included,complete,2026-07-31T00:49:25Z
14,Applied and Computational Mathematics (BS),BS,,2026-2027,catoid=22,poid=31855,https://catalogue.usc.edu/preview_program.php?catoid=22&poid=31855&returnto=9396,https://catalogue.usc.edu/preview_program.php?catoid=22&poid=31855,direct_html,014_applied_and_computational_mathematics_bs.txt,6039,155,d39c4066c1ea58687870706d78a28140752f44b2fe16ca01e3fd714f13613739,29233e7d3aa4c96cf8c706af8d999f60e4c6741303f6c9643145c2264d77a8fd,1783e4ad6b2bd0cfc5b4b42c1e0cf7ef5ec8ccef27fb68df74cd4ac5cd024300,,included,complete,2026-07-31T00:49:28Z
15,Archaeology and Heritage Studies (BA),BA,,2026-2027,catoid=22,poid=32908,https://catalogue.usc.edu/preview_program.php?catoid=22&poid=32908&returnto=9396,https://catalogue.usc.edu/preview_program.php?catoid=22&poid=32908,direct_html,015_archaeology_and_heritage_studies_ba.txt,11878,220,2c5e8ef827ebec9630933caf56807e57eb65d7322c2936d26ced2bda12490366,d5548563895eb6e410ef1641e39bc75b7d4cf3102e033f31393f82f47ff12148,f6879f50c14b2fc35a90a74d19b8f20c0838f46ac2d9a9502bde61751a52bc78,,included,complete,2026-07-31T00:49:29Z
16,Architectural Studies (BS),BS,School of Architecture at the time of application,2026-2027,catoid=22,poid=31557,https://catalogue.usc.edu/preview_program.php?catoid=22&poid=31557&returnto=9396,https://catalogue.usc.edu/preview_program.php?catoid=22&poid=31557,direct_html,016_architectural_studies_bs.txt,10256,201,385191dac890c9d2cfb1ca7416662b3e8f373c71e122232d62d9eec03191501f,ad02dc048d61fc3ca306f7322fded26e5b180eb455c321df4e21f2c7306d524b,85b50ac969f9c4869dbb1dae0107c17a8db88a1f17435d7419f8662d655df549,,included,complete,2026-07-31T00:49:31Z
17,Architecture (BArch),BArch,School of Architecture must complete the Common Application with a port,2026-2027,catoid=22,poid=31587,https://catalogue.usc.edu/preview_program.php?catoid=22&poid=31587&returnto=9396,https://catalogue.usc.edu/preview_program.php?catoid=22&poid=31587,direct_html,017_architecture_barch.txt,11753,247,ba13025c18b16e6b6b52ef9f5361f1e7422dc11858c9c468091c7616ca1110be,3b1caefb094c17478da5526f8d864494150662c7309825764a5313b62007efb6,60488e4f52c316bcb9a06b1323240a963e6d6a7fa9a613007d09b4bec799568a,,included,complete,2026-07-31T00:49:33Z
18,Architecture and Inventive Technologies (BS),BS,,2026-2027,catoid=22,poid=32770,https://catalogue.usc.edu/preview_program.php?catoid=22&poid=32770&returnto=9396,https://catalogue.usc.edu/preview_program.php?catoid=22&poid=32770,direct_html,018_architecture_and_inventive_technologies_bs.txt,3805,61,0db4f353ec8740ee4c579c9ec1d89bd02363d2ec133b912a158e706f8d21a9d3,76818805a04452ec17a28007ebfcfc293019f18cb5e0d52bd6e271df273b52c3,7bd482c41f2d1b9d201a846eb3b0edf6c86245fcca95515784f7c24b01206062,,included,complete,2026-07-31T00:49:35Z
19,Art (BA)*,BA,,2026-2027,catoid=22,poid=31572,https://catalogue.usc.edu/preview_program.php?catoid=22&poid=31572&returnto=9396,https://catalogue.usc.edu/preview_program.php?catoid=22&poid=31572,direct_html,019_art_ba.txt,2487,60,624d9a010ff67c316747b2dc751252fea667166882ff2a64d82a848937762245,c3c4a8b9b8e6e88e2d55a7618bba082fd9179ff9effe53aa61d0878882485093,becefc684295fc527d2757d2a22beeb2b1ebdf70da854b9fa91b295e7ab81be1,,included,complete,2026-07-31T00:49:38Z
20,Art History (BA),BA,"USC Dornsife College of Letters, Arts and Sciences",2026-2027,catoid=22,poid=31710,https://catalogue.usc.edu/preview_program.php?catoid=22&poid=31710&returnto=9396,https://catalogue.usc.edu/preview_program.php?catoid=22&poid=31710,direct_html,020_art_history_ba.txt,4357,124,7b5ebb46023839dd5187eb77472811b9395dadebc8a0cee07b653ff16e3aab20,0d41f59220094726dd5b8f7d22c0db6932481dcf17886676d0559b064cdf3624,879a824930fce358e63f607076bf2a27e41219d93a15568f76ac084e67b0626c,,included,complete,2026-07-31T00:49:40Z
21,Artificial Intelligence (BS),BS,USC Viterbi School of Engineering. The minimum requirement for the degree is 128,2026-2027,catoid=22,poid=32917,https://catalogue.usc.edu/preview_program.php?catoid=22&poid=32917&returnto=9396,https://catalogue.usc.edu/preview_program.php?catoid=22&poid=32917,direct_html,021_artificial_intelligence_bs.txt,6835,199,43a60fa9deb58e52089b19d7bd5abfae4a87614270f4d82c65d3f90b9433fa71,6fd6c8888a05d8dff455e2830e3241a28b5b14378635e0ed693debae15862aba,b3a43077a3463079e67824d2a7a40fc9ca31bc2aa4d21394fbb8ff4561627066,,included,complete,2026-07-31T00:49:43Z
22,Artificial Intelligence for Business (BS),BS,Marshall School of Business and the Viterbi School of Engineering,2026-2027,catoid=22,poid=32795,https://catalogue.usc.edu/preview_program.php?catoid=22&poid=32795&returnto=9396,https://catalogue.usc.edu/preview_program.php?catoid=22&poid=32795,direct_html,022_artificial_intelligence_for_business_bs.txt,5358,129,c880580c9450fc2c0ec32d39c2c78498c0ead1d5a175e40417df27d79ab03112,5293a904031d64240f9638d1e30811206b6d5e6b0bf269151bf87f6626977478,d9ef427c04b04657e857d4d7459699260656347ce6fee18e5f671303c73158a7,,included,complete,2026-07-31T00:49:46Z
23,"Arts, Technology and the Business of Innovation (BS)",BS,,2026-2027,catoid=22,poid=31586,https://catalogue.usc.edu/preview_program.php?catoid=22&poid=31586&returnto=9396,https://catalogue.usc.edu/preview_program.php?catoid=22&poid=31586,direct_html,023_arts_technology_and_the_business_of_innovation_bs.txt,14192,375,10dd22c4ffe8409dcb26f376ddd3e29e8e29122a410c1aa9085c6a13eb6b6262,28e17cf87683378e245ad273cc3f2d3892a05ee5b15be4f49069746a260c7218,c3be2d829444ba7b2a9b201f25ecfb9877d3b91647607047948c102031e9e950,,included,complete,2026-07-31T00:49:47Z
24,Astronautical Engineering (BS),BS,,2026-2027,catoid=22,poid=32045,https://catalogue.usc.edu/preview_program.php?catoid=22&poid=32045&returnto=9396,https://catalogue.usc.edu/preview_program.php?catoid=22&poid=32045,direct_html,024_astronautical_engineering_bs.txt,3506,120,d6656fe29b104907433d9f511b35a3888826c860a17c235770bc4813968b6eb1,ed1cd793136ba887a26e8889de1b57012ac292baf6c81900133ff3a139ba70a4,e131a29d73f2f9620e00ec6efd24d1083256fa829e5408c4143b8e7d03fd5e25,,included,complete,2026-07-31T00:49:50Z
25,Astronomy (BA),BA,,2026-2027,catoid=22,poid=31889,https://catalogue.usc.edu/preview_program.php?catoid=22&poid=31889&returnto=9396,https://catalogue.usc.edu/preview_program.php?catoid=22&poid=31889,direct_html,025_astronomy_ba.txt,1114,39,eea02c5276ce1967c4d57842da481c82f89f84e0e3cc9c9d0fcc888a1ea4fe69,db146867a7521650894737779a27abcec273e1f0cdf359650459c7459af85c15,9203f4244fe12c005ef29a8efebad7bf9c6bb2ea0d96d0a46d667e451b5fe633,,included,complete,2026-07-31T00:49:52Z
26,Astronomy (BS),BS,,2026-2027,catoid=22,poid=31886,https://catalogue.usc.edu/preview_program.php?catoid=22&poid=31886&returnto=9396,https://catalogue.usc.edu/preview_program.php?catoid=22&poid=31886,direct_html,026_astronomy_bs.txt,1272,42,cffa53e6d4d3215672d3b734e8388ca261c187814940ab7a36f1a009ae3a245f,992f838a4cabfb93fa92743af9fb238b627cfccfbc8c7ab44a7a7c99a708e230,033868276513ee755cdd0624d4e96799a5e26c774e17e4aaa5a52615c7896ece,,included,complete,2026-07-31T00:49:54Z
27,Behavioral Economics and Psychology (BA),BA,,2026-2027,catoid=22,poid=32779,https://catalogue.usc.edu/preview_program.php?catoid=22&poid=32779&returnto=9396,https://catalogue.usc.edu/preview_program.php?catoid=22&poid=32779,direct_html,027_behavioral_economics_and_psychology_ba.txt,2157,59,7b01b4c1c9a1a9abfcf51dd59c963c65d8979c76f568bd2006e762d1503148b1,6a5c286795d02bd4dc3bd518ff84a0df3d79bb7fad27dda1522834733b9309ef,08cb00862b13b3e167388f4bf545968c5e703fc4fa5acab81f19c6f894d4f226,,included,complete,2026-07-31T00:49:56Z
28,Biochemistry (BS),BS,"USC Dornsife College of Letters, Arts and Sciences are applicable",2026-2027,catoid=22,poid=31721,https://catalogue.usc.edu/preview_program.php?catoid=22&poid=31721&returnto=9396,https://catalogue.usc.edu/preview_program.php?catoid=22&poid=31721,direct_html,028_biochemistry_bs.txt,4420,81,58e596860f01a9dc0b48687fe382eb856c15c72b9d86a4b91169d87351d835cd,d4a78301c6c38f9461de5937515cb8193e8c63a94909c835cf461df2450b0ac7,19ff69b284c3b6af4ee4d223fac0d45fc4fd3d87953bfefc1db45c494d0a3a19,,included,complete,2026-07-31T00:49:58Z
29,Biological Sciences (BA),BA,,2026-2027,catoid=22,poid=31717,https://catalogue.usc.edu/preview_program.php?catoid=22&poid=31717&returnto=9396,https://catalogue.usc.edu/preview_program.php?catoid=22&poid=31717,direct_html,029_biological_sciences_ba.txt,8180,185,926f76a8e4988fd25eab1373ed61ac4f179bf8904fbf9da5824fd8423ac3aef2,e2f08e0a9af2d5de8b8346bb21d56eddea110cc8864e76686f3713a8e3daad28,d1b35329adca5159a8a279f0208f701d68668eec2b3ff8388062c84aa79a8ca9,,included,complete,2026-07-31T00:50:00Z
30,Biological Sciences (Biotechnology) (BS),BS,,2026-2027,catoid=22,poid=32750,https://catalogue.usc.edu/preview_program.php?catoid=22&poid=32750&returnto=9396,https://catalogue.usc.edu/preview_program.php?catoid=22&poid=32750,direct_html,030_biological_sciences_bs.txt,7685,163,285b94a2fd5c8b026d9f068ed64ac26e2d98463b32415be2a5d14cda692e2a1a,5d46728a142ffa25665a6a3bbd20f79cdc4862753574df4f3e965cf65dd26e35,08a57e01ce6ce00d21be1dd593826273d7cc5471104b055bf561f6aa070bce79,,included,complete,2026-07-31T00:50:02Z
31,Biological Sciences (BS),BS,,2026-2027,catoid=22,poid=31718,https://catalogue.usc.edu/preview_program.php?catoid=22&poid=31718&returnto=9396,https://catalogue.usc.edu/preview_program.php?catoid=22&poid=31718,direct_html,031_biological_sciences_bs.txt,7912,177,5fb64b4d9694e92ad2e7049c1d5e95e53cca29c4ae3a351ff362ce7efaa98a94,11e833a1582f35620f722fdbb8da346715906814601a731af4fba70995958be4,e8b0f9666b70cfbc4ecf791abeb6cf80a07ad106ab2dae1f0d19086309aaf13e,,included,complete,2026-07-31T00:50:04Z
32,"Biological Sciences (Ecology, Evolution and Environment) (BS)",BS,,2026-2027,catoid=22,poid=32784,https://catalogue.usc.edu/preview_program.php?catoid=22&poid=32784&returnto=9396,https://catalogue.usc.edu/preview_program.php?catoid=22&poid=32784,direct_html,032_biological_sciences_bs.txt,6701,158,e92513b5a0ede2b4a645ce4f14a7b0da7953c50622784d453b6c22a12f4a9e63,adaa0728e78da5b568d8d59f17e56927617fc8efcf2dd47c11847a4d07c87881,d2c09596838273354239187311d0508a343696b980fb5b4ef3d78cd78b5066bb,,included,complete,2026-07-31T00:50:06Z
33,Biological Sciences (Marine Biology) (BS),BS,,2026-2027,catoid=22,poid=32749,https://catalogue.usc.edu/preview_program.php?catoid=22&poid=32749&returnto=9396,https://catalogue.usc.edu/preview_program.php?catoid=22&poid=32749,direct_html,033_biological_sciences_bs.txt,7264,164,bb6b79a53016e1321663ef4169a53b6afb29f99c03a1eeb28da920467760664a,8fef969bac2ed821559ed36fceed905f9e21d15d49f58fbff0faa0313c213000,9f96129b33f147ff15d2774b276b48b020ab88673ff183e4312d39a8a8a457cb,,included,complete,2026-07-31T00:50:09Z
34,"Biological Sciences (Molecular, Cellular and Developmental Biology) (BS)",BS,,2026-2027,catoid=22,poid=32751,https://catalogue.usc.edu/preview_program.php?catoid=22&poid=32751&returnto=9396,https://catalogue.usc.edu/preview_program.php?catoid=22&poid=32751,direct_html,034_biological_sciences_bs.txt,7018,166,a47ae0d4228f2a74c3c93e85474e19d55b7298e5c607bc58533bab64375e5426,e667672e1b63bfb6cc52908d4e1cb16d8bfaf47b8c504c959fde3950b23b0139,54ac2f277f0413d9c280a2a80442b4876f893575f4d7ff8dc7d5fbf1c0a84b7e,,included,complete,2026-07-31T00:50:11Z
35,Biomedical Engineering (BS),BS,,2026-2027,catoid=22,poid=32049,https://catalogue.usc.edu/preview_program.php?catoid=22&poid=32049&returnto=9396,https://catalogue.usc.edu/preview_program.php?catoid=22&poid=32049,direct_html,035_biomedical_engineering_bs.txt,3491,122,bf2a413ba0bd547d9bbb75ace67aa26af431b2ff8b6f0b1abe5c688455dc90a3,a891b7dcf641ac3a4361ed2fe56ac3f1d6f7b6fd3eb547f70bcf936f3fcc8b1b,a32b46507bd7c89bf320f4f87acf0ab6716c3bea59a30a02d8feaafa7fd7ecd2,,included,complete,2026-07-31T00:50:14Z
36,"Biomedical Engineering, Electrical Engineering Emphasis (BS)",BS,,2026-2027,catoid=22,poid=32051,https://catalogue.usc.edu/preview_program.php?catoid=22&poid=32051&returnto=9396,https://catalogue.usc.edu/preview_program.php?catoid=22&poid=32051,direct_html,036_biomedical_engineering_electrical_engineering_emphasis_bs.txt,3381,135,1751922c936e3027844fa97389dd1445595daef030324a463c56f839c695c0f1,b7f3d206e2bace8e2e3152d48216e74a8518ec4bc6354e55c37ff73dc128cc85,8b0510908f497c514b5c16d5116aa92761174aed4a0be809b64fdc2784ef925e,,included,complete,2026-07-31T00:50:16Z
37,"Biomedical Engineering, Mechanical Engineering Emphasis (BS)",BS,,2026-2027,catoid=22,poid=32052,https://catalogue.usc.edu/preview_program.php?catoid=22&poid=32052&returnto=9396,https://catalogue.usc.edu/preview_program.php?catoid=22&poid=32052,direct_html,037_biomedical_engineering_mechanical_engineering_emphasis_bs.txt,3127,122,1750dc8f4ee40344af69dc1759ed89880be450aaaef0c345442e06bcaaaa94ea,f71faf3ac63f7de7c09b45470f6f11b05824625bbed88226df92cb90b4ac6086,ac4d341cbc99159b749bff2547f6a6c77296777723d08f49f64f5d93671bcc33,,included,complete,2026-07-31T00:50:18Z
38,"Biomedical Engineering, Molecular and Cellular Engineering Emphasis (BS)",BS,,2026-2027,catoid=22,poid=32619,https://catalogue.usc.edu/preview_program.php?catoid=22&poid=32619&returnto=9396,https://catalogue.usc.edu/preview_program.php?catoid=22&poid=32619,direct_html,038_biomedical_engineering_molecular_and_cellular_engineering_emphasis_bs.txt,3004,116,712221846ef044311b0891385f1b7a5a94abb59f7bf63352d8549c9bcaf8dccb,83f5d49a71c3f65c3d3781024967e49713b1db52593788d5f9e8b2a4ac7695e1,9829644ae7375bca3c141277b9008032d02c97544a3b4e9a20c70cbfe02b3335,,included,complete,2026-07-31T00:50:21Z
39,Biopharmaceutical Sciences (BA),BA,,2026-2027,catoid=22,poid=32719,https://catalogue.usc.edu/preview_program.php?catoid=22&poid=32719&returnto=9396,https://catalogue.usc.edu/preview_program.php?catoid=22&poid=32719,direct_html,039_biopharmaceutical_sciences_ba.txt,6941,151,9ac64689e43883adbb1443181045c81a33bcf85d1c075b47612cdf896c388bd3,689fa50eba5e870a9975c7eb7c644e93ae86df67f02f1ef408b4c1df0eb5975a,f47c78a9b0a896426a0f0f56708ba85bcfe889af1de2cea4f1221a3b69a66f6c,,included,complete,2026-07-31T00:50:23Z
40,Biopharmaceutical Sciences (BS),BS,USC Alfred E. Mann School of Pharmacy and Pharmaceutical Sciences,2026-2027,catoid=22,poid=32706,https://catalogue.usc.edu/preview_program.php?catoid=22&poid=32706&returnto=9396,https://catalogue.usc.edu/preview_program.php?catoid=22&poid=32706,direct_html,040_biopharmaceutical_sciences_bs.txt,6868,143,ef2f9d60a33ec2762637b80f4991c102876724d572d3d13a7e241c2d1ae80c32,c3e96107fda9b7c4c04df9bd241d5b9968c429dfd972a46ae18f62d197d28d2c,d361beb6d5b0c1f3a77b87867b3abf47c3d88f367c6ac3a797375c2a5b1c1fab,,included,complete,2026-07-31T00:50:26Z
41,Biophysics (BS),BS,,2026-2027,catoid=22,poid=31890,https://catalogue.usc.edu/preview_program.php?catoid=22&poid=31890&returnto=9396,https://catalogue.usc.edu/preview_program.php?catoid=22&poid=31890,direct_html,041_biophysics_bs.txt,1859,50,69976ada3dd697e3334b7499f95aa08c5a0bd0685fd8f70f3bb72c00d28107d4,8205df378fb8afacfb5c8dce42bebc26287b921097cfa25fe741afa0cc7ebd6e,63313ae3f46ffa89770d739c0be3d19da4ec69bf21645c28b111a10de9038e61,,included,complete,2026-07-31T00:50:28Z
42,Business Administration (BS),BS,,2026-2027,catoid=22,poid=31591,https://catalogue.usc.edu/preview_program.php?catoid=22&poid=31591&returnto=9396,https://catalogue.usc.edu/preview_program.php?catoid=22&poid=31591,direct_html,042_business_administration_bs.txt,5574,95,3613c7e2f3616af40b1005240fd0e649c079b98fe6c0dca6d04557ac86606678,e02c0995d973760bdd097d731b761c559e8157a51e9531ba0361f84ccdde4b76,e19221b20dcd58b645aa30b9d56b57dbf3ad29509167d7d5c9ccf32b47db2c9b,,included,complete,2026-07-31T00:50:30Z
43,Business Administration (Business Analytics) (BS),BS,,2026-2027,catoid=22,poid=32693,https://catalogue.usc.edu/preview_program.php?catoid=22&poid=32693&returnto=9396,https://catalogue.usc.edu/preview_program.php?catoid=22&poid=32693,direct_html,043_business_administration_bs.txt,4075,78,e1c4b7176a4dc4e45aba78b69d3e45ed1b3e6a18fa13414f4f4c1b7cbabb95a2,65a88664eef92bfc86140a2d340d9302b725fbbe8c62c5ca0f25152d3f9226d4,6c882f8e3fb00ba2b8be4975802439e782bbb3b32e248dcb26d6668919418408,,included,complete,2026-07-31T00:50:32Z
44,Business Administration (Cinematic Arts) (BS),BS,,2026-2027,catoid=22,poid=31592,https://catalogue.usc.edu/preview_program.php?catoid=22&poid=31592&returnto=9396,https://catalogue.usc.edu/preview_program.php?catoid=22&poid=31592,direct_html,044_business_administration_bs.txt,3366,90,54f414f78a9d23cfd6330afd31f8a8b5bc569124d4f44022d1822d6e2bc19939,a46df99899a28cd8871d3c4136bf35acb32868b079d175b89790aca973ca78a8,888fd72f160cbe2b971287b7aa1aea9b6cb296a99f485970888f66ab61225dbc,,included,complete,2026-07-31T00:50:34Z
45,Business Administration (Communication) (BS),BS,,2026-2027,catoid=22,poid=32692,https://catalogue.usc.edu/preview_program.php?catoid=22&poid=32692&returnto=9396,https://catalogue.usc.edu/preview_program.php?catoid=22&poid=32692,direct_html,045_business_administration_bs.txt,4115,77,b46a02cdfeebd2eca3d868ab8c723f9ae1e6d7267b0f86d629fd05fbfc0f59e6,ebd5115bc634147cc5f2136e487815be1f8eb8b188e63632d749f5a88c7a4fe9,c8bd2814c85c45f3fb3a0c01cb4366e3bdbab08a5e4b85670bcf92e0d53e949c,,included,complete,2026-07-31T00:50:37Z
46,Business Administration (Entrepreneurship and Innovation) (BS),BS,,2026-2027,catoid=22,poid=32697,https://catalogue.usc.edu/preview_program.php?catoid=22&poid=32697&returnto=9396,https://catalogue.usc.edu/preview_program.php?catoid=22&poid=32697,direct_html,046_business_administration_bs.txt,4180,92,922c5d90a6027b0ac54dfa2e9dcdf58a2439e8f012e451bc6df8390338a2190a,267d5962367be4e60ef81d9d3b818261e89ad990e6ebdb3965ba6abeb57cd3ab,270a87dff76e68771ad8831fc3c7793151bad36ee3b458051ca453cbdec9859e,,included,complete,2026-07-31T00:50:38Z
47,Business Administration (Finance) (BS),BS,,2026-2027,catoid=22,poid=32694,https://catalogue.usc.edu/preview_program.php?catoid=22&poid=32694&returnto=9396,https://catalogue.usc.edu/preview_program.php?catoid=22&poid=32694,direct_html,047_business_administration_bs.txt,3359,75,6a9db0bb58c844c56e31acbd4c40a041d234044898948d53f8fbd9367e7f77a6,28b2ef7cad1c6dc637d3fa74942993b28f41423dc64beb7a3a069941fd1417b7,252a08119def1a518e37eabd937255475237a09587b14a18c73d2e5fed7dca8a,,included,complete,2026-07-31T00:50:41Z
48,Business Administration (International Relations) (BS),BS,,2026-2027,catoid=22,poid=31593,https://catalogue.usc.edu/preview_program.php?catoid=22&poid=31593&returnto=9396,https://catalogue.usc.edu/preview_program.php?catoid=22&poid=31593,direct_html,048_business_administration_bs.txt,4790,131,1db1a37441cda3a175098bb82970afaa93640971a04caf07b007ad8c03f74882,21874f2657a588ceaa02095224aeee4e3132d925b9654d649fd9d745eb8db9dd,e3fb8378e8e0a7b938d2228a6d1ef0ddfbfcfd8b865d358fd70a7ac8de03a4db,,included,complete,2026-07-31T00:50:44Z
49,Business Administration (Leadership and Innovation) (BS),BS,,2026-2027,catoid=22,poid=32696,https://catalogue.usc.edu/preview_program.php?catoid=22&poid=32696&returnto=9396,https://catalogue.usc.edu/preview_program.php?catoid=22&poid=32696,direct_html,049_business_administration_bs.txt,4240,79,af896a0fae1bbcb73a7ab54637463133099ddb3831b94df9349bf9f2cc7cb07f,7724d3bbed50371fd1eaa44617051f568fee13d8a360300e3628c0755892d79c,659c3a4998ffa9ecff11f8146f3390ad191c46257e1e7a85b62c3b1c38ae4d21,,included,complete,2026-07-31T00:50:46Z
50,Business Administration (Marketing) (BS),BS,,2026-2027,catoid=22,poid=32691,https://catalogue.usc.edu/preview_program.php?catoid=22&poid=32691&returnto=9396,https://catalogue.usc.edu/preview_program.php?catoid=22&poid=32691,direct_html,050_business_administration_bs.txt,3384,76,f62ce3a207f73a19705ef86bb5167565a16aaec499aeecb37d49d55865cc0233,6a74bee1f73941b53d8c38b10bbbb5d3c68a450443c37fa52b5d4e15b4796c7c,1ae6cbc421c4f2c0bb429a0f0288a956d885febd26e8e5bfa65c211c6d11b6cc,,included,complete,2026-07-31T00:50:49Z
51,Business Administration (Real Estate Finance) (BS),BS,,2026-2027,catoid=22,poid=31594,https://catalogue.usc.edu/preview_program.php?catoid=22&poid=31594&returnto=9396,https://catalogue.usc.edu/preview_program.php?catoid=22&poid=31594,direct_html,051_business_administration_bs.txt,4705,114,1cfa3ee9c4a9f50de95c69505d34edca0e845d582cd45e974c55a0be5924541c,7230fc87edc9451550005d7eff83b19793b18f0c993490beeccaaf05e2c7c3e3,a272f169ebdeda29077fc5d4666bb2775ceaf6928d3b5bfbd5f268180b362e7e,,included,complete,2026-07-31T00:50:51Z
52,Business Administration (Risk Management) (BS),BS,,2026-2027,catoid=22,poid=32695,https://catalogue.usc.edu/preview_program.php?catoid=22&poid=32695&returnto=9396,https://catalogue.usc.edu/preview_program.php?catoid=22&poid=32695,direct_html,052_business_administration_bs.txt,5225,106,309ecc41ce56080d10a96e9f7ed1c219e9f7589fabbf88a02ae26e428029ef27,47ae3fd5e963e0d081314fcba47b8fea0aa9b90719269cb71121bed2c8ea235d,79395988150cf353c158bdfa4a4f624075229d561ea20451a17658a4becbdc04,,included,complete,2026-07-31T00:50:53Z
53,Business Administration (World Program) (BS),BS,Business Program Freshman Academy,2026-2027,catoid=22,poid=31595,https://catalogue.usc.edu/preview_program.php?catoid=22&poid=31595&returnto=9396,https://catalogue.usc.edu/preview_program.php?catoid=22&poid=31595,direct_html,053_business_administration_bs.txt,6388,155,ed781c2dad51dcd0479afba3aa0884a3b8484a8cf61d4faa621e6ef675a1b464,c8bbc05e5727ae2ed3990183b2d211dd716935e19a6309d0dd06bd0ffeaaa438,e4f9bab35a46d60d10a18ccb1df5781e526c002d7482dbf715d003c830a2dbe0,,included,complete,2026-07-31T00:50:55Z
54,Business of Cinematic Arts (BS),BS,Marshall School of Business,2026-2027,catoid=22,poid=32780,https://catalogue.usc.edu/preview_program.php?catoid=22&poid=32780&returnto=9396,https://catalogue.usc.edu/preview_program.php?catoid=22&poid=32780,direct_html,054_business_of_cinematic_arts_bs.txt,5065,133,b54b8ed42d11923bfc6c81db7fc44b98209133e3d172f0dace75caaff39fb868,913753d61fbd7e69ada1cd31548a7bd0a856a835546d88205b82d0d7cd721e9d,7d8f896baa61d8d03545499c3e90e090e3f28313ef620d87e099a6c82714fa2d,,included,complete,2026-07-31T00:50:57Z
55,Business of Innovation (BS),BS,,2026-2027,catoid=22,poid=32857,https://catalogue.usc.edu/preview_program.php?catoid=22&poid=32857&returnto=9396,https://catalogue.usc.edu/preview_program.php?catoid=22&poid=32857,direct_html,055_business_of_innovation_bs.txt,9480,224,2862683f896f584bd26ee9e44a6c622de241d05def1e44cb4022e74d5489dc9b,08286dba239a33d61a33273a87bbaa764fad7f9da15c724ab4d931c71004345d,6c9bb0e93e26ff60bbb540d66ad40e193947f7680212a7514985c32a2b24a398,,included,complete,2026-07-31T00:50:59Z
56,Central European Studies (BA),BA,,2026-2027,catoid=22,poid=31924,https://catalogue.usc.edu/preview_program.php?catoid=22&poid=31924&returnto=9396,https://catalogue.usc.edu/preview_program.php?catoid=22&poid=31924,direct_html,056_central_european_studies_ba.txt,4178,89,30bd762522798150234a136fb81b3414ce97a2aea579b61192973746ce875e5a,559cb90fc25deeb67e0002cca7ad03a646a2baa8c744524ef887bf419b965671,1469075683fb93b81ea2c873aac5521c157aa984e2982b8bf954623f1818b794,,included,complete,2026-07-31T00:51:04Z
57,Chemical Engineering (BS),BS,,2026-2027,catoid=22,poid=32058,https://catalogue.usc.edu/preview_program.php?catoid=22&poid=32058&returnto=9396,https://catalogue.usc.edu/preview_program.php?catoid=22&poid=32058,direct_html,057_chemical_engineering_bs.txt,3425,102,afcc3c4b63e54dd2dc27a426f0b0d804039a2c99002a9b6c358f2fabdc0e149c,a5ff03725c7bc4d63e8f4c0efdbe3ca819709b9910fc26b4f63f380d08536579,9092a0947caff5e5c18729af15dc966f7ec5356f57c1eadf8efc19414d89c435,,included,complete,2026-07-31T00:51:06Z
58,"Chemical Engineering, Biological and Pharmaceutical Engineering Emphasis (BS)",BS,,2026-2027,catoid=22,poid=32812,https://catalogue.usc.edu/preview_program.php?catoid=22&poid=32812&returnto=9396,https://catalogue.usc.edu/preview_program.php?catoid=22&poid=32812,direct_html,058_chemical_engineering_biological_and_pharmaceutical_engineering_emphasi_bs.txt,3930,105,8d49b1ce18c9c141d842fae5e40d2dea486edabbe1f9cfedba2573d7d37570f0,bc1c26647010d0abf782bd58409a2ad678f419742aed735c232d913c771de2a0,2aa729e3374ab7374a78237ef4a866d0860bf4455696114014e4ea19f8e1dba3,,included,complete,2026-07-31T00:51:09Z
59,"Chemical Engineering, Energy and Sustainability Emphasis (BS)",BS,,2026-2027,catoid=22,poid=32814,https://catalogue.usc.edu/preview_program.php?catoid=22&poid=32814&returnto=9396,https://catalogue.usc.edu/preview_program.php?catoid=22&poid=32814,direct_html,059_chemical_engineering_energy_and_sustainability_emphasis_bs.txt,3708,100,44f2d86fbc6e2b8c59217b095604fcf73ddc5fba62c9bb60149666639bf76a37,2f349ff6ec74d6cb5475bc09c003f7217227b20057e6a5cfd5c6ce98e4713b62,c913f2411af4a20cf88c6b3c0055b521029f1e470191fec7a0585f4b15d2687a,,included,complete,2026-07-31T00:51:12Z
60,"Chemical Engineering, Materials Engineering Emphasis (BS)",BS,,2026-2027,catoid=22,poid=32813,https://catalogue.usc.edu/preview_program.php?catoid=22&poid=32813&returnto=9396,https://catalogue.usc.edu/preview_program.php?catoid=22&poid=32813,direct_html,060_chemical_engineering_materials_engineering_emphasis_bs.txt,3855,103,663f7a14a4836d29a47930e22db1b6bbe31407afbf82bb9dc36403d3ea3ebd3c,d53ce851b7226300d6e61974a5e5deb9fb9672ede0d991851644a7d25f67e126,e681fcea4d303f241478af0c9f684c1d8ce137f893b19d2ca5426d2304c281e8,,included,complete,2026-07-31T00:51:14Z
61,"Chemical Engineering, Petroleum and Subsurface Engineering Emphasis (BS)",BS,,2026-2027,catoid=22,poid=32811,https://catalogue.usc.edu/preview_program.php?catoid=22&poid=32811&returnto=9396,https://catalogue.usc.edu/preview_program.php?catoid=22&poid=32811,direct_html,061_chemical_engineering_petroleum_and_subsurface_engineering_emphasis_bs.txt,3417,93,576387c28475fe3feda9210726afae9df32d9871fc5929cf409e6abd551051d7,e93d7e6a749d24ef17f7f12715da6d7368a9c3e466bfb2d8f4f8c48a2f90f1a5,45477e29853fe291814842186e8bb34f07a60be4376c59103de58cc0927e1af7,,included,complete,2026-07-31T00:51:17Z
62,Chemistry (BA),BA,"USC Dornsife College of Letters, Arts and Sciences, the following courses are require",2026-2027,catoid=22,poid=31738,https://catalogue.usc.edu/preview_program.php?catoid=22&poid=31738&returnto=9396,https://catalogue.usc.edu/preview_program.php?catoid=22&poid=31738,direct_html,062_chemistry_ba.txt,1751,54,54349eef59ea6990e4a5ca1016cce340fdf9337fd633a39557353759bd9ac898,e4101e3de3e818b0cd6a266de0274f096561940c6958cf696a9153d4b9b2d3b0,422100c006ba57c614fd1fc37c6de6329fc6aa9e3dcc4dc4edf221075ad08281,,included,complete,2026-07-31T00:51:18Z
63,Chemistry (BS),BS,,2026-2027,catoid=22,poid=31734,https://catalogue.usc.edu/preview_program.php?catoid=22&poid=31734&returnto=9396,https://catalogue.usc.edu/preview_program.php?catoid=22&poid=31734,direct_html,063_chemistry_bs.txt,2127,55,c949f2de2a51d9f2bdbdb30d99d3d00b9d3ed014062c011a9e320415d7fb4b5e,040af3bbedeb511c9bcdd71d91b8658d05b2c83e08716f718619f7a4ae93c08c,6a7eadb3d77bea9a81c61d6f8a908644817778b5002fdcacd6118737e39f7d38,,included,complete,2026-07-31T00:51:21Z
64,Chemistry (Chemical Biology) (BS),BS,"USC Dornsife College of Letters, Arts and Sciences, the following courses are require",2026-2027,catoid=22,poid=31737,https://catalogue.usc.edu/preview_program.php?catoid=22&poid=31737&returnto=9396,https://catalogue.usc.edu/preview_program.php?catoid=22&poid=31737,direct_html,064_chemistry_bs.txt,2366,68,da56bd05ecd5c4134c9dcd22e7b00dec1d0da26b03ede826260754858897b536,6b54e6ab6bfbf2c642bda9e27fe3238bab22adbf31f3cbf2b2bd3f24c737b788,f70240cc4ca27d46bdf30bc0bb21ab751163f608e68152818df8f6047c27b3b8,,included,complete,2026-07-31T00:51:24Z
65,Chemistry (Chemical Nanoscience) (BS),BS,"USC Dornsife College of Letters, Arts and Sciences, the following courses are require",2026-2027,catoid=22,poid=31736,https://catalogue.usc.edu/preview_program.php?catoid=22&poid=31736&returnto=9396,https://catalogue.usc.edu/preview_program.php?catoid=22&poid=31736,direct_html,065_chemistry_bs.txt,1981,55,b8f1a90a52c4aefb5ca91c6f2ddf6843d46a11676960ec6c911f01e4fb985bb3,1984c0f0f96c46df1d2f0b4955285c83b4c96351e2329858acead38ba98f4e54,e4cb2681429760fcf9524896ebcbf2f706351b1ba7e0be93183d5faef39f09da,,included,complete,2026-07-31T00:51:27Z
66,Chemistry (Research) (BS),BS,"USC Dornsife College of Letters, Arts and Sciences, the following courses are require",2026-2027,catoid=22,poid=31735,https://catalogue.usc.edu/preview_program.php?catoid=22&poid=31735&returnto=9396,https://catalogue.usc.edu/preview_program.php?catoid=22&poid=31735,direct_html,066_chemistry_bs.txt,2130,63,4588e77bd835ff83794d35f338f4144ca0f053960e392f4db5272ebf6f1ef558,afdeae1408fc3667bb46051ba480262963c6816bde73a308adf1eb28e0b1f2ca,98cbc3952d12dde2a0a9ef22a83f30d777b5b4ba40c7da4a63fd49e0c4b3f300,,included,complete,2026-07-31T00:51:30Z
67,Choral Music (BA)*,BA,,2026-2027,catoid=22,poid=32243,https://catalogue.usc.edu/preview_program.php?catoid=22&poid=32243&returnto=9396,https://catalogue.usc.edu/preview_program.php?catoid=22&poid=32243,direct_html,067_choral_music_ba.txt,3549,100,476635691e056a306fcddb6db1be323947364f527171b42783ba0b76795b3b94,aef8e2f3cecbb2d89d3ff6782b612c8ca7444846216b77070536a670177a7cc1,c132492416116d6b9e79594b716093e92acbe165fb4febeab5a52b9b9b27d1b2,,included,complete,2026-07-31T00:51:32Z
68,Choral Music (BM),BM,,2026-2027,catoid=22,poid=32608,https://catalogue.usc.edu/preview_program.php?catoid=22&poid=32608&returnto=9396,https://catalogue.usc.edu/preview_program.php?catoid=22&poid=32608,direct_html,068_choral_music_bm.txt,5537,161,2441d902a4a825a70877a79b53fb07874b11b771cf1b5c6260cea09863e52b3b,fef69e5e41d11f5e860507c484d03ef94647812be8c3a2bfbdb7db238ecbd532,1e455639bd78b00819c8419a626eb3933f4ad2018c24d7254dbc21232c4f5b6b,,included,complete,2026-07-31T00:51:34Z
69,Cinema and Media Studies (BA)*,BA,,2026-2027,catoid=22,poid=32404,https://catalogue.usc.edu/preview_program.php?catoid=22&poid=32404&returnto=9396,https://catalogue.usc.edu/preview_program.php?catoid=22&poid=32404,direct_html,069_cinema_and_media_studies_ba.txt,5332,96,90b46976d612c5680072e6afd4e56913992ff43fd3c4726d33c1aa8a88c61ee7,6ff289fdd6d04def1d27bf7e790d081d58f8a77247062f1aad66f6008749b627,f5bdb729a5b14250dd9f7e428c65b014dc31062c31caf56dbd38aa68d6ffc6c5,,included,complete,2026-07-31T00:51:36Z
70,"Cinematic Arts, Film and Television Production (BA)*",BA,,2026-2027,catoid=22,poid=31662,https://catalogue.usc.edu/preview_program.php?catoid=22&poid=31662&returnto=9396,https://catalogue.usc.edu/preview_program.php?catoid=22&poid=31662,direct_html,070_cinematic_arts_film_and_television_production_ba.txt,7920,136,42a519945f67607bf04089c10c662bd8cca8481b088ebff491801f2776760d37,c950b95a0040e5deba9308a0a9d8ded645fa2ed7a123872779918dae41e7ab4f,572dc02baed44eba23708e1aeb853ab9f5b3670e21980375f42e680c9c3798a5,,included,complete,2026-07-31T00:51:38Z
71,"Cinematic Arts, Film and Television Production (BFA)",BFA,,2026-2027,catoid=22,poid=31663,https://catalogue.usc.edu/preview_program.php?catoid=22&poid=31663&returnto=9396,https://catalogue.usc.edu/preview_program.php?catoid=22&poid=31663,direct_html,071_cinematic_arts_film_and_television_production_bfa.txt,9245,167,e4f4ef2a1ebb1e22f26d5fdc3e82251ba24737c3587989b97c4e7a90bdd461b6,d46ab5355046eaf8f885c47464cd9984975006b2553f57efd1b3eca92bdcc402,d07deb12aa79681c21353f1f751724932677050ae38ca44dea67e17d8e347445,,included,complete,2026-07-31T00:51:39Z
72,Civil Engineering (BS),BS,,2026-2027,catoid=22,poid=32433,https://catalogue.usc.edu/preview_program.php?catoid=22&poid=32433&returnto=9396,https://catalogue.usc.edu/preview_program.php?catoid=22&poid=32433,direct_html,072_civil_engineering_bs.txt,4749,149,d6e8baf3450a7415088a55d1b6149b25ac9b1494e49f3662b47bcac56ad05d7f,826311909cd97a409ceb217ccb788f8bd981d1ae5578e66a7511b11117e4604a,a62fa256a9eea86b30f2cd632a8fca5408d9d5f21d7a0afb6826045fa26a8c09,,included,complete,2026-07-31T00:51:42Z
73,"Civil Engineering, Building Science Emphasis (BS)",BS,,2026-2027,catoid=22,poid=32434,https://catalogue.usc.edu/preview_program.php?catoid=22&poid=32434&returnto=9396,https://catalogue.usc.edu/preview_program.php?catoid=22&poid=32434,direct_html,073_civil_engineering_building_science_emphasis_bs.txt,4241,130,7151d25f751da64a45f86bddbf903b618cf782517c83bd5f735a3484ec63d17c,0badf8601d791e8e5972455a77f70bc7431ae9b2ddcb95a3fd135888c399cab5,418f152158aee24dae289af4bc6c412e0cc0cd023f45ef15c0428646394859d6,,included,complete,2026-07-31T00:51:44Z
74,"Civil Engineering, Construction Engineering and Management Emphasis (BS)",BS,,2026-2027,catoid=22,poid=32626,https://catalogue.usc.edu/preview_program.php?catoid=22&poid=32626&returnto=9396,https://catalogue.usc.edu/preview_program.php?catoid=22&poid=32626,direct_html,074_civil_engineering_construction_engineering_and_management_emphasis_bs.txt,4745,147,40b78bc1212e7757f5a6c887b666b921f3c67c9016a933fc322fd757d299193b,b9b9d6d5287b472581e6dffb77cfc7f18e82f84f7bdc17fcce1aae2bfabe68d5,bf530bfc68fd909762d7bac82b2a987daad56dd3c0b85f4ed6382bbb49e28be9,,included,complete,2026-07-31T00:51:46Z
75,"Civil Engineering, Environmental Engineering Emphasis (BS)",BS,,2026-2027,catoid=22,poid=32435,https://catalogue.usc.edu/preview_program.php?catoid=22&poid=32435&returnto=9396,https://catalogue.usc.edu/preview_program.php?catoid=22&poid=32435,direct_html,075_civil_engineering_environmental_engineering_emphasis_bs.txt,3774,127,6f176a718e8a649c525ae8a0fb1146cb9b17f76937e1fef14b898542ccfdc304,176235a161dcea6344e17f18aa583f4884005c2fa1349d7dd3ef7076c24e82bc,57307d174873f6ec27ac0aa12553a50101b19cc0e1b83b5f44e094dd3f10d5dc,,included,complete,2026-07-31T00:51:54Z
76,"Civil Engineering, Structural Engineering Emphasis (BS)",BS,,2026-2027,catoid=22,poid=32436,https://catalogue.usc.edu/preview_program.php?catoid=22&poid=32436&returnto=9396,https://catalogue.usc.edu/preview_program.php?catoid=22&poid=32436,direct_html,076_civil_engineering_structural_engineering_emphasis_bs.txt,4087,128,f4888bc7957505e271016d19b329d6df238c3c330d43de1a3f30ad5d2ff520c1,a0f7675c057e3b717fea242f3b129002a4fe10b7f71229e4d3533c7bdceaf321,91e13cf457b75e90c485ad43c3fc2150238fae4119532b142231901cf28d7d48,,included,complete,2026-07-31T00:51:56Z
77,"Civil Engineering, Water Resources Engineering Emphasis (BS)",BS,,2026-2027,catoid=22,poid=32628,https://catalogue.usc.edu/preview_program.php?catoid=22&poid=32628&returnto=9396,https://catalogue.usc.edu/preview_program.php?catoid=22&poid=32628,direct_html,077_civil_engineering_water_resources_engineering_emphasis_bs.txt,4411,138,6b85e223567f74a897185af7a9d4fc137bb5ab91b11016f18e19ca17c197927b,91f4970be760692385d6d65ed4fa92d990873bc9f9332a236bae90c97ae57bb6,6b6d6b2aea7e45e508cc75dfc40f29c6449d299fbc949aa0912cdf325717fe9e,,included,complete,2026-07-31T00:51:59Z
78,Classics (BA),BA,,2026-2027,catoid=22,poid=31744,https://catalogue.usc.edu/preview_program.php?catoid=22&poid=31744&returnto=9396,https://catalogue.usc.edu/preview_program.php?catoid=22&poid=31744,direct_html,078_classics_ba.txt,3795,119,dcc69861ae4d5cc2a6b29f64863833585d3c2c580c38a2836a52cca8015fbcb0,adc53a32df13b3163ef6670bc3a3d9f29d121705dabd6f4a721db3c3836e20df,cb95a38a9bccb8c6e74d0f7ac947b4b732881eb0e25ee96a32d4d29c7ace88e7,,included,complete,2026-07-31T00:52:05Z
79,Cognitive Science (BA),BA,,2026-2027,catoid=22,poid=31909,https://catalogue.usc.edu/preview_program.php?catoid=22&poid=31909&returnto=9396,https://catalogue.usc.edu/preview_program.php?catoid=22&poid=31909,direct_html,079_cognitive_science_ba.txt,13770,388,923f33ac30270ec8150b5fb71c6ec28bdaeb196d166442e93e561d3fff623860,f2aa37697c182d9372ecda878f6bc1c4f49056104779bb62717d9a838ddbd676,f0f85c214fc4d966e1e063e3a5251a07d5015b8d5954f92e1ae87c43a45bc42b,,included,complete,2026-07-31T00:52:08Z
80,Communication (BA)*,BA,,2026-2027,catoid=22,poid=31947,https://catalogue.usc.edu/preview_program.php?catoid=22&poid=31947&returnto=9396,https://catalogue.usc.edu/preview_program.php?catoid=22&poid=31947,direct_html,080_communication_ba.txt,4216,102,e406cd6d4f8cb685cc1e620a0361c6c14ca6785ac8dfbeecefd24dcf44b1d9fe,bfa12e323b0bac7859716fb4cfa972a180d157bf02ca9d719d29659da5cf75c4,744dbe28bb9097190e458db2c5fd6e7ba2ebb5c823a70fe124f509eb6729ff31,,included,complete,2026-07-31T00:52:10Z
81,Comparative Literature (BA),BA,,2026-2027,catoid=22,poid=31748,https://catalogue.usc.edu/preview_program.php?catoid=22&poid=31748&returnto=9396,https://catalogue.usc.edu/preview_program.php?catoid=22&poid=31748,direct_html,081_comparative_literature_ba.txt,6950,155,974fe1f01de5135e967927a4ed37956946678ae42ff39f2dc327f0fcd200326b,1af07fe867bcaa2f3726e8d00ef72396ad909ff1a9177e5f8c23bea99421661c,5369264f50fd3192ada0e1fd170e3b069face74678cd7c71cb679182cafb8942,,included,complete,2026-07-31T00:52:12Z
82,Composition (BM),BM,,2026-2027,catoid=22,poid=32229,https://catalogue.usc.edu/preview_program.php?catoid=22&poid=32229&returnto=9396,https://catalogue.usc.edu/preview_program.php?catoid=22&poid=32229,direct_html,082_composition_bm.txt,6404,179,3b0a918deb9a963eaed7eb4d590e2d621b04a61991af045626676c9f0185fc54,23ff140778156712912240ec685c47a38c4551155522e737b09b17d5200fc418,3aa519ce880c9912cb4312c47328cf7f29a5c39f1d318b0851d2b6ceaf331a25,,included,complete,2026-07-31T00:52:15Z
83,Computational Linguistics (BS),BS,,2026-2027,catoid=22,poid=32478,https://catalogue.usc.edu/preview_program.php?catoid=22&poid=32478&returnto=9396,https://catalogue.usc.edu/preview_program.php?catoid=22&poid=32478,direct_html,083_computational_linguistics_bs.txt,3020,112,1e5f0f245b0c68d2c0f3639de386b41c3c7103343126720000cffe5aa939b5eb,fa42c955bc23eb5e21a659b90edb2a6718412c0a2d5ff41cec139a442cbcd2cd,985d57f70bb209d135796904eac58b97f43f8a6a6dd9f693e7c1d7e48e7a5405,,included,complete,2026-07-31T00:52:19Z
84,Computational Neuroscience (BS),BS,,2026-2027,catoid=22,poid=31871,https://catalogue.usc.edu/preview_program.php?catoid=22&poid=31871&returnto=9396,https://catalogue.usc.edu/preview_program.php?catoid=22&poid=31871,direct_html,084_computational_neuroscience_bs.txt,7594,173,ce74326602832f5eb75ffd6c8ff0d28082ac917a1b6e62b0b2c36e81bb159ca2,009bf3d323e48f1fb7da0be61607b3cd4c11aba9e615829aa876b74be4397c6c,493ac8a36f9a023cd23998f935133c72b8dce4bcc6cac8adeb5e125fe5c469aa,,included,complete,2026-07-31T00:52:21Z
85,Computer Engineering and Computer Science (BS),BS,Viterbi First-Year Academy,2026-2027,catoid=22,poid=32083,https://catalogue.usc.edu/preview_program.php?catoid=22&poid=32083&returnto=9396,https://catalogue.usc.edu/preview_program.php?catoid=22&poid=32083,direct_html,085_computer_engineering_and_computer_science_bs.txt,4377,152,9cd3de5c4a56c50d53da5b185ab7adfcae1e7efe51add324133f0ace545bc832,783b04f153dadf1b8a709b55740062bac1db6e267d092d2a50efc74f3b074b5c,e9c27788f85be189d296891d13bf61cb2234e85f631b411a767156c85bf8be24,,included,complete,2026-07-31T00:52:23Z
86,Computer Science (BS),BS,Viterbi First-Year Academy,2026-2027,catoid=22,poid=32086,https://catalogue.usc.edu/preview_program.php?catoid=22&poid=32086&returnto=9396,https://catalogue.usc.edu/preview_program.php?catoid=22&poid=32086,direct_html,086_computer_science_bs.txt,4127,129,6c19c6881decd069bdf431272cbb088ef330d3845dcc48b92d56baae900f2385,bed5bb21d769f608a856a1c005be852505c4289dc22e70d8bf8e111508e657cc,96c540bcfe87c476de0a903c315824e80323d2a3291f9c2be0ed5692fb8e8c7f,,included,complete,2026-07-31T00:52:26Z
87,Computer Science Games (BS),BS,Viterbi First-Year Academy,2026-2027,catoid=22,poid=32701,https://catalogue.usc.edu/preview_program.php?catoid=22&poid=32701&returnto=9396,https://catalogue.usc.edu/preview_program.php?catoid=22&poid=32701,direct_html,087_computer_science_games_bs.txt,4534,142,b394e0b58f5bb0e73bcc034051774cc59ab6db0693b0f3b645da73835299c11c,4fcfb8f24592d13480dd360be21f421bd89a57ebbfb7e60690c83a7f5f7d747f,1c23523593029e56945baaf0a4d9aefed48e4812105b2017eeae8b702d1612f8,,included,complete,2026-07-31T00:52:28Z
88,Computer Science/Business Administration (BS),BS,Viterbi First-Year Academy,2026-2027,catoid=22,poid=32088,https://catalogue.usc.edu/preview_program.php?catoid=22&poid=32088&returnto=9396,https://catalogue.usc.edu/preview_program.php?catoid=22&poid=32088,direct_html,088_computer_science_business_administration_bs.txt,4286,137,5ad04f130072b16fb9bbf1994858d0893c5256a2c78edc7a5f80caf9cb9da22d,8fd1dad49b1b156078ee44dde91d4c89ff15e2b2d83056d9a66eba32a806991e,b351bf5153d99589b952cbbde8b1a14a94d4201ad59e977573a3cb83fa522323,,included,complete,2026-07-31T00:52:30Z
89,Contemporary Latino and Latin American Studies (BA),BA,,2026-2027,catoid=22,poid=32428,https://catalogue.usc.edu/preview_program.php?catoid=22&poid=32428&returnto=9396,https://catalogue.usc.edu/preview_program.php?catoid=22&poid=32428,direct_html,089_contemporary_latino_and_latin_american_studies_ba.txt,6229,139,c4caf150b5874b606024beb5b572f256caa4ca349b61d757fd0b00189896cd1b,1eb348c91b73ff895689c9f1a0d87da37c86d61e07da319160d3d4735df02513,20582ed1f938f07ff0299414e71d664526ee72c0b8ae4a07c2a547fd539c611c,,included,complete,2026-07-31T00:52:33Z
90,Dance (BFA),BFA,,2026-2027,catoid=22,poid=31975,https://catalogue.usc.edu/preview_program.php?catoid=22&poid=31975&returnto=9396,https://catalogue.usc.edu/preview_program.php?catoid=22&poid=31975,direct_html,090_dance_bfa.txt,5530,109,22d91395839fa3659f3073f590f4b529b1df06580a8fbbc8246304457c77edce,be01db9d81a2a72d3eaa008ded0878b87ab3827ad2fde2c49953406774c8525f,3a8afaa7f1276ca1fb03ffd07a56dd8dd0f77cfd48467145eba831e0d0c95793,,included,complete,2026-07-31T00:52:35Z
91,Data Science (BA)*,BA,"USC Dornsife College of Letters, Arts and Sciences",2026-2027,catoid=22,poid=32615,https://catalogue.usc.edu/preview_program.php?catoid=22&poid=32615&returnto=9396,https://catalogue.usc.edu/preview_program.php?catoid=22&poid=32615,direct_html,091_data_science_ba.txt,5163,125,32b3bdf35605a8d8643ad5cfbbd8b014a718332561ab5d937f398000f40852b6,b92db7c079dddc001f0342f7e2326940f150fcafc628034502e14a6926173353,ee85b159ae316359a04843065c3019db76fd9efc9f36c85a2725640711c8c63a,,included,complete,2026-07-31T00:52:37Z
92,Design (BFA),BFA,,2026-2027,catoid=22,poid=32522,https://catalogue.usc.edu/preview_program.php?catoid=22&poid=32522&returnto=9396,https://catalogue.usc.edu/preview_program.php?catoid=22&poid=32522,direct_html,092_design_bfa.txt,2471,65,dded646d8a4a6c5ac04c4f8c1b3284be8038614a447d9f84ea875d98efa583fd,0153c7a2c2fc6b2cab1a0c4c83dd3d8ddfb1b19717dbcb6c91d53bb93531c141,6aef2429e076b0b6b27e1c0f46136d0b737f7d132c7ce70ec0467cabc0fbcb43,,included,complete,2026-07-31T00:52:40Z
93,Dramatic Arts (BA)*,BA,,2026-2027,catoid=22,poid=32838,https://catalogue.usc.edu/preview_program.php?catoid=22&poid=32838&returnto=9396,https://catalogue.usc.edu/preview_program.php?catoid=22&poid=32838,direct_html,093_dramatic_arts_ba.txt,3137,88,741907ee51fffe45976d5394f4c86ed7d83f262454375ee30d0648c3c532b1a8,95ec73b14ffd9c2af7a0575a8d49312c820a6bbcafcd3fbe9e4bc05f7ccb187e,4742eb6d13f79883196195a21c05bdfd7222ce9a87196ebf1dce304069527501,,included,complete,2026-07-31T00:52:42Z
94,"Dramatic Arts, Acting Emphasis (BA)*",BA,,2026-2027,catoid=22,poid=32839,https://catalogue.usc.edu/preview_program.php?catoid=22&poid=32839&returnto=9396,https://catalogue.usc.edu/preview_program.php?catoid=22&poid=32839,direct_html,094_dramatic_arts_acting_emphasis_ba.txt,4986,134,c9a7c35c4b620dd3961c2d0a3262584aea4e461dbad99525e922219640f869ae,1a7e55ccc321ca34c54d82d83c31aa7fa15bc1ef46dc96aeb3dd2d494863923b,390ad20f1dd263dfb5db09773ec310b92c3e58b81eeaca509e5a32d4a6a3f74c,,included,complete,2026-07-31T00:52:44Z
95,"Dramatic Arts, Comedy Emphasis (BA)*",BA,,2026-2027,catoid=22,poid=32842,https://catalogue.usc.edu/preview_program.php?catoid=22&poid=32842&returnto=9396,https://catalogue.usc.edu/preview_program.php?catoid=22&poid=32842,direct_html,095_dramatic_arts_comedy_emphasis_ba.txt,3903,95,87932eba6f95e9cf2c4d4c38a844729810f0c4853c5a971dc0276fffad6df5a6,b7da95908704b86f2ef4acea3d5bb89d12ffb4a6d1eb4a906177a39e51ad5a48,ac767324b9d7d5c9ddee67c6f9f8b532f9b2696e86865990c7b55612364d5d1f,,included,complete,2026-07-31T00:52:46Z
96,"Dramatic Arts, Design Emphasis (BA)*",BA,,2026-2027,catoid=22,poid=32841,https://catalogue.usc.edu/preview_program.php?catoid=22&poid=32841&returnto=9396,https://catalogue.usc.edu/preview_program.php?catoid=22&poid=32841,direct_html,096_dramatic_arts_design_emphasis_ba.txt,4200,129,051daad0ee9faac9160183a93aba9912c804fafd50b925aa450c1f373c192b26,bdc11f9ab52fa1ecd5d5b8ad42fd28a90398380f349ec2d92994b33c6f5ac5ba,828d8a5d59e74bc71b47114bfd87f7929c1cb24e2105d1615c4a2e73deb7a868,,included,complete,2026-07-31T00:52:49Z
97,"Dramatic Arts, Directing Emphasis (BA)*",BA,,2026-2027,catoid=22,poid=32918,https://catalogue.usc.edu/preview_program.php?catoid=22&poid=32918&returnto=9396,https://catalogue.usc.edu/preview_program.php?catoid=22&poid=32918,direct_html,097_dramatic_arts_directing_emphasis_ba.txt,2813,85,945e72f0f227c31a4a7ba6b28369da14186f640763a3dd096a9ee1a0b8810bdb,453dd1cb75f32cb711fcbc99a96c00005d919066bc5a8d935b17ccd89bc06acd,8745446a3532decbf2221f5cb6c39abe023d26261e63bcdac99f6d157aa308f7,,included,complete,2026-07-31T00:52:52Z
98,"Dramatic Arts, Musical Theatre Emphasis (BA)*",BA,,2026-2027,catoid=22,poid=32840,https://catalogue.usc.edu/preview_program.php?catoid=22&poid=32840&returnto=9396,https://catalogue.usc.edu/preview_program.php?catoid=22&poid=32840,direct_html,098_dramatic_arts_musical_theatre_emphasis_ba.txt,4249,114,1f94bad0021c5d0f497e6d571e4a669ca42da0209f1c2352809849fa72055462,ca030d16d76ead0922fcf491256c911c62ad8089860dbd70b113fec1c40146b5,009656fbecbbed07682e0470b94a251a1623bb1e18830ee7569d6e83306334c8,,included,complete,2026-07-31T00:52:54Z
99,Earth Sciences (BA),BA,,2026-2027,catoid=22,poid=31759,https://catalogue.usc.edu/preview_program.php?catoid=22&poid=31759&returnto=9396,https://catalogue.usc.edu/preview_program.php?catoid=22&poid=31759,direct_html,099_earth_sciences_ba.txt,794,48,f01f547efb7378ef5b231c155155afc154a1e8445022b5c01dbcb01cb03272a4,5daa501fbe713bf60e76caab44677bdcf1180517f9b41dbbd1757e25e95bbb72,a512598dae74f6efad35e9796c7606ce5a8db987c7a19d3e5eb7ab91e6dfc073,,included,complete,2026-07-31T00:52:56Z
100,East Asian Area Studies (BA),BA,,2026-2027,catoid=22,poid=31765,https://catalogue.usc.edu/preview_program.php?catoid=22&poid=31765&returnto=9396,https://catalogue.usc.edu/preview_program.php?catoid=22&poid=31765,browser_rendered_dom,100_east_asian_area_studies_ba.txt,642,7,70d86007bddaab3fcd7a217a732b87ad14bf1000f90096941af4ada8dc9a37ca,7563b67740b1b40514049585de8710f48268bd72d7aa525c413a2ec96bd5fe6c,1cf268803c0b559afd71e113bf2da902778113991db4e8ac6140c7fdc463e3fc,0a131e5e91c4ec9845ee37d9db552d0eec53de71678f0dfd1379389bcbfde978,included,complete,2026-08-14T02:16:27Z
101,East Asian Languages and Cultures (BA),BA,,2026-2027,catoid=22,poid=31771,https://catalogue.usc.edu/preview_program.php?catoid=22&poid=31771&returnto=9396,https://catalogue.usc.edu/preview_program.php?catoid=22&poid=31771,direct_html,101_east_asian_languages_and_cultures_ba.txt,6187,103,1b3b37f70ef9547166f6fdfaebbd1673a1364dc215e9ed9832dfcae64ca61014,b7ed01b1ad8483d26e83af239f3b422104bfb9a625a213b4f03f275dc332364f,5fcee7c53a5a3fcda2169f4d37cc3be2840f3583a387d0c0b0ab85c0d8f60cb6,,included,complete,2026-07-31T00:53:58Z
102,Economics (BA),BA,,2026-2027,catoid=22,poid=31776,https://catalogue.usc.edu/preview_program.php?catoid=22&poid=31776&returnto=9396,https://catalogue.usc.edu/preview_program.php?catoid=22&poid=31776,direct_html,102_economics_ba.txt,732,7,37d5dc19d3d6032af9594a21548432a53695f601f0c45c1fd01ea19594433ee2,98a1f98314ee8820e86b466791a72d0791096886b55d299c7d01381cdd2021f9,e8edd28f86fe1fd37940e14ad05e6e9b6bb84ce5df0efa41487a003bfb14c5e0,,included,complete,2026-07-31T00:54:00Z
103,Economics and Data Science (BS),BS,,2026-2027,catoid=22,poid=32704,https://catalogue.usc.edu/preview_program.php?catoid=22&poid=32704&returnto=9396,https://catalogue.usc.edu/preview_program.php?catoid=22&poid=32704,direct_html,103_economics_and_data_science_bs.txt,1799,63,85edec70a6955192b0443b6eb5a652c3c101ed7de015a445917e9b8d7a7eb74e,b057f23bb392d4988998fa8ce930d04e9687cbf87540abf0963d428dd8a8fe73,d8004d43bf1bd0e9d0b633d63a1f36c44da3cecf411a7fab14136aad007069d7,,included,complete,2026-07-31T00:54:03Z
104,Electrical and Computer Engineering (BS),BS,,2026-2027,catoid=22,poid=32624,https://catalogue.usc.edu/preview_program.php?catoid=22&poid=32624&returnto=9396,https://catalogue.usc.edu/preview_program.php?catoid=22&poid=32624,direct_html,104_electrical_and_computer_engineering_bs.txt,3941,120,e6c7690bd43efad49c153cf73b8f8bd6b07974485ed3b92a8fa792776e30c7f5,c275b0c83a29fc1e3e0cd5d05d152d6e62d6256cb03823dcf46c4199cbe4ae21,6ab146904d41ed0d63e9a0171698f2c96ae7f348ee0dbe6c1c9305e4d416bdea,,included,complete,2026-07-31T00:54:05Z
105,English (BA),BA,,2026-2027,catoid=22,poid=31788,https://catalogue.usc.edu/preview_program.php?catoid=22&poid=31788&returnto=9396,https://catalogue.usc.edu/preview_program.php?catoid=22&poid=31788,direct_html,105_english_ba.txt,1156,11,2d83f07d6c64570c8f8ed25e3578866439acbf111f7decc6a8ce0d9d23fed30b,b797ac1a75f23b38a0ecef7275fb6df9c0ab224e68b599bcdab7474c229e9a85,a7b96dd9d5b43e1bb966e2c262d7b6c0c0a171affe305322882ebbcbc1be45a8,,included,complete,2026-07-31T00:54:07Z
106,Environmental Engineering (BS),BS,,2026-2027,catoid=22,poid=32437,https://catalogue.usc.edu/preview_program.php?catoid=22&poid=32437&returnto=9396,https://catalogue.usc.edu/preview_program.php?catoid=22&poid=32437,direct_html,106_environmental_engineering_bs.txt,3733,132,835b1e12a6ee3c3dec32ee7a16399815aeb36888a1f72542dfbacf6bd40be782,f9388a6b1d9eba81e53b2a7dd448150b8ace59a5ef57a040ad8b780fc27c6e50,929cc594057717bfb1569616d7000b133f84f6bc4e50f9db7adae2f5305e838d,,included,complete,2026-07-31T00:54:10Z
107,Environmental Science and Health (BA),BA,,2026-2027,catoid=22,poid=31805,https://catalogue.usc.edu/preview_program.php?catoid=22&poid=31805&returnto=9396,https://catalogue.usc.edu/preview_program.php?catoid=22&poid=31805,direct_html,107_environmental_science_and_health_ba.txt,1745,44,991523b3289aeee55d6d5a251332c988cc5ec3845b12d2963a81f99f49a6aa86,7b3d477517aff0295a276529cd2cf96e26bec422a2b9a5a97bc43086aa139f0c,e6add422e70f0fb500bb3c493c279ffaecc8c33cdb0c3ad2000a959b6e7a9c55,,included,complete,2026-07-31T00:54:12Z
108,Environmental Science and Health (BS),BS,,2026-2027,catoid=22,poid=31806,https://catalogue.usc.edu/preview_program.php?catoid=22&poid=31806&returnto=9396,https://catalogue.usc.edu/preview_program.php?catoid=22&poid=31806,direct_html,108_environmental_science_and_health_bs.txt,2042,55,d00e3bbc2930356e533c70f46e3065f1f3adff4e95e1c7805a8f71968e31e6b3,a62cbe7a321909305b3c9bdae7a54d2607aa960474d48c2047354c0a42eb1d6d,12d72d1306d677158cad1e84e53671c6596172b0a43a0dd2d592cfa1870b9fb4,,included,complete,2026-07-31T00:54:14Z
109,Environmental Studies (BA),BA,,2026-2027,catoid=22,poid=31799,https://catalogue.usc.edu/preview_program.php?catoid=22&poid=31799&returnto=9396,https://catalogue.usc.edu/preview_program.php?catoid=22&poid=31799,direct_html,109_environmental_studies_ba.txt,7427,144,2480a496bb758d76d5fb2ad53ea2d098beab50bfbb2dc5aadd9f8590f2cfa211,a38b362bf9fa39a51e3e1b402024d6dbba5500289073252d04c55ffc30672661,c688123fa1b80268fe11cbbfa1bfe562c1aa8142fbc3a50d70ab4848da327fe4,,included,complete,2026-07-31T00:54:16Z
110,Environmental Studies (BS),BS,,2026-2027,catoid=22,poid=31804,https://catalogue.usc.edu/preview_program.php?catoid=22&poid=31804&returnto=9396,https://catalogue.usc.edu/preview_program.php?catoid=22&poid=31804,direct_html,110_environmental_studies_bs.txt,10969,208,d4a86f40411c257bb3d0fecdfcc1f2a6109c5f77e79c592b1d0a3e9300a548a0,156e486d8b85d1acd0ff4d76e7054abeb0fa82d63c50d986f9742a16308d90f5,17ac01e2f1d07e3fb5a8909fc47da203813c32deffb8767fa0102d0118d011ae,,included,complete,2026-07-31T00:54:18Z
111,Environmental Systems Science (BS),BS,,2026-2027,catoid=22,poid=32958,https://catalogue.usc.edu/preview_program.php?catoid=22&poid=32958&returnto=9396,https://catalogue.usc.edu/preview_program.php?catoid=22&poid=32958,direct_html,111_environmental_systems_science_bs.txt,4169,95,56df5a01ef31ac8b4069756970c3f9c2df243fceac5f178762a210b630bcd8d8,4553e495bd81100b592cb273ae9b4a6454bf2dc89b958ec923623b1971c35c76,176b37c319a1508ab9f1abaa565fb3cd2c30a7424693d4ae51e8e58f57182af2,,included,complete,2026-07-31T00:54:20Z
112,Fine Arts (BFA),BFA,,2026-2027,catoid=22,poid=31571,https://catalogue.usc.edu/preview_program.php?catoid=22&poid=31571&returnto=9396,https://catalogue.usc.edu/preview_program.php?catoid=22&poid=31571,direct_html,112_fine_arts_bfa.txt,2912,61,9be14aee6b43fb26d3afe93876aa634688d5d744c3f8503df57d7655f925b19d,f09da55d9c64f12152267454b7181a946d483e446ea8c6e799e0396a2a18fd8c,87f6b3601fb0bf06372e875318552684bbd2be368b0c73a43472051c31aecf17,,included,complete,2026-07-31T00:54:23Z
113,French (BA),BA,,2026-2027,catoid=22,poid=31810,https://catalogue.usc.edu/preview_program.php?catoid=22&poid=31810&returnto=9396,https://catalogue.usc.edu/preview_program.php?catoid=22&poid=31810,direct_html,113_french_ba.txt,2963,67,e4ffbcba04df823de0a7a5893cc3a3038e3730bb2fb756257c7418efd94615be,ff824c91841e408ad821e25297b0c7545ed3f0a776b5950fee2ab43b93de44a3,ac0a9283a7a629604b5bb0410f7e812689d1722fa45492835669c0191e552cf7,,included,complete,2026-07-31T00:54:24Z
114,Game Art (BFA),BFA,,2026-2027,catoid=22,poid=32728,https://catalogue.usc.edu/preview_program.php?catoid=22&poid=32728&returnto=9396,https://catalogue.usc.edu/preview_program.php?catoid=22&poid=32728,direct_html,114_game_art_bfa.txt,3365,67,fab59bb2383895d8511f3e1804bbf501667581bcdc35073a0fcde2a8c1d63529,eebab051dca8c48026a63f13e0d8310715fa9572fb601e575b4fbaf90a62d437,5b49ca7e769459665631c39e0b211f51815d5feaabb55142cbb989b4a0d6e2bb,,included,complete,2026-07-31T00:54:27Z
115,Game Development and Interactive Design (BFA),BFA,,2026-2027,catoid=22,poid=32782,https://catalogue.usc.edu/preview_program.php?catoid=22&poid=32782&returnto=9396,https://catalogue.usc.edu/preview_program.php?catoid=22&poid=32782,direct_html,115_game_development_and_interactive_design_bfa.txt,3108,76,5b8e2fc04ac3a605fb8d98422a8f38c8331dc4c5e6a9257b64144d577b898700,fca4d50bf1ffb50f2f805f541855eda33459ca2f96bf853634ecef106db3a2ff,4c5771a11999f6c6b887091bc4c98eb270b376e5ff3720f9e373b6287bc81f36,,included,complete,2026-07-31T00:54:29Z
116,Gender and Sexuality Studies (BA),BA,,2026-2027,catoid=22,poid=32623,https://catalogue.usc.edu/preview_program.php?catoid=22&poid=32623&returnto=9396,https://catalogue.usc.edu/preview_program.php?catoid=22&poid=32623,direct_html,116_gender_and_sexuality_studies_ba.txt,3139,40,e055e875f8f621171272b866435466b6e91f422108cf040fb100a0acc0c13694,02732e94455cd519275198675dafaa7e398d8417de9e2e53a9b0e52298004917,09b454b880962349064704e735646ccd847a38db8abf92f2c389a15b5c80202e,,included,complete,2026-07-31T00:54:32Z
117,Geodesign (BS),BS,,2026-2027,catoid=22,poid=31939,https://catalogue.usc.edu/preview_program.php?catoid=22&poid=31939&returnto=9396,https://catalogue.usc.edu/preview_program.php?catoid=22&poid=31939,direct_html,117_geodesign_bs.txt,6548,104,7431eae06674e3bb11a134ee536a4451dadd3c239b54eb66ea354879c44b5efe,42eaca8a0983909d67f4498017b32fba9715ddae449f95a68769f00b4f527f78,0097d702d9142535306046a97e3e44c076232f61330ae15b93e30adc75edc7df,,included,complete,2026-07-31T00:54:33Z
118,Geological Sciences (BS),BS,,2026-2027,catoid=22,poid=31758,https://catalogue.usc.edu/preview_program.php?catoid=22&poid=31758&returnto=9396,https://catalogue.usc.edu/preview_program.php?catoid=22&poid=31758,direct_html,118_geological_sciences_bs.txt,2046,72,ab9d50ab9436f1977305595365723786d92a1e8b952a4b905851754a5533862c,559fbfbc1a754b7a8075ec4bed4456aa44defcfd60e0fc4e5580213d7cc2cbef,94339a2b7a7427314a047edc8edc6f27ca025669b51ff7be37f5b951db9f64e0,,included,complete,2026-07-31T00:54:35Z
119,Global Geodesign (BS),BS,,2026-2027,catoid=22,poid=32569,https://catalogue.usc.edu/preview_program.php?catoid=22&poid=32569&returnto=9396,https://catalogue.usc.edu/preview_program.php?catoid=22&poid=32569,direct_html,119_global_geodesign_bs.txt,2405,57,9b44a2cd0cb150ec13d857c469a8e79337a8178eea4633357ed7b65003d4fe1f,5898734d3b70338f349f171650cd2be376c8b148838c1be9cab96366a3b27543,b5a0be92c7c958f339aeb6c15ef22b87bf804d2b2b8b8b9a4cbdd1435081a008,,included,complete,2026-07-31T00:54:37Z
120,Global Health Studies (BS),BS,,2026-2027,catoid=22,poid=32210,https://catalogue.usc.edu/preview_program.php?catoid=22&poid=32210&returnto=9396,https://catalogue.usc.edu/preview_program.php?catoid=22&poid=32210,direct_html,120_global_health_studies_bs.txt,6902,146,9323ab04bc7760a1453c540a0446d83901e38e6ef677f752d4f1f8142219fcea,163c012b199e575e836e18be1bbc21232732036d9ffd8f45e408b84f90acb81b,3a6df569b8a834b5e27163b2ae2bf40504ccb0b29d274f03ae03ed5503e5a5cd,,included,complete,2026-07-31T00:54:40Z
121,Global Studies (BA),BA,,2026-2027,catoid=22,poid=31701,https://catalogue.usc.edu/preview_program.php?catoid=22&poid=31701&returnto=9396,https://catalogue.usc.edu/preview_program.php?catoid=22&poid=31701,direct_html,121_global_studies_ba.txt,3162,80,4e619198a094875d604c03be811abff5be783f47adb6c66350fda1f134709b69,ea75b97885e81422a6d160685e13265c0084ae82bc26a47a7f07133d81282fde,8e88085aa0ddab918b3f833c4691e9f234b57ba4b94a4e3f39be2470ae326306,,included,complete,2026-07-31T00:54:42Z
122,Health and Human Sciences (BA),BA,,2026-2027,catoid=22,poid=32477,https://catalogue.usc.edu/preview_program.php?catoid=22&poid=32477&returnto=9396,https://catalogue.usc.edu/preview_program.php?catoid=22&poid=32477,direct_html,122_health_and_human_sciences_ba.txt,6668,155,d2196480cd4768b3c20b01cf144409568295a4d66022df41fe686cb05463ad8a,56892145bd31c2960b74b6269f574dce5e842988412cf4ad79e9e271e5dd9f53,c8132e5986078d118043fdd0e6eb530f0312e499d120ca3d1fb372f879c0aa76,,included,complete,2026-07-31T00:54:44Z
123,Health Promotion and Disease Prevention Studies (BS),BS,,2026-2027,catoid=22,poid=32209,https://catalogue.usc.edu/preview_program.php?catoid=22&poid=32209&returnto=9396,https://catalogue.usc.edu/preview_program.php?catoid=22&poid=32209,direct_html,123_health_promotion_and_disease_prevention_studies_bs.txt,5593,120,357cfc6c9ac84973d4f349e75e8c9718a76f09fa9a6e401c09ba10c06e8d7467,a395caac6827ea9a4a31d55b94900aabbccf0d9af9b587addb0714afd0f4756b,20fc345c26bd3b8c872cfb497dcefc4ed473f7be357e96e3d10c537656277a23,,included,complete,2026-07-31T00:54:46Z
124,History (BA),BA,,2026-2027,catoid=22,poid=31820,https://catalogue.usc.edu/preview_program.php?catoid=22&poid=31820&returnto=9396,https://catalogue.usc.edu/preview_program.php?catoid=22&poid=31820,direct_html,124_history_ba.txt,19595,339,1dea83570719f7f19b3575420ea0f0ed4ae8ea5ccaf468e8f29f04637dc06e60,3a5db261522de197552b7f2d491df63d9c19bb278e5fdd11bf48d1e9302b2ba8,2c090819288b03b4478d2a51f8c87b79d753b8f32326cb7c09048cb216301a6a,,included,complete,2026-07-31T00:54:49Z
125,Human Biology (BA),BA,,2026-2027,catoid=22,poid=31720,https://catalogue.usc.edu/preview_program.php?catoid=22&poid=31720&returnto=9396,https://catalogue.usc.edu/preview_program.php?catoid=22&poid=31720,direct_html,125_human_biology_ba.txt,4946,112,baf8da369b77e34c55628685b6e466a7517eb5ba79a77817a440133355b321fb,50dfcb488e9c3affadba91b38ca6033bd83ac15eca6e29cb30a207fe9330a326,0457ee54907e1221d777cb92d37478737c646950b69c13c83d9c093121657060,,included,complete,2026-07-31T00:54:51Z
126,Human Biology (BS),BS,,2026-2027,catoid=22,poid=31719,https://catalogue.usc.edu/preview_program.php?catoid=22&poid=31719&returnto=9396,https://catalogue.usc.edu/preview_program.php?catoid=22&poid=31719,direct_html,126_human_biology_bs.txt,5634,134,d918c2c52fbdbcf8b76c8b8a5027b7e189590e2ce3e3937d1090e8a25c5fbb66,8f5b8c850c50e62e191ee3a3ae06c706b2dcd3c30162371edfbd3cd9abd62418,03d42cd01565a0a2d7e13083379a13260ad6639d2bf52f71836f82ee617312bc,,included,complete,2026-07-31T00:54:54Z
127,Human Development and Aging (BS),BS,,2026-2027,catoid=22,poid=32142,https://catalogue.usc.edu/preview_program.php?catoid=22&poid=32142&returnto=9396,https://catalogue.usc.edu/preview_program.php?catoid=22&poid=32142,direct_html,127_human_development_and_aging_bs.txt,4005,73,df31a949b95cc2f3d5ad4add3ec1663d299903127436d0fc3b859ab85ce91ba0,44e5e32121932b8d6d6600c95953c54d19d96556a5658ca8ad0387df42388f6b,2b0722654200da2df072d79bbc5909c0151a745729a785a4e0d66746bb0909d9,,included,complete,2026-07-31T00:54:56Z
128,"Human Development and Aging, Health Science Track (BS)",BS,,2026-2027,catoid=22,poid=32143,https://catalogue.usc.edu/preview_program.php?catoid=22&poid=32143&returnto=9396,https://catalogue.usc.edu/preview_program.php?catoid=22&poid=32143,direct_html,128_human_development_and_aging_health_science_track_bs.txt,3115,89,51f6448a5e066dbf6bc7ecb9e4e60c37830876053ee42fcbce040c68ef1e5064,8322fd2cc43d95e9fbaee62952e6c4f55a6f1a408860eecc83926456f8740494,d8a1b6e18e247067d9f52f6cfdd9ab21b614ac527a00e6e03bb624bd72880ef7,,included,complete,2026-07-31T00:54:58Z
129,"Human Development and Aging, Honors Programs (BS)",BS,,2026-2027,catoid=22,poid=32144,https://catalogue.usc.edu/preview_program.php?catoid=22&poid=32144&returnto=9396,https://catalogue.usc.edu/preview_program.php?catoid=22&poid=32144,direct_html,129_human_development_and_aging_honors_programs_bs.txt,3827,103,962b10d73cfb2c6adebc9f4e7ae41bb5b01c028ba3971c086500eea68131d8ad,130780524e4088c4942363d02e2e613c72eb882e68e616fb75f89b995f3c7f8a,6a0ccf161a8dccd01793fbd8cbdca308009ef1ba1d280874654071a637b62002,,included,complete,2026-07-31T00:55:01Z
130,Human Security and Geospatial Intelligence (BS),BS,,2026-2027,catoid=22,poid=32640,https://catalogue.usc.edu/preview_program.php?catoid=22&poid=32640&returnto=9396,https://catalogue.usc.edu/preview_program.php?catoid=22&poid=32640,direct_html,130_human_security_and_geospatial_intelligence_bs.txt,9119,182,140ac39158690aec41da45f638105bcfd38243261f17520b914c7e99911c11ce,72ad90f4b42154bd689b0f65556a2cce837fb5e7026f2b6aafbcd59287f1bbf9,44f0e05ac6a0eb4ea6e4e56f1e20625d4815e747ee9fa8b006ad99663cc1107d,,included,complete,2026-07-31T00:55:03Z
131,Human Technology Interaction (BS),BS,,2026-2027,catoid=22,poid=32920,https://catalogue.usc.edu/preview_program.php?catoid=22&poid=32920&returnto=9396,https://catalogue.usc.edu/preview_program.php?catoid=22&poid=32920,direct_html,131_human_technology_interaction_bs.txt,6853,154,7d33a6038805a049c5f284409757c38dd89583e34e6f81e82c724ccf754f5fb9,41afe0d647871494126132a053430dff2f39459a7bb74f60a01eea859b495dff,166c5414d5c9c858c903211fc6e75a0258d082c1898da01b349ddd11f7bcfcae,,included,complete,2026-07-31T00:55:05Z
132,Industrial and Systems Engineering (BS),BS,,2026-2027,catoid=22,poid=32114,https://catalogue.usc.edu/preview_program.php?catoid=22&poid=32114&returnto=9396,https://catalogue.usc.edu/preview_program.php?catoid=22&poid=32114,direct_html,132_industrial_and_systems_engineering_bs.txt,2896,111,68f900b3f1090430d509f02170e71134379e5e5339f8398e49764d4081865191,31f99c5bf1381175fcd0e09c143c9a441228b871e3304c0f1c1fcb4092e34eb3,5c9c7cb96baebf75ab887930267550aa56b4c69b2329005d97868ce63e853317,,included,complete,2026-07-31T00:55:07Z
133,Intelligence and Cyber Operations (BA),BA,,2026-2027,catoid=22,poid=32563,https://catalogue.usc.edu/preview_program.php?catoid=22&poid=32563&returnto=9396,https://catalogue.usc.edu/preview_program.php?catoid=22&poid=32563,direct_html,133_intelligence_and_cyber_operations_ba.txt,4945,150,6bece7ab06dde84eeeb54a30f6284b2d5ead20f78fa6d7e4a70b2c610e13a0c2,e5dd7f3b0ac5131f1b15c53b4bcd084b89645cb4aaf2595c46d790af213b8ff5,78d9d73d8b8c873243da02c827a3e306cd42a3f2898fc8ad8f07a4db79eadc3c,,included,complete,2026-07-31T00:55:09Z
134,Interdisciplinary Studies (BA),BA,,2026-2027,catoid=22,poid=32737,https://catalogue.usc.edu/preview_program.php?catoid=22&poid=32737&returnto=9396,https://catalogue.usc.edu/preview_program.php?catoid=22&poid=32737,direct_html,134_interdisciplinary_studies_ba.txt,1978,23,d36a9a92e48bc3ff2a1519a3b1501b583fc658918442907ff4cb6138eb67da39,26c2861b49eb57bf8681d834a1917856e13c4401d74b6acf78eb52ea03cd5d98,f0c57a50bb3bdc63049c04a77f38bd9652eb6eeb83b26023b0e1051276c65a51,,included,complete,2026-07-31T01:23:02Z
135,International Relations (BA),BA,,2026-2027,catoid=22,poid=31830,https://catalogue.usc.edu/preview_program.php?catoid=22&poid=31830&returnto=9396,https://catalogue.usc.edu/preview_program.php?catoid=22&poid=31830,direct_html,135_international_relations_ba.txt,12246,229,cbddfc1fd750ec544afe077e621cd896e4bb50e89119c6cb01bad93ecbcf2686,638aa59b37f98a02ef7bc79a7b67508424933017c614647ee8df24dbb4c3e988,be9e13acbf89336fafba34e0d207810fee8b520e49011e2986b23e023e1af2e9,,included,complete,2026-07-31T00:55:13Z
136,International Relations (Global Business) (BA),BA,School of International Relations,2026-2027,catoid=22,poid=31831,https://catalogue.usc.edu/preview_program.php?catoid=22&poid=31831&returnto=9396,https://catalogue.usc.edu/preview_program.php?catoid=22&poid=31831,direct_html,136_international_relations_ba.txt,4475,117,a0d805bd7b1ea8444a4d21886a76a911cefe2cced86f99057ed5915426aa668f,408626ab2ccb65a6d00f8202747e14dedd7b6efc772a86f120de928e5a0a6541,22cf58be9a443d9df3f4f3c326ea237b5195efd5e95b20d22ddf1c24280614de,,included,complete,2026-07-31T00:55:15Z
137,International Relations and the Global Economy (BA),BA,School of International Relations,2026-2027,catoid=22,poid=31832,https://catalogue.usc.edu/preview_program.php?catoid=22&poid=31832&returnto=9396,https://catalogue.usc.edu/preview_program.php?catoid=22&poid=31832,direct_html,137_international_relations_and_the_global_economy_ba.txt,3774,97,475c52ed43d1452a0f25c2103876fa67a7212d86570bda236f2aadfc90f16db0,aac131776e684d2a8e41a6a81f591fcf525a0d6ab64874d78f26109214dcb4b3,4130ad69119e5ce63775a352a6d032cd9ed4b1480e3b270747eec670bc340dfb,,included,complete,2026-07-31T00:55:18Z
138,Italian (BA),BA,,2026-2027,catoid=22,poid=31812,https://catalogue.usc.edu/preview_program.php?catoid=22&poid=31812&returnto=9396,https://catalogue.usc.edu/preview_program.php?catoid=22&poid=31812,direct_html,138_italian_ba.txt,2555,65,f21494a18ac3486267df0e4103ff3eb53f5166b49335b9b99036a0364e714774,e35da115eac16b763c7c7ee34c304b0b758be7bc27922a556537a36ac23d78ea,a9f26c3be2b00ad0aad9fa755158ef22188179b5645d3db2309f5e9faf286013,,included,complete,2026-07-31T00:55:19Z
139,Jazz Studies (BM),BM,,2026-2027,catoid=22,poid=32230,https://catalogue.usc.edu/preview_program.php?catoid=22&poid=32230&returnto=9396,https://catalogue.usc.edu/preview_program.php?catoid=22&poid=32230,direct_html,139_jazz_studies_bm.txt,9460,293,4f553fed7084ca1784b788c0e2b573011ae964705bf703de26411bc260ebe3e7,a772f377d7d77f435720f67032b9dd6de0d95d987e227fcdc9fe62fdbd23924f,96b61d866d315e04b67b3421a89e46b61e0d3918884a4cc0de255e52575e2bd5,,included,complete,2026-07-31T00:55:21Z
140,Jewish Studies (BA),BA,,2026-2027,catoid=22,poid=32429,https://catalogue.usc.edu/preview_program.php?catoid=22&poid=32429&returnto=9396,https://catalogue.usc.edu/preview_program.php?catoid=22&poid=32429,direct_html,140_jewish_studies_ba.txt,5318,100,3b2381e2ccee238df80d5c4a0a533c66ea79001c3fbec4cfa4beaffe489df5de,10430a09005e39c84f01237100a5eb43ad604046d41383c77a1274de5f5e62ef,dfd7acbefadfc3df134decb4add82b0e6b926462bdf9020929436844382e87d0,,included,complete,2026-07-31T00:55:23Z
141,Journalism (BA)*,BA,,2026-2027,catoid=22,poid=32448,https://catalogue.usc.edu/preview_program.php?catoid=22&poid=32448&returnto=9396,https://catalogue.usc.edu/preview_program.php?catoid=22&poid=32448,direct_html,141_journalism_ba.txt,2270,65,be75c3b6970575555916aaf216c23c61c5c5477a66d4bd0566747161d71541fb,a4abbbd690315d8132949f6b9450cead9ddb30bcfa86c398ca8b0a7290c46170,2c5adcd5269e4fb86c5b74d9a40d8aab471fdfb57785fa15f5f914d16c9f9d37,,included,complete,2026-07-31T00:55:25Z
142,"Latin American and Iberian Cultures, Media and Politics (BA)",BA,,2026-2027,catoid=22,poid=32519,https://catalogue.usc.edu/preview_program.php?catoid=22&poid=32519&returnto=9396,https://catalogue.usc.edu/preview_program.php?catoid=22&poid=32519,direct_html,142_latin_american_and_iberian_cultures_media_and_politics_ba.txt,6230,115,652dc297515686f6373a8f0c845222cab0bf4fb29ee4700cf3d5ae970a53f9ab,bf849da741ca34b6ff8a5f92df087b5766e4288d91f75cdcf4cbe79951ecfdeb,9941879c8af100c1a367285ff4d5aa6f27a7afb5b21add6bd6fd52f884bbe680,,included,complete,2026-07-31T00:55:27Z
143,Law and Economics (BS),BS,Gould School of Law,2026-2027,catoid=22,poid=32938,https://catalogue.usc.edu/preview_program.php?catoid=22&poid=32938&returnto=9396,https://catalogue.usc.edu/preview_program.php?catoid=22&poid=32938,direct_html,143_law_and_economics_bs.txt,5195,123,715e03fda64c0482565ffa24473333d3827a1ee5d805cb5ffa3711cb8e316380,b6ffb08b551fc5fc22c0a0ff609d91e7afe43559e98faed45fef06ceeec38108,bd954f9403b62352cdab1ae193f912023897daec4ecc6ee6a213983a1d4a03f8,,included,complete,2026-07-31T00:55:29Z
144,"Law, History, and Culture (BA)",BA,,2026-2027,catoid=22,poid=31822,https://catalogue.usc.edu/preview_program.php?catoid=22&poid=31822&returnto=9396,https://catalogue.usc.edu/preview_program.php?catoid=22&poid=31822,direct_html,144_law_history_and_culture_ba.txt,7305,132,001afb5eba57893f11e69d7be504c870c90c5362f185e796345f3a71dc494ef9,e5dae9604cf64f7eece2904e6e17519bf508577330e340631dcb991c13befa24,73c8439ab9cac43de5e7ad147b8363dd8497efa2a7f9134d4750c93326512994,,included,complete,2026-07-31T00:55:31Z
145,Legal Studies (BS),BS,,2026-2027,catoid=22,poid=32797,https://catalogue.usc.edu/preview_program.php?catoid=22&poid=32797&returnto=9396,https://catalogue.usc.edu/preview_program.php?catoid=22&poid=32797,direct_html,145_legal_studies_bs.txt,6805,158,89669caeaed8a8237e6ca17d2687b2d7b71c69fa9b8b049817a8ec6536f6333d,07e6de260100ba48b5a7faca1c757fa1702bea1dcaad1c5b618dead839819968,02cbe103a4b8885d13231a449445f954092553a7f7a06e4973a0b017052ce5af,,included,complete,2026-07-31T00:55:33Z
146,Lifespan Health (BS),BS,,2026-2027,catoid=22,poid=32145,https://catalogue.usc.edu/preview_program.php?catoid=22&poid=32145&returnto=9396,https://catalogue.usc.edu/preview_program.php?catoid=22&poid=32145,direct_html,146_lifespan_health_bs.txt,2902,58,2014bcf244ea841f4c72c95a99329977bd183782ec6db4df5c7c3d25d5274fbf,dfad9a29cfdd31e03e9fd3b5134fb7814aa28a751e523fccd10a8be2a8626319,00069cb9d9e9a50a962486c7e9553a55f03d05fbae173223721e85c757684fe2,,included,complete,2026-07-31T00:55:36Z
147,Linguistics (BA),BA,,2026-2027,catoid=22,poid=31842,https://catalogue.usc.edu/preview_program.php?catoid=22&poid=31842&returnto=9396,https://catalogue.usc.edu/preview_program.php?catoid=22&poid=31842,direct_html,147_linguistics_ba.txt,1476,47,509dab973012d0c5962a2a790956c3ab16df0bcdb1fe2ab9221a44fce2e3da6f,796114a799f7b1ff166abfc9e360099bd74e1a159e07ca48f7f6cb44652d2675,d3b799dd38244583f273b61977d911195f02cf5d43b0be642fa3e8f39db2b8fa,,included,complete,2026-07-31T00:55:38Z
148,Mathematics (BA),BA,,2026-2027,catoid=22,poid=31852,https://catalogue.usc.edu/preview_program.php?catoid=22&poid=31852&returnto=9396,https://catalogue.usc.edu/preview_program.php?catoid=22&poid=31852,direct_html,148_mathematics_ba.txt,1235,43,7b87b7a9a7d3bcb77d72817715d1994671a11b1b4c7429b918f63714e0087c9f,8005be6dc0564e02376e2920f49e71284e57461577a122ee93d024a5228badf7,1803b7a54f134f0141902fddedfe2388c0101c5428f8bfdc34b07ef0a37927f6,,included,complete,2026-07-31T00:55:40Z
149,Mathematics (BS),BS,,2026-2027,catoid=22,poid=31853,https://catalogue.usc.edu/preview_program.php?catoid=22&poid=31853&returnto=9396,https://catalogue.usc.edu/preview_program.php?catoid=22&poid=31853,direct_html,149_mathematics_bs.txt,1887,59,a5c62b4cbba060bcf05c4867fb58150951709e2be473d7f27967129eb640ae0a,f8b15b01e0d9ed7666ef7b04c7112036d3c268587110536b7c430682dd047d04,2b572e2043d417a64586a486837356b10b50e919d613d76273d3c746e417685b,,included,complete,2026-07-31T00:55:42Z
150,Mechanical Engineering (BS),BS,,2026-2027,catoid=22,poid=32039,https://catalogue.usc.edu/preview_program.php?catoid=22&poid=32039&returnto=9396,https://catalogue.usc.edu/preview_program.php?catoid=22&poid=32039,direct_html,150_mechanical_engineering_bs.txt,3256,120,4570b122e5d60e34318a4326b437823e1208e4daa7a9d1e8268da67f0e51debb,7e04d920f7548a952aec51cba035b5bb9352e5a0bd06d42c1660f153cd95814f,111648089c6f645da479a4258ce8be8849623ed7ad3888458b128b7ef1be4601,,included,complete,2026-07-31T00:55:44Z
151,Media Arts and Practice (BA)*,BA,,2026-2027,catoid=22,poid=31669,https://catalogue.usc.edu/preview_program.php?catoid=22&poid=31669&returnto=9396,https://catalogue.usc.edu/preview_program.php?catoid=22&poid=31669,direct_html,151_media_arts_and_practice_ba.txt,4385,91,9f940f396e7daa1423e27a21ada5e180ec89e595aa90d06419624214eecc4be3,f408663db05e9dd2f5857a578b84ccb8eaccb85be095462feaabdc68b9ec4c40,f2e8c7a0eb9891d8830e26b4223ec1e4a70afe05344d9ee11257a9f0b6078ec6,,included,complete,2026-07-31T00:55:47Z
152,Middle East Studies (BA),BA,,2026-2027,catoid=22,poid=31866,https://catalogue.usc.edu/preview_program.php?catoid=22&poid=31866&returnto=9396,https://catalogue.usc.edu/preview_program.php?catoid=22&poid=31866,direct_html,152_middle_east_studies_ba.txt,11970,250,923260e675920d888dc059e47551c5b4d6604f8c85b9a0276a9ce2e71c303d1a,b40a67a02ecc37ea18044bec4e63634ca40ab50bd0ab4de0d19774436d0a3b9a,13a0308b58ea4343df7dd7d0d14f340c12e259f69530490fc667c1f554820074,,included,complete,2026-07-31T00:55:49Z
153,Music (BA)*,BA,,2026-2027,catoid=22,poid=32242,https://catalogue.usc.edu/preview_program.php?catoid=22&poid=32242&returnto=9396,https://catalogue.usc.edu/preview_program.php?catoid=22&poid=32242,direct_html,153_music_ba.txt,5828,179,7c55dc9030145e0dda02a8168ae10d3aa17b35935481f4cacbaba35b95147632,6b1dc43c344d3ed919ca4d3c92c38daa82f9ca3a71e51c667a02558dec424aac,b3100f424fe469c2dbd931a04918bc56e3455bf482df36373cffa747d7616e2c,,included,complete,2026-07-31T00:55:51Z
154,Music Industry (BM),BM,"Thornton School of Music. The various majors for the degree are listed below, al",2026-2027,catoid=22,poid=32240,https://catalogue.usc.edu/preview_program.php?catoid=22&poid=32240&returnto=9396,https://catalogue.usc.edu/preview_program.php?catoid=22&poid=32240,direct_html,154_music_industry_bm.txt,5739,122,348a8c07817822f7ff2dbf4bb8a12522aa32c346869db2b8393a8dff3ac6eaae,d2db6e3aa46aa0d20905e0328f62ec5947b5657d759beddd9d5addb74d3f1221,63b56791f8ea24a23a4a488be82b632ff76d4bb6c6c29aa5f023ed5c02547ef7,,included,complete,2026-07-31T00:55:53Z
155,Music Industry (BS),BS,,2026-2027,catoid=22,poid=32241,https://catalogue.usc.edu/preview_program.php?catoid=22&poid=32241&returnto=9396,https://catalogue.usc.edu/preview_program.php?catoid=22&poid=32241,direct_html,155_music_industry_bs.txt,7605,198,f4adbcdd861bbaa0964a9bbed4c97d27728f4253e62bc7f9abee1a54b2549b79,23ff8bb5fdc05201f865994d0e6d605325a9ab1b40bf25c94e98b4a69acb91d6,832dcda6ef8d8030a1c96c86b952de4d6718281c1f6177f49e904fbb5ca43c51,,included,complete,2026-07-31T00:55:55Z
156,Music Production (BM),BM,,2026-2027,catoid=22,poid=32231,https://catalogue.usc.edu/preview_program.php?catoid=22&poid=32231&returnto=9396,https://catalogue.usc.edu/preview_program.php?catoid=22&poid=32231,direct_html,156_music_production_bm.txt,5943,162,1ffc1c4e5c09cf59850f22fccc543114e98f476d4c21b611e9961aecf4965356,579425dc171e6f6dbc2e697b2d05d64bf8835bf3884465beb08c48cb5736fc87,f5b80c115b8c9376d9bc8edc65c03fc5b908eacdf3f82bda012c18cf43948171,,included,complete,2026-07-31T00:55:57Z
157,Musical Theatre (BFA),BFA,,2026-2027,catoid=22,poid=32621,https://catalogue.usc.edu/preview_program.php?catoid=22&poid=32621&returnto=9396,https://catalogue.usc.edu/preview_program.php?catoid=22&poid=32621,direct_html,157_musical_theatre_bfa.txt,5286,98,4afc9e73b79c341e633a41eb17b3bf83a7ae38de2ac0e94cd22167b5eb6352b6,be4560aaa3885b0953edaf72ef93ee8bc2e0cc04c2cb710c33e543dab9569f0b,79fbf1e1b6c875e535eac0763b15a360fcd1a32edbe1611831db9c5f7d8e3dcb,,included,complete,2026-07-31T00:55:59Z
158,Narrative Studies (BA),BA,,2026-2027,catoid=22,poid=31790,https://catalogue.usc.edu/preview_program.php?catoid=22&poid=31790&returnto=9396,https://catalogue.usc.edu/preview_program.php?catoid=22&poid=31790,direct_html,158_narrative_studies_ba.txt,10731,232,34342684f53f89798ca79477eefb3cc3dbe8f1bb46077b0bf9d4027416700ad5,f1df7d5e188afbcafa64a28064f16dfa83c1d0449fc5c5bfc00b2421beab7dcb,214f43d6cefe745d22b2bf4c6d24071aa87c2306d6440093ec38093a0cc038fa,,included,complete,2026-07-31T00:56:02Z
159,Neuroscience (BA),BA,,2026-2027,catoid=22,poid=31869,https://catalogue.usc.edu/preview_program.php?catoid=22&poid=31869&returnto=9396,https://catalogue.usc.edu/preview_program.php?catoid=22&poid=31869,direct_html,159_neuroscience_ba.txt,6464,145,b26640acadfc3ad92644249cf4208bc5936c529132e11e8a3f1e00fb220daba1,74d07f673a4382c883c03cda3f4422e5133456b1c376c8cc4fc3e8926ac14b41,b86345e3274a6b0cfbb1c0b1161d36dfdcb1a3aa6fd4db3ea41a68c72a3ed12b,,included,complete,2026-07-31T00:56:05Z
160,Neuroscience (BS),BS,,2026-2027,catoid=22,poid=31870,https://catalogue.usc.edu/preview_program.php?catoid=22&poid=31870&returnto=9396,https://catalogue.usc.edu/preview_program.php?catoid=22&poid=31870,direct_html,160_neuroscience_bs.txt,6745,158,5e806b849627ab6f32682f0620bf7bb39b0eef0ae8973ce8b93989252fcf2438,3ab3b80528ea7a95263fb6a167ec14054502f81777cad534d9242ba97abb7387,1dbcfee1bcb390a9ae799001b97d80fd9f38129cdcb0db8c309e012172bebe7e,,included,complete,2026-07-31T00:56:07Z
161,Non-Governmental Organizations and Social Change (BA),BA,,2026-2027,catoid=22,poid=31929,https://catalogue.usc.edu/preview_program.php?catoid=22&poid=31929&returnto=9396,https://catalogue.usc.edu/preview_program.php?catoid=22&poid=31929,direct_html,161_non_governmental_organizations_and_social_change_ba.txt,6890,179,12d49be669e0ee7010269d78f973e5918371a89c6a0fa8eff02d10b606d26c75,7c7b16a9407aba1be628c2393af591be8ccc60210db506c47f3828efe278ef78,745e53944fcbade737f835dfc16e6c9e4daea12d44b41f5e9823d7c8882495ad,,included,complete,2026-07-31T00:56:10Z
162,Occupational Therapy (BS),BS,,2026-2027,catoid=22,poid=32166,https://catalogue.usc.edu/preview_program.php?catoid=22&poid=32166&returnto=9396,https://catalogue.usc.edu/preview_program.php?catoid=22&poid=32166,direct_html,162_occupational_therapy_bs.txt,6811,118,83727e1242ef0295f59f4778d16b53f56a11dc0d01188c3103eaa0539cbc36f3,19d95ffed76d190ec31d49d9fe87e55f167b533bd2de9f0569f5b4acd49708a0,aff1e71127837e2eb207b6fe36e129a73c4dcdef08543c8d1b8b495db1c00516,,included,complete,2026-07-31T00:56:13Z
163,Performance (Classical Guitar) (BM),BM,,2026-2027,catoid=22,poid=32233,https://catalogue.usc.edu/preview_program.php?catoid=22&poid=32233&returnto=9396,https://catalogue.usc.edu/preview_program.php?catoid=22&poid=32233,direct_html,163_performance_bm.txt,6783,178,58f4661be55137185cc7fa77ad1eb1c6e99746f3c8e06ce6513ddbb4e29ad77e,f1f79514284d40e396bbf25ca40538e74b0456323934d04b12c966203ccbd7ef,be45e186a665b06262fd35f11dfd676a9aea401618d32be9dc0e1686c9649a70,,included,complete,2026-07-31T00:56:16Z
164,"Performance (Flute), (Oboe), (Clarinet), (Bassoon), (Saxophone), (French Horn), (Trumpet), (Trombone), (Tuba) or (Percussion) (BM)",BM,,2026-2027,catoid=22,poid=32238,https://catalogue.usc.edu/preview_program.php?catoid=22&poid=32238&returnto=9396,https://catalogue.usc.edu/preview_program.php?catoid=22&poid=32238,direct_html,164_performance_flute_oboe_clarinet_bassoon_saxophone_french_horn_trumpet_bm.txt,6523,174,c87a073fab707ead7f706b88e541e715827f852e383874b63c582722532c4aab,1b7d15cd7b6c477c3767865577037734df11c87c82ef30a05fb1829835076e32,25aacaadbd5f31559a0daecd02825edb4199fd00fc3fa00c8c1ddea8806c2fca,,included,complete,2026-07-31T00:56:18Z
165,Performance (Organ) (BM),BM,,2026-2027,catoid=22,poid=32235,https://catalogue.usc.edu/preview_program.php?catoid=22&poid=32235&returnto=9396,https://catalogue.usc.edu/preview_program.php?catoid=22&poid=32235,direct_html,165_performance_bm.txt,6223,172,2b324bb8d871bb3fd8936fcd7d255c862653029679258cee8d50cd49af3107d3,7b2f2af9516b1e4f21591566eb8cc1b68669b2928a24f75857306e38533bbd56,3ed7fd81ee9110bf5ce44b840452aff52bcc10383b317a50f1f2fd4a089852f7,,included,complete,2026-07-31T00:56:20Z
166,Performance (Piano) (BM),BM,,2026-2027,catoid=22,poid=32234,https://catalogue.usc.edu/preview_program.php?catoid=22&poid=32234&returnto=9396,https://catalogue.usc.edu/preview_program.php?catoid=22&poid=32234,direct_html,166_performance_bm.txt,6533,173,c2b52be429803d9a6ddf039e2722721386d414a83f471fd1a28c1b310466270b,c6acb8b6d332ea343f191b1c579be6be29f3cdec793c625d3670075ca16087d5,f6e93b0fb9e031c35450f67d3274bd336b608aefede0078999824c4bb7e65537,,included,complete,2026-07-31T00:56:23Z
167,Performance (Popular Music) (BM),BM,,2026-2027,catoid=22,poid=32239,https://catalogue.usc.edu/preview_program.php?catoid=22&poid=32239&returnto=9396,https://catalogue.usc.edu/preview_program.php?catoid=22&poid=32239,direct_html,167_performance_bm.txt,6235,161,25da2cd9dd3de0d6538a0c36761cc411ee716db6382654a0a46aaeeadde050bf,fc83518f70d322e69daaa2ad3992020fd8d53055f4ae1563d8a46a33bf39587d,0b70f6dcb1a1f11430f3142405be72816d59e67c80560d02dd5a99be13719d41,,included,complete,2026-07-31T00:56:25Z
168,Performance (Studio Guitar) (BM),BM,,2026-2027,catoid=22,poid=32232,https://catalogue.usc.edu/preview_program.php?catoid=22&poid=32232&returnto=9396,https://catalogue.usc.edu/preview_program.php?catoid=22&poid=32232,direct_html,168_performance_bm.txt,8395,270,91c4da1391f180b8a9fb67363369031865b6e823f6668263602964a5a3a52a1d,6b8b7ceec8c16ac66a64aace297473df7f4696f8dc63d20bf75bf8b4c6e9fb1b,a3b474011fd4aca0327e2efc6d9b886da934d6d72e11581515663cad40df4102,,included,complete,2026-07-31T00:56:27Z
169,"Performance (Violin), (Viola), (Violoncello), (Double Bass) or (Harp) (BM)",BM,,2026-2027,catoid=22,poid=32236,https://catalogue.usc.edu/preview_program.php?catoid=22&poid=32236&returnto=9396,https://catalogue.usc.edu/preview_program.php?catoid=22&poid=32236,direct_html,169_performance_violin_viola_violoncello_double_bass_or_bm.txt,15370,495,02c9aeceb04b87843e18f80601a5ef30326f6810e971cbf885876d8c4b8692c6,1efce1a014ddaedd9efe076c9f13db97ecc588c87f9ce30c69560ec2589a9fba,70cc28a9a654bf28fecf7b30598ea81abe500c6a75afb795004ad73739feced8,,included,complete,2026-07-31T00:56:29Z
170,Performance (Vocal Arts) (BM),BM,,2026-2027,catoid=22,poid=32237,https://catalogue.usc.edu/preview_program.php?catoid=22&poid=32237&returnto=9396,https://catalogue.usc.edu/preview_program.php?catoid=22&poid=32237,direct_html,170_performance_bm.txt,6291,172,facea8859aa9e252b8d2c4eb833cdc1bdde23b650ed6fed9c334680df6361ff9,f2cb24fa740f1cb1ec085997a33b6868c5fb3bcc415dc276114affc447f94722,d933b929a5d28e97db74713abeb319fd4bba03d4c5933318f1a9d8da3f7c62e5,,included,complete,2026-07-31T00:56:31Z
171,Pharmacology and Drug Development (BA)*,BA,,2026-2027,catoid=22,poid=32707,https://catalogue.usc.edu/preview_program.php?catoid=22&poid=32707&returnto=9396,https://catalogue.usc.edu/preview_program.php?catoid=22&poid=32707,direct_html,171_pharmacology_and_drug_development_ba.txt,7427,156,b5a64b46f468ef44150d50332929f7b6533fc3812f45d26c7d6814bd2d5248f2,af6e5b45c769bfb87c303b3e18e3a955d23eb4f36f6b9e6ab51781d3eb396f12,f98ad0ceb1783ea508f3317c1da51ea6e46d930b3b900830f532d3c973248655,,included,complete,2026-07-31T00:56:33Z
172,Pharmacology and Drug Development (BS),BS,Alfred E. Mann School of Pharmacy and Pharmaceutical Sciences,2026-2027,catoid=22,poid=32517,https://catalogue.usc.edu/preview_program.php?catoid=22&poid=32517&returnto=9396,https://catalogue.usc.edu/preview_program.php?catoid=22&poid=32517,direct_html,172_pharmacology_and_drug_development_bs.txt,7287,163,04cf546c1b98dcd01d2240642eb29b504f4587d43e8f57afc30d2584ddbf8891,86a994b24ad987d6e2efee8c1ba483f607af2805babcca89a770b892635e6b51,f2e44bbc52c512dc3f7e2383954772e795fb49ded27555aec01a03bc62a28b79,,included,complete,2026-07-31T00:56:35Z
173,Philosophy (BA),BA,,2026-2027,catoid=22,poid=31875,https://catalogue.usc.edu/preview_program.php?catoid=22&poid=31875&returnto=9396,https://catalogue.usc.edu/preview_program.php?catoid=22&poid=31875,direct_html,173_philosophy_ba.txt,4430,115,a31986892b72bc6c59777efd4e2d910bc5db0599cee7cf43225430e8c9e6f6c4,cf3b7388af88a42cc1376830b42b7a05aff6415ef6f6251eea984d0343ef8daf,1b26cd8c9fa648e605c60f7f395930f9210e3f0712d2db17dd25fcc528b46722,,included,complete,2026-07-31T00:56:37Z
174,"Philosophy, Politics and Economics (BA)",BA,,2026-2027,catoid=22,poid=32604,https://catalogue.usc.edu/preview_program.php?catoid=22&poid=32604&returnto=9396,https://catalogue.usc.edu/preview_program.php?catoid=22&poid=32604,direct_html,174_philosophy_politics_and_economics_ba.txt,5159,137,35e5616b1d3e67f11ea2cd7524e30f020b3c286cb261a00f2df9d1355cf1b94b,e9dd235b1e38b5dba49e7ff48a0a3bc215e7d2c5a05a0a4f352d76928b47dbfb,7f474f6f41b071539e7c061602371a203c0e404cfbc454e2393b885175c0ee9b,,included,complete,2026-07-31T00:56:40Z
175,"Philosophy, Politics and Law (BA)",BA,,2026-2027,catoid=22,poid=31876,https://catalogue.usc.edu/preview_program.php?catoid=22&poid=31876&returnto=9396,https://catalogue.usc.edu/preview_program.php?catoid=22&poid=31876,direct_html,175_philosophy_politics_and_law_ba.txt,7652,185,14ec601ed29158598668f9e8d83f718863edba835ef58f3daee7347ab6caf98a,dc384670a07b8ab46f0e9a4f27ddfe2c3f30ae44d459b11a2860d7afcff90b94,863d3f087c18c854e8161d1807c6a07e8b324c48766ba8925c929b569c21a394,,included,complete,2026-07-31T00:56:41Z
176,Physical Sciences (BS),BS,,2026-2027,catoid=22,poid=31891,https://catalogue.usc.edu/preview_program.php?catoid=22&poid=31891&returnto=9396,https://catalogue.usc.edu/preview_program.php?catoid=22&poid=31891,direct_html,176_physical_sciences_bs.txt,1315,48,82c8dcc068a585d986cd53c89a4f57656b22e88bfea28f340683856049829a81,e69ab6461dcac52a9dbb7d77275444395f48d4a3f84cd88fa8bb4a55468fe758,81a27fed54967045164065e2eaa01551089eda051b77dcef06443c6ad16bf5e1,,included,complete,2026-07-31T00:56:43Z
177,Physics (BA),BA,,2026-2027,catoid=22,poid=31888,https://catalogue.usc.edu/preview_program.php?catoid=22&poid=31888&returnto=9396,https://catalogue.usc.edu/preview_program.php?catoid=22&poid=31888,direct_html,177_physics_ba.txt,1433,49,179cd04dfd81ed72dcbd5024e0432895becd7a4683ae331ad73fe838b750a60e,226d99d987a9cdfc1b7799b0e3536b77c03d039a1f3c2a99030fbbdfbd4081cd,829a677e6a4dc934c52d03045d6d9e9bec50b48dd90faf42db6501ff3b2017e7,,included,complete,2026-07-31T00:56:46Z
178,Physics (BS),BS,,2026-2027,catoid=22,poid=31885,https://catalogue.usc.edu/preview_program.php?catoid=22&poid=31885&returnto=9396,https://catalogue.usc.edu/preview_program.php?catoid=22&poid=31885,direct_html,178_physics_bs.txt,1784,45,d8d9b95c6e118f623a9a7164d384caba45aadfde94baffb69b014fc8f4b7a8f7,710bfbf2076423972e42a30f694d587462394ebea82b4995f1768bdb8bf0febc,a2e4354ac52e54571b8d58e51a2755cdb8f80c157b162fc2c24c5869d6a58758,,included,complete,2026-07-31T00:56:48Z
179,Physics/Computer Science (BS),BS,,2026-2027,catoid=22,poid=31887,https://catalogue.usc.edu/preview_program.php?catoid=22&poid=31887&returnto=9396,https://catalogue.usc.edu/preview_program.php?catoid=22&poid=31887,direct_html,179_physics_computer_science_bs.txt,1601,43,4c2d3dbb19dc618772158a1b4c75e533510aa8b0e4410bb86411eac02c102d6a,3b2b18c84f3fed151373fef9987e2da5609e08f2b28af752d3f98b2126ade9bf,ce284dc3a42f01e5a00388ddf4535ad4764daf88af6e80abb6d0d599d79b715b,,included,complete,2026-07-31T00:56:50Z
180,Political Economy (BA),BA,,2026-2027,catoid=22,poid=31777,https://catalogue.usc.edu/preview_program.php?catoid=22&poid=31777&returnto=9396,https://catalogue.usc.edu/preview_program.php?catoid=22&poid=31777,direct_html,180_political_economy_ba.txt,1418,42,25df144a5019256d9cde30190ca877090fe82240e68293126aa00b13239d8391,028c15db0ec5672042e9385370f350d5d85e6f4d7cb4b7f632ca8156398db82f,c4bc10dcca55a52612cb9f106c0ecdfeca89961b59cf631ca7eb9d941e6b50ae,,included,complete,2026-07-31T00:56:52Z
181,Political Science (BA),BA,,2026-2027,catoid=22,poid=31897,https://catalogue.usc.edu/preview_program.php?catoid=22&poid=31897&returnto=9396,https://catalogue.usc.edu/preview_program.php?catoid=22&poid=31897,direct_html,181_political_science_ba.txt,5648,126,c05e9c3894cce9edc32d56a777ce06aaaaee7814a6496097ce7700c84b3a77aa,4a4abed38ce6c5ae63141d1826bc6cd2d9212173887edb225ac81ae7aaaf3714,9be5385684008eab345bf0453033ef2d68aab2bd6b941b4d20a02c47ee443d1f,,included,complete,2026-07-31T00:56:54Z
182,Psychology (BA),BA,,2026-2027,catoid=22,poid=31906,https://catalogue.usc.edu/preview_program.php?catoid=22&poid=31906&returnto=9396,https://catalogue.usc.edu/preview_program.php?catoid=22&poid=31906,direct_html,182_psychology_ba.txt,2041,91,8825c5ff742c8d7bbd01661f827bc32aae7ae82d4bb037589772d1f4d20f9b4b,c7444cfd9ed9635d090886dc08979b97ffae77dc9d0b08fcdb0238ca9b167932,207ec7044e281a74455790188de603427c0e22ea26a8f6a08117eee25ce05b39,,included,complete,2026-07-31T00:56:57Z
183,Public Policy (BS),BS,,2026-2027,catoid=22,poid=32398,https://catalogue.usc.edu/preview_program.php?catoid=22&poid=32398&returnto=9396,https://catalogue.usc.edu/preview_program.php?catoid=22&poid=32398,direct_html,183_public_policy_bs.txt,11340,225,0c12b7525dfb86741072426d5298513881caef580fe5ce17d7513c557284074b,4f365ed601e73982096782d588338a3abb4ba408c2cc98b860b70b4499be5161,3f39494d539bb7ecfeadca974af7a9f99f470b942b712b1afcdb66741e9f6220,,included,complete,2026-07-31T00:56:59Z
184,Public Relations and Advertising (BA)*,BA,,2026-2027,catoid=22,poid=32806,https://catalogue.usc.edu/preview_program.php?catoid=22&poid=32806&returnto=9396,https://catalogue.usc.edu/preview_program.php?catoid=22&poid=32806,direct_html,184_public_relations_and_advertising_ba.txt,1546,29,312764487d0c7281b59e4159939be186df57a900e971d85b695f22dd9c092046,eafea8ec69f4b51a968ebd4a4656c1d26f73ecfd40a39b1063a1bb471aebd6e7,6f937ed595da6243e09ee3bbea76ffc3c4b93977c98f5c25e25468b2888dd7ca,,included,complete,2026-07-31T00:57:01Z
185,Quantitative Biology (BS),BS,"USC Dornsife College of Letters, Arts and Sciences degree are applicable",2026-2027,catoid=22,poid=32504,https://catalogue.usc.edu/preview_program.php?catoid=22&poid=32504&returnto=9396,https://catalogue.usc.edu/preview_program.php?catoid=22&poid=32504,direct_html,185_quantitative_biology_bs.txt,7858,193,353c0486f9ae19f7d2252123a7b20f967e39ebe06da8d23f4656bb4159c0717b,f51c3538e04dd7e8035ed3ed974b01eb415e91284877b90a60b7c49ecc863680,9b2fdf9a6f961296a9e041b4e7dfb3cdc009124ef00dfc4d35ac1e9de5419a43,,included,complete,2026-07-31T00:57:02Z
186,Real Estate Development (BS),BS,Price School,2026-2027,catoid=22,poid=32306,https://catalogue.usc.edu/preview_program.php?catoid=22&poid=32306&returnto=9396,https://catalogue.usc.edu/preview_program.php?catoid=22&poid=32306,direct_html,186_real_estate_development_bs.txt,3946,70,2e7604118f69c73a085991a893d1229d9d6617d1a26908b93b4c2b828360e75c,32173efeaa4112bb3a45eb6cdb6b9b2e7fb28a1efa5781fff850a11fa05170f2,38062036883fc4af9ed6445dbdb16b34aaeaabfab26cc245a71e3ddb7ba22fb0,,included,complete,2026-07-31T00:57:05Z
187,Real Estate Finance and Development (BS),BS,,2026-2027,catoid=22,poid=32800,https://catalogue.usc.edu/preview_program.php?catoid=22&poid=32800&returnto=9396,https://catalogue.usc.edu/preview_program.php?catoid=22&poid=32800,direct_html,187_real_estate_finance_and_development_bs.txt,6720,143,aec2c76bb4eec08729e9ca381554c3db158821de98eccb5d9c4385e2b5c7da62,9fe4356f3ad64c37591e78dc6f6f2f6e0c60d69636d0d6e4b9b98ef1cb55e760,16091ba645f6871728fea6d12a7aab8aed9cfe1a3461b2c3a4cce0a0a31ffe43,,included,complete,2026-07-31T00:57:07Z
188,Religion (BA),BA,,2026-2027,catoid=22,poid=31917,https://catalogue.usc.edu/preview_program.php?catoid=22&poid=31917&returnto=9396,https://catalogue.usc.edu/preview_program.php?catoid=22&poid=31917,direct_html,188_religion_ba.txt,4840,99,3609dbd019abd78fc8b71a28eb00cd61f76b99a36730c70767bf838aa3eb56b2,11d1aa7c39ae21d92c091e71bd270c1d3efc84780fd08a38511eba5d6baf1ee8,4aef8368fae54bff9251f389c67914bfd979748864cb71c8e907a3ff0be1e646,,included,complete,2026-07-31T00:57:09Z
189,Russian (BA),BA,,2026-2027,catoid=22,poid=31923,https://catalogue.usc.edu/preview_program.php?catoid=22&poid=31923&returnto=9396,https://catalogue.usc.edu/preview_program.php?catoid=22&poid=31923,direct_html,189_russian_ba.txt,660,34,1476c286d0ba718c9f1bd3e5118c79fa55d15c2909bd3ce1b02943729792139d,2b53f2b7ff9b57714c75db849e2d3f11ae70b6fbd5fa9c051f9a7bd5aef8afba,662584ed801fa56ea5e916a714c78a4f1219aaaa111a69547ee80718b0db13f1,,included,complete,2026-07-31T00:57:11Z
190,"Social Sciences, with an Emphasis in Economics (BA)",BA,,2026-2027,catoid=22,poid=31778,https://catalogue.usc.edu/preview_program.php?catoid=22&poid=31778&returnto=9396,https://catalogue.usc.edu/preview_program.php?catoid=22&poid=31778,direct_html,190_social_sciences_with_an_emphasis_in_economics_ba.txt,519,7,026b539c5c8ce54245279c8ccc24aa1c3df8588bdaddb66c7225bc3b86368317,3ad5f01425b447a236668c94745a425dc4d357f92ac26ed0d5c3100828162d09,a1b83544ee2843391217522837475b93158fe0295bbb4bd4f863fbf9ebe646b9,,included,complete,2026-07-31T00:57:13Z
191,"Social Sciences, with an Emphasis in Psychology (BA)",BA,,2026-2027,catoid=22,poid=31907,https://catalogue.usc.edu/preview_program.php?catoid=22&poid=31907&returnto=9396,https://catalogue.usc.edu/preview_program.php?catoid=22&poid=31907,direct_html,191_social_sciences_with_an_emphasis_in_psychology_ba.txt,412,9,aa58191c61c175d91233e714da05ef93dc5df04618db9750261e9ee3613be9b5,f2fc5e7be3165fc01d8d22eff2c9b2612405ba5c23dbea29ca27f8abb3197623,72c581a93a5933dfdaa960e5c34dc29ca6983fcdc273fe148e76edc6f6547ecc,,included,complete,2026-07-31T00:57:15Z
192,Social Work (BSW),BSW,,2026-2027,catoid=22,poid=32862,https://catalogue.usc.edu/preview_program.php?catoid=22&poid=32862&returnto=9396,https://catalogue.usc.edu/preview_program.php?catoid=22&poid=32862,direct_html,192_social_work_bsw.txt,5447,70,c7cb2285bf437317bd4009d15955da4ccb416acbb4febbe3fb3a272379e1caee,5928c4d1fd33ff391bc230cf34099aea9f4c3100347495cbceb6529775420554,6f59457ff1b4f75a21421f5cf6ec1fb0c9eac0ea460387bb88cd98a2a29c2e9c,,included,complete,2026-07-31T00:57:18Z
193,Sociology (BA),BA,,2026-2027,catoid=22,poid=31928,https://catalogue.usc.edu/preview_program.php?catoid=22&poid=31928&returnto=9396,https://catalogue.usc.edu/preview_program.php?catoid=22&poid=31928,direct_html,193_sociology_ba.txt,3022,80,308f2ea7a84baadf138dac5c36a4dac97e5ced394d786c6f0d186f594dd625ab,71e89b507b3976fa039b18f55149ede0550193d57c652cd412fb2bcdba751637,1be99c7cdd38d4aa5d946a3d264a89ec787551ef88ddc997c19c932ceff8be4c,,included,complete,2026-07-31T00:57:20Z
194,Sound Design (BFA),BFA,,2026-2027,catoid=22,poid=32832,https://catalogue.usc.edu/preview_program.php?catoid=22&poid=32832&returnto=9396,https://catalogue.usc.edu/preview_program.php?catoid=22&poid=32832,direct_html,194_sound_design_bfa.txt,4342,96,fbcfe4cc7cdcb5d27afe1bd08d87891256b83fd957d95251481695156655ee0f,5b0c0455eb825db1e48c3109f4a57c7b310b62945cc0e60e0d35796c41a6a6de,5f78abbf7cfbe52a3a75c68ce660c470dc8cc9dc9b547d2675da5b6a6b53dff2,,included,complete,2026-07-31T00:57:22Z
195,Spanish (BA),BA,,2026-2027,catoid=22,poid=31936,https://catalogue.usc.edu/preview_program.php?catoid=22&poid=31936&returnto=9396,https://catalogue.usc.edu/preview_program.php?catoid=22&poid=31936,direct_html,195_spanish_ba.txt,928,35,db4baf06464b26ec68bd58422fe94e24b56e5cdec1101b410fc530889e7b298d,aa2928bcbbc43fba8af0613ae297b9a69ea425e2412c818e165c9bd4202c9cd1,9a0f24997f756f8dafc2872688a2e384fdd32bcb861d3c98cd6472bedd07d3ef,,included,complete,2026-07-31T00:57:24Z
196,Stage Management (BFA),BFA,,2026-2027,catoid=22,poid=32833,https://catalogue.usc.edu/preview_program.php?catoid=22&poid=32833&returnto=9396,https://catalogue.usc.edu/preview_program.php?catoid=22&poid=32833,direct_html,196_stage_management_bfa.txt,4037,101,3816522975a071d33ce9b5a42b72bb2409971c0069d98a68c372443546135326,87468a326c2c5d6400310ff783058f287ccb4cd137f349d252d8257e4e200006,7e5d1ca89235856dca87da0bdc3beec806d3593f6449f4a5567bfcdaa4137ad6,,included,complete,2026-07-31T00:57:27Z
197,Technical Direction (BFA),BFA,,2026-2027,catoid=22,poid=32803,https://catalogue.usc.edu/preview_program.php?catoid=22&poid=32803&returnto=9396,https://catalogue.usc.edu/preview_program.php?catoid=22&poid=32803,direct_html,197_technical_direction_bfa.txt,4105,93,ba4ed9c0de93c40bfa4a63433c6d7e44c5a547a7ef0254a86e397e0f96e241a2,c073977a72d1c6d9b6006af879fd0d741cad75a3bce01c3763ed639567e5d9f8,42c41b546a3a3a236bc37678750c0fd166cb3c4e4b02bddf97dd0332c4d95bd1,,included,complete,2026-07-31T00:57:30Z
198,Theatrical Design (BFA),BFA,,2026-2027,catoid=22,poid=32802,https://catalogue.usc.edu/preview_program.php?catoid=22&poid=32802&returnto=9396,https://catalogue.usc.edu/preview_program.php?catoid=22&poid=32802,direct_html,198_theatrical_design_bfa.txt,4879,138,f4a9f2a635211d4eea6d08da8be29cd307233bcc9e95debe648bf7bf916eee3e,f9d9889bd17d04f0b6afc39cf9b646c3d6e59e04a374e6a36db73c822bd303d9,b52dee83b764d0dd4cf33df5ab5b31b42f98dd640c682bfcceffdbac398beafe,,included,complete,2026-07-31T00:57:32Z
199,Themed Entertainment (BFA),BFA,,2026-2027,catoid=22,poid=32788,https://catalogue.usc.edu/preview_program.php?catoid=22&poid=32788&returnto=9396,https://catalogue.usc.edu/preview_program.php?catoid=22&poid=32788,direct_html,199_themed_entertainment_bfa.txt,3944,91,ffd77d79fe8117171126594dd2b6213492b0e238c075c69682ed800517c9225a,a85ea65839a1f12d5d0961b7278cf3bbcadd72f3c7f2ca7a8801488510b7975d,73002663b16e7ceab546b6c48b0d70db605898234d50a50772e4385c5b05413d,,included,complete,2026-07-31T00:57:35Z
200,Urban Studies and Planning (BS),BS,,2026-2027,catoid=22,poid=32399,https://catalogue.usc.edu/preview_program.php?catoid=22&poid=32399&returnto=9396,https://catalogue.usc.edu/preview_program.php?catoid=22&poid=32399,direct_html,200_urban_studies_and_planning_bs.txt,5438,117,e4eab9af762dcd9f93b691cf8e9e92ca734836cac6f13ee4c608f434ed67c490,8dce1841d992ecedc61a55a28ec262bdd35283b0d8eb713fa69493e94c1113e7,3eee19e14ce855d0a5a8054f629ec39914e18241c412c87ec02d7ad27ab6070b,,included,complete,2026-07-31T00:57:37Z
201,Visual and Performing Arts Studies (BA)*,BA,,2026-2027,catoid=22,poid=32006,https://catalogue.usc.edu/preview_program.php?catoid=22&poid=32006&returnto=9396,https://catalogue.usc.edu/preview_program.php?catoid=22&poid=32006,direct_html,201_visual_and_performing_arts_studies_ba.txt,6078,142,05e792ba4355441d46d918001ed70b231c8deee61dacdab952f335aff3643e18,e4bbfeb70401f2ad6de4eecb0dc1d01e02bedcb742d43ce38f07442e6d75bcde,ad6e258a1a579b9f2627a5f027504de9968d4f2cd1101275e4e017a7513f864b,,included,complete,2026-07-31T00:57:39Z
202,Writing for Screen and Television (BFA),BFA,,2026-2027,catoid=22,poid=31674,https://catalogue.usc.edu/preview_program.php?catoid=22&poid=31674&returnto=9396,https://catalogue.usc.edu/preview_program.php?catoid=22&poid=31674,direct_html,202_writing_for_screen_and_television_bfa.txt,6265,170,8c4230cf7564bcdab017fb5d76298f13b2ec18d6b22cae763b7005fa4475018c,2042e942fc6d0001e3be16a4634df57b9c34a1758ac8ef7eaffb55492253c6e6,df298a9d9812167bccca6e70fee7b1075ba8702f33f31cba2c07ea07a06126a7,,included,complete,2026-07-31T00:57:42Z
203,Economics/Mathematics (BS),BS,,2026-2027,catoid=22,poid=31779,https://catalogue.usc.edu/preview_program.php?catoid=22&poid=31779&returnto=9396,https://catalogue.usc.edu/preview_program.php?catoid=22&poid=31779,direct_html,203_economics_mathematics_bs.txt,927,17,b5211da58c2607d464b0e5996a3d7cb44227a4769d9d09812aec0f6f335586ee,81303ffcc5bb6e984f58bd13f0709f0e30eb7c77c66e3d885118bb68bb63d379,fbd1c4cea4ee92988c88b70f3fda1ee54ffeb92fa7240b8af5469fa7780f6fda,,included,complete,2026-07-31T00:57:44Z
204,Linguistics and Cognitive Science (BA),BA,,2026-2027,catoid=22,poid=32405,https://catalogue.usc.edu/preview_program.php?catoid=22&poid=32405&returnto=9396,https://catalogue.usc.edu/preview_program.php?catoid=22&poid=32405,direct_html,204_linguistics_and_cognitive_science_ba.txt,2461,84,10c883c02fabbc511e86a7d50aca3eb4030ee54f873498f7ab4ec9e37ac7cc37,b6a96bc8afb590e945be7c8837eb4872eb5f82f77bc8fde7ebb8dee919e09f34,c8d4a5a731ba1954a6a7f80db472ba8bd2e00f1928479be23d39f603e7220157,,included,complete,2026-07-31T00:57:47Z
205,Linguistics and East Asian Languages and Cultures (BA),BA,,2026-2027,catoid=22,poid=31844,https://catalogue.usc.edu/preview_program.php?catoid=22&poid=31844&returnto=9396,https://catalogue.usc.edu/preview_program.php?catoid=22&poid=31844,direct_html,205_linguistics_and_east_asian_languages_and_cultures_ba.txt,3579,104,479e20812e4a8387ac3297e48ddecc4b550ca1f75f5f842fb063ae1101cafb60,b4af81cddd88f280a402fb03360e59217cdbc94a05553e4948eb661dc8b3ec30,ed3b9c4e4b0401d8eb6e5bd7b2230a803c732b40cca36ac97127d91dcfcaff4d,,included,complete,2026-07-31T00:57:50Z
206,Linguistics and Philosophy (BA),BA,,2026-2027,catoid=22,poid=31843,https://catalogue.usc.edu/preview_program.php?catoid=22&poid=31843&returnto=9396,https://catalogue.usc.edu/preview_program.php?catoid=22&poid=31843,direct_html,206_linguistics_and_philosophy_ba.txt,2320,74,0a23ccb6537893389e0dfb7273d23448dc63d317d012bb831b60a3fbd338ceaa,bebff3de9275acea626de0a237368523022aa1aaaa7a4d3461ef0e890833779f,84460ed67f0d538b62be59aaa7974222c572947f407b0bc6f74bcd463b9884cc,,included,complete,2026-07-31T00:57:52Z
207,Mathematics/Economics (BS),BS,,2026-2027,catoid=22,poid=31858,https://catalogue.usc.edu/preview_program.php?catoid=22&poid=31858&returnto=9396,https://catalogue.usc.edu/preview_program.php?catoid=22&poid=31858,direct_html,207_mathematics_economics_bs.txt,1568,73,9369613bd8414e7017951ba548a062f531821ab07343ed06e01603f59eeef5bc,892a1226985803e6ddd9edf0ea4caa969e7d5cce089280f7308327562f63bff3,a783f471b5b87bd95ea1d4fdff557e9659bdfc0bdabd9ad8ed37eebfaa3cf58d,,included,complete,2026-07-31T00:57:54Z
209,3-D Animation in Cinematic Arts Minor,,,2026-2027,catoid=22,poid=32414,https://catalogue.usc.edu/preview_program.php?catoid=22&poid=32414&returnto=9396,https://catalogue.usc.edu/preview_program.php?catoid=22&poid=32414,direct_html,209_3_d_animation_in_cinematic_arts_minor.txt,2322,50,72e2864630648250f583c374447c89b7a05fb65d154f465499b275d6be33dddc,b429a9a48e8c3ee40d1058261bf951ca51acfd438b49aa836fa85d2488473376,d8a74af7aa193d603052cc6c7ba0f1256d5c7cdcd73c2c5e72b0a22ccbb85bf0,,included,complete,2026-07-31T00:57:57Z
210,3-Dimensional Design Minor,,,2026-2027,catoid=22,poid=31582,https://catalogue.usc.edu/preview_program.php?catoid=22&poid=31582&returnto=9396,https://catalogue.usc.edu/preview_program.php?catoid=22&poid=31582,direct_html,210_3_dimensional_design_minor.txt,1423,42,07e51ce2d8f65147185190995862adbcf0efdbe3ed761682b02a277767f61ea3,1c485356e531c1db35a9ba7862918f81b03d9228313fbdda8a1c10c39e0c5647,ceb01d06e77079d666d59925860eed3b746793f7d0108660a772ce71fe7fe322,,included,complete,2026-07-31T00:57:58Z
211,Accounting Minor,,,2026-2027,catoid=22,poid=31654,https://catalogue.usc.edu/preview_program.php?catoid=22&poid=31654&returnto=9396,https://catalogue.usc.edu/preview_program.php?catoid=22&poid=31654,direct_html,211_accounting_minor.txt,2379,73,7d0b3a693bb55055b2ab46f44bcf1102ca78c203bc44dbf335e9006145aaa042,ac54f92ef1dfd6e078eec1cac99a39ac5d664f1ae721e224f1ef5b5dd005fb23,9ce27ae6721b93bd4b095ad3483904611e7ff4208cb40a68567651c91c3536f8,,included,complete,2026-07-31T00:58:01Z
212,Addiction Science Minor,,,2026-2027,catoid=22,poid=32658,https://catalogue.usc.edu/preview_program.php?catoid=22&poid=32658&returnto=9396,https://catalogue.usc.edu/preview_program.php?catoid=22&poid=32658,browser_rendered_dom,212_addiction_science_minor.txt,3286,60,4ff6fcee63427cbac5d770391e0adde143f0f23a8b9069231621a628434f2e55,a2b0d898c0d7c59359f72d7b2bbecb1457ec4f61b15c9e32373fcfed49cc4f35,0be3975eaafee91d62261998f67bb5a828eb5e2f4ad3d64d72785629c75d0c04,d0f18f74584cbbcf49473dd80fed950de397e97a3fb7898dfc2610bee13c8b99,included,complete,2026-08-14T02:19:20Z
213,Advertising Minor,,,2026-2027,catoid=22,poid=31968,https://catalogue.usc.edu/preview_program.php?catoid=22&poid=31968&returnto=9396,https://catalogue.usc.edu/preview_program.php?catoid=22&poid=31968,direct_html,213_advertising_minor.txt,1604,35,ccc5e1934ce81d3aab34f6613a651c3374363a558f7a210c34bbc83dce6fc0db,b230def702716aac5b3c1e0c77783437111748f93b9121bcfa3c4dc8f42436de,1b693c3b310329266133685cca6afc9956d011212ee4c651db7e7b04fb7bef3a,,included,complete,2026-07-31T00:59:09Z
214,American Popular Culture Minor,,,2026-2027,catoid=22,poid=31696,https://catalogue.usc.edu/preview_program.php?catoid=22&poid=31696&returnto=9396,https://catalogue.usc.edu/preview_program.php?catoid=22&poid=31696,direct_html,214_american_popular_culture_minor.txt,3039,77,c511de9de6be4583167702336da26bddc2830e23090f3f42b76c21d21a3311ad,1ceda7ebd3665b362bc229149880050d091bf1bb177e9d76368ca6f2200e0d62,a8b43aff273ad05e509b572aef153c7356ecc90f73bea9c905d1bb0cba4b8348,,included,complete,2026-07-31T00:59:12Z
215,American Studies and Ethnicity Minor,,,2026-2027,catoid=22,poid=31695,https://catalogue.usc.edu/preview_program.php?catoid=22&poid=31695&returnto=9396,https://catalogue.usc.edu/preview_program.php?catoid=22&poid=31695,direct_html,215_american_studies_and_ethnicity_minor.txt,971,22,98c65a78f8d4fbd642d5381b7cdfcc2dd001f6e4b2eccc48fe523f80a9324d58,7f9041d1fc5e5beae98e3eee3cf45107d40465d4627acb2022ec91cc833c4c2f,223d514929275138f200941275cf7c7984b36edd2dd8ddacba0ee0cbffd951b4,,included,complete,2026-07-31T00:59:14Z
216,Applied AI in Business Minor,,USC Marshall School of Business,2026-2027,catoid=22,poid=32945,https://catalogue.usc.edu/preview_program.php?catoid=22&poid=32945&returnto=9396,https://catalogue.usc.edu/preview_program.php?catoid=22&poid=32945,direct_html,216_applied_ai_in_business_minor.txt,2355,48,c514214d0351b1fb91284b4804a2658eab9d07d56a14072bdefa32aacf1a93ba,3c0079de68cd26843bc941b241a8a9a84f896a219b087d395b79bbdcc1896fa2,baf192f593c0c4a7989ad98483e2d14dbde9a2f72f63ede5fe84acfcd2f39cef,,included,complete,2026-07-31T00:59:16Z
217,Applied Analytics Minor,,,2026-2027,catoid=22,poid=32397,https://catalogue.usc.edu/preview_program.php?catoid=22&poid=32397&returnto=9396,https://catalogue.usc.edu/preview_program.php?catoid=22&poid=32397,direct_html,217_applied_analytics_minor.txt,1603,52,ace1745c76b30e35bf55ad6cf58cd3f31bc8c196e9ac1720ae882a97eb1ac0ca,c062c474e8aeb1a340688cb765de006d84507ff228db664fd26908f1597109ac,bba9586d2f7e486042247fad089ec46f07511737a77d3d7c8eff86528eb17920,,included,complete,2026-07-31T00:59:19Z
218,Arabic Minor,,,2026-2027,catoid=22,poid=32413,https://catalogue.usc.edu/preview_program.php?catoid=22&poid=32413&returnto=9396,https://catalogue.usc.edu/preview_program.php?catoid=22&poid=32413,direct_html,218_arabic_minor.txt,1749,29,38474582e5be9752483b46337632f97db641bc66fbf4c2207e1c6d188390fc3f,6d3f550f84596169c846ff8cac68eab38892fafbd7a5284eb04b486c43577baf,330ebc56a21bd3efb0c7a6a19157da089eec89c30584a2b4dfb414ef754b419e,,included,complete,2026-07-31T00:59:21Z
219,Archaeology and Heritage Studies Minor,,,2026-2027,catoid=22,poid=32877,https://catalogue.usc.edu/preview_program.php?catoid=22&poid=32877&returnto=9396,https://catalogue.usc.edu/preview_program.php?catoid=22&poid=32877,direct_html,219_archaeology_and_heritage_studies_minor.txt,1983,37,7e8b93f777198ed0c1771196e3383a31cb4d70bcb85d863235429a86dfb5cd88,621cf5bdff640af555f2fb4283e2b82f93952e1f1099414845e8ef28f784272d,69b6bca6936133f835649a109d65e3da96e78c564c0436b6346f1b4f43593f0c,,included,complete,2026-07-31T00:59:24Z
220,Archaeology of California Minor,,,2026-2027,catoid=22,poid=32492,https://catalogue.usc.edu/preview_program.php?catoid=22&poid=32492&returnto=9396,https://catalogue.usc.edu/preview_program.php?catoid=22&poid=32492,direct_html,220_archaeology_of_california_minor.txt,872,22,6d4e588bc5c5f042587fb36e3d66ff11e7f6a647b6015c03c3ba48813deed3ca,5ed3027c6d9bcc45b8a07eb98028f26867167bc3eea2fa61e7b6314580a23ee8,9da566be4bcaffeddcb76cd464182972db9e9cbc96ef204e2efdeb4f102f0e6c,,included,complete,2026-07-31T00:59:26Z
221,Architecture Minor,,,2026-2027,catoid=22,poid=31558,https://catalogue.usc.edu/preview_program.php?catoid=22&poid=31558&returnto=9396,https://catalogue.usc.edu/preview_program.php?catoid=22&poid=31558,direct_html,221_architecture_minor.txt,1113,29,0a9755940caf8316c94f7296abf22fca1b72687e2bf9b238684d553445290bec,806f23b01d72fc86bfb68c4c90aec65f0e7a9176d30d0e8220aabce380eb44ed,a0178cad66bc67d237d271eadd30d6a7117e98f6053b1fc46962c2fd244f934b,,included,complete,2026-07-31T00:59:27Z
222,Art History Minor,,,2026-2027,catoid=22,poid=31711,https://catalogue.usc.edu/preview_program.php?catoid=22&poid=31711&returnto=9396,https://catalogue.usc.edu/preview_program.php?catoid=22&poid=31711,direct_html,222_art_history_minor.txt,1499,35,5d4ad2af683ab45670e5f7274c0d216bfcd4e39e38aad9087d78ed7e577dda9c,4918fd76efa9132cee0be0d52218fd05baeafcd11b73d7b696454944020d9fc6,4bfb9dd443e25e3bbb976386caec863e7a87813ed1dd4b7dc5cef5c5549deb24,,included,complete,2026-07-31T00:59:29Z
223,Artificial Intelligence Applications Minor,,,2026-2027,catoid=22,poid=32792,https://catalogue.usc.edu/preview_program.php?catoid=22&poid=32792&returnto=9396,https://catalogue.usc.edu/preview_program.php?catoid=22&poid=32792,direct_html,223_artificial_intelligence_applications_minor.txt,1771,53,0621ec42b37906d69c4c086febb7eae9cb3810228b2d595d2ba260e789f5f451,0faf069edd3840e947672e92f53d19fbe89c2d68068c654bb26978f94eb57068,07f744ef36dc5b2bb0e4bc9adbe7a0266843d268b9c21a74999b31953fc4e547,,included,complete,2026-07-31T00:59:31Z
224,Artificial Intelligence Minor,,,2026-2027,catoid=22,poid=32947,https://catalogue.usc.edu/preview_program.php?catoid=22&poid=32947&returnto=9396,https://catalogue.usc.edu/preview_program.php?catoid=22&poid=32947,direct_html,224_artificial_intelligence_minor.txt,2883,46,5d7278dedcaa125e16ecc9125f95ffce4b0d82f1610818071e9daf25050d0b38,b02be0e726ef01937cd2b6e53b0faefb202198a3a346ed6d718f644622ff42d9,5a63db8df3fee1d20476631c0b2a0a9a52fbc20643a0d253b35ae7319ef84389,,included,complete,2026-07-31T00:59:33Z
225,Astronautical Engineering Minor,,,2026-2027,catoid=22,poid=32046,https://catalogue.usc.edu/preview_program.php?catoid=22&poid=32046&returnto=9396,https://catalogue.usc.edu/preview_program.php?catoid=22&poid=32046,direct_html,225_astronautical_engineering_minor.txt,2155,40,bb7b57448aa84b4908e8ee34f972a362773f3c37bfeb3d718dd091c80756fb96,810aabe813eabd18bca12b8ca857787488fd450acf73b199a9eb245836a92527,08a11de405412d698417a159dbaaf67312d89cc191d0822e8e120f74cb106bfc,,included,complete,2026-07-31T00:59:35Z
226,Astronomy Minor,,,2026-2027,catoid=22,poid=31893,https://catalogue.usc.edu/preview_program.php?catoid=22&poid=31893&returnto=9396,https://catalogue.usc.edu/preview_program.php?catoid=22&poid=31893,direct_html,226_astronomy_minor.txt,793,31,0ee2964df4bf1e95001131c7fcdbdb1976c17c84f5b35fb8026cbc88a4e60b28,91f33738cc8d77f24b8ec2af9fc57cf605de8f6ba1bc96957f566738269cce3d,16308e7721510714547f70ad0862d372fad8fc7e98e02fdcfb3c5aa724a39199,,included,complete,2026-07-31T00:59:38Z
227,Behavioral Economics Minor,,,2026-2027,catoid=22,poid=32415,https://catalogue.usc.edu/preview_program.php?catoid=22&poid=32415&returnto=9396,https://catalogue.usc.edu/preview_program.php?catoid=22&poid=32415,direct_html,227_behavioral_economics_minor.txt,1098,33,295136ffc2aa0f38d5ce5f002e8f1a7e888dff330cc5b619994f36e8639e202c,2a70f4595e235c5241e9508ca851853d1bb10d55c01694682b8fbb21e1007ec4,32a01458bdcf952aeb46ee6597cf10db4f4a3187580f1e64296ecd211d91fb9b,,included,complete,2026-07-31T00:59:40Z
228,Biology and Business Minor,,,2026-2027,catoid=22,poid=32747,https://catalogue.usc.edu/preview_program.php?catoid=22&poid=32747&returnto=9396,https://catalogue.usc.edu/preview_program.php?catoid=22&poid=32747,direct_html,228_biology_and_business_minor.txt,2744,79,d68e998843c77d24b5a7667361e52a674ce35b78aa82851c78401d51ce0cb2d8,dfdea989fc00329f52bf9dec2c07b4537e67dcd57e30506e92972eab07f9cbdf,88a4cb550cbf306eb65e158090de4062e96d98e66735fa42c23b261d472b209b,,included,complete,2026-07-31T00:59:43Z
229,Biology of Human Movement Minor,,,2026-2027,catoid=22,poid=32665,https://catalogue.usc.edu/preview_program.php?catoid=22&poid=32665&returnto=9396,https://catalogue.usc.edu/preview_program.php?catoid=22&poid=32665,direct_html,229_biology_of_human_movement_minor.txt,1345,41,5b497c3626f24efbbb63c6374f596e780bb0ed1a4fcef47f106195f06327407d,fff2b030d6d6b3464d32a9031502bf104b83e46ac06fcb731b4c675e7b0d7e9c,816a543af68b921178c550aadaae8ac49a382d7ffaf81d93ef86d97fc92b6650,,included,complete,2026-07-31T00:59:46Z
230,Biopharmaceutical Business Minor,,,2026-2027,catoid=22,poid=32708,https://catalogue.usc.edu/preview_program.php?catoid=22&poid=32708&returnto=9396,https://catalogue.usc.edu/preview_program.php?catoid=22&poid=32708,direct_html,230_biopharmaceutical_business_minor.txt,2559,55,a88aba49ab90ae0288991cb6500ad988a986c966b041bf9956bb170b4875a68a,55315c3feb86128becc5e76f4124694b0d9cc3bb4234fdc51850dc940afa3ebd,ea0e0d3e6785437b546dbd5922887da6880a9cf6d6e25283a53d91f14a8fcd97,,included,complete,2026-07-31T00:59:48Z
231,Biopharmaceutical Management and Marketing Minor,,,2026-2027,catoid=22,poid=32932,https://catalogue.usc.edu/preview_program.php?catoid=22&poid=32932&returnto=9396,https://catalogue.usc.edu/preview_program.php?catoid=22&poid=32932,direct_html,231_biopharmaceutical_management_and_marketing_minor.txt,1968,44,b5d8520f85de46871ef8537794393b1366aa4fce1c70c589042409d2f8cf8019,8aaa6cfd5c90d8641ad9310e6979b3e9c2dc86fec8a6370f03e7ee8e44d05279,02867cff5da7b42bd8cae1c0fae25091b9a00c0424b854bc35c1da9b04acd6b7,,included,complete,2026-07-31T00:59:50Z
232,Blockchain Minor,,,2026-2027,catoid=22,poid=32585,https://catalogue.usc.edu/preview_program.php?catoid=22&poid=32585&returnto=9396,https://catalogue.usc.edu/preview_program.php?catoid=22&poid=32585,direct_html,232_blockchain_minor.txt,972,16,d64eb41d3493a623cc89b80a98303eebf22bd9a7257bdf3aec89ebfabad0e6d5,67f98d50397ef9c8a2468d2f8efac5590536b520fa4f9b76e670fa60ad84f52b,900df1f6ee12c7905be3f55acbde306598cdae1f8e6f48708c023be76cbba946,,included,complete,2026-07-31T00:59:53Z
233,Business Economics Minor,,USC Marshall School of Business,2026-2027,catoid=22,poid=31598,https://catalogue.usc.edu/preview_program.php?catoid=22&poid=31598&returnto=9396,https://catalogue.usc.edu/preview_program.php?catoid=22&poid=31598,direct_html,233_business_economics_minor.txt,1866,43,905179d576141198495356861dfd5a06a33facc1f0223078588d944db17b85d9,e700e475188f3a56756fa18d72855c511d3077aa4c9298edc71dea9fe7cadbc1,e15ff566020a8491729b42027f3a804e23246c4f599394fa868837a3805461ea,,included,complete,2026-07-31T00:59:55Z
234,Business Finance Minor,,,2026-2027,catoid=22,poid=31599,https://catalogue.usc.edu/preview_program.php?catoid=22&poid=31599&returnto=9396,https://catalogue.usc.edu/preview_program.php?catoid=22&poid=31599,direct_html,234_business_finance_minor.txt,3042,85,e6fec9ffc2657d48861fdb445accaa2c28819c02e4ddfceccc47234aefbcb0f0,a9e41c230254d080132fd61da3ff18461beb8e1454861bd72a35f67065372574,e4086015fc59917d7d3008097d8c6d5e7d5a05a65563e1e29c1379049e3f4b8d,,included,complete,2026-07-31T00:59:58Z
235,Business Law Minor,,USC Marshall School of Business,2026-2027,catoid=22,poid=31600,https://catalogue.usc.edu/preview_program.php?catoid=22&poid=31600&returnto=9396,https://catalogue.usc.edu/preview_program.php?catoid=22&poid=31600,direct_html,235_business_law_minor.txt,1441,32,1f597c0dd81d4ab98fab80c6bddf2b67f0174f68318e9f15ed6cfc5a2b346ac0,51868ad772cd7dd31d64619ab0457ebfcbe5e0af991cec18191d687db2228cce,5e87d7a698f863cfcfeb4c7aeae84d4a59cbca7c3d1348d5d3aa980155709a71,,included,complete,2026-07-31T01:00:01Z
236,Business Minor,,,2026-2027,catoid=22,poid=31597,https://catalogue.usc.edu/preview_program.php?catoid=22&poid=31597&returnto=9396,https://catalogue.usc.edu/preview_program.php?catoid=22&poid=31597,direct_html,236_business_minor.txt,2116,61,503ced50316c7ae04343b3cf335d8f53d5044768c80e5acc207d6e91e7187190,89356fafaa2635f71da36e395d72852e416de23f94845c324e54ceedb7b4a5ce,306a42d3d17d564daafe365fe743b12254ea19461a2f2addbdff9a2938d56550,,included,complete,2026-07-31T01:00:04Z
237,Business Technology Fusion Minor,,USC Marshall School of Business,2026-2027,catoid=22,poid=31601,https://catalogue.usc.edu/preview_program.php?catoid=22&poid=31601&returnto=9396,https://catalogue.usc.edu/preview_program.php?catoid=22&poid=31601,direct_html,237_business_technology_fusion_minor.txt,989,30,31a1969bcf4abddf1b217adeb2332f68cc585fb6c3c2cd929202d58cc35b052c,8747235a054ccd84a0f6da1109eea0346c420fc89bdfcb3ca6066adfd6b29cb3,07ecc95a9a74330778b32ec221a243c499fc6a95dbccaef296ae29e40d01c9d7,,included,complete,2026-07-31T01:00:06Z
238,Ceramics Minor,,,2026-2027,catoid=22,poid=31573,https://catalogue.usc.edu/preview_program.php?catoid=22&poid=31573&returnto=9396,https://catalogue.usc.edu/preview_program.php?catoid=22&poid=31573,direct_html,238_ceramics_minor.txt,1493,31,d8baabcb3127b92b009499cca4c02f2936ef08f2a7c5d14fa9f0060b0b122d4e,e59f5c27a6b664f936911e71c9da055e6a070dba9e19e3bd444531d86f3683b9,fbfd89e2270221bf8742415b28d2773313701a063e26b55cc5cbc3efac1c3606,,included,complete,2026-07-31T01:00:08Z
239,Chemistry Minor,,,2026-2027,catoid=22,poid=31740,https://catalogue.usc.edu/preview_program.php?catoid=22&poid=31740&returnto=9396,https://catalogue.usc.edu/preview_program.php?catoid=22&poid=31740,direct_html,239_chemistry_minor.txt,1057,34,802f3d03cc9d38c65710ee76f12759d8aa73cacd51d3f66c9c8e5a75f3c40dd7,0c15dec246f87a81366c0ff3babb509fb64157c457af2593b3778e5362eca271,ea69ce175a358895357e23973227869b49e97c1b7e3a3900ac31029659441d80,,included,complete,2026-07-31T01:00:11Z
240,Chinese for the Professions Minor,,,2026-2027,catoid=22,poid=32382,https://catalogue.usc.edu/preview_program.php?catoid=22&poid=32382&returnto=9396,https://catalogue.usc.edu/preview_program.php?catoid=22&poid=32382,direct_html,240_chinese_for_the_professions_minor.txt,1669,42,8b1b57482778f9e1405b4db0d1db0f7e57ba12356d2d06e390f2a779763c19bf,c08a2ce1cb89ffd70b10a58f42a798114ee8832b98e4eeba762127d73d83f7c5,3d00350807acb29a4bc3335633e293d3f8557fdb32e60bc1a3cbf726f14d1b16,,included,complete,2026-07-31T01:00:13Z
241,Choreography for Stage and Screen Minor,,,2026-2027,catoid=22,poid=32610,https://catalogue.usc.edu/preview_program.php?catoid=22&poid=32610&returnto=9396,https://catalogue.usc.edu/preview_program.php?catoid=22&poid=32610,direct_html,241_choreography_for_stage_and_screen_minor.txt,3879,94,d0fc555414424375b9a84055d838746107cfe04e0a4de5c385508fc6775d7467,8c64a44ca451fa06764dbbf1a560eca613a3ed90ff731f8132b6d6019a4af523,bf7f9256b83c2cab0b5d2871c7700fa5a66f750bfcc3ad9ee8eacf7773061cde,,included,complete,2026-07-31T01:00:15Z
242,Cinema-Television for the Health Professions Minor,,,2026-2027,catoid=22,poid=32211,https://catalogue.usc.edu/preview_program.php?catoid=22&poid=32211&returnto=9396,https://catalogue.usc.edu/preview_program.php?catoid=22&poid=32211,direct_html,242_cinema_television_for_the_health_professions_minor.txt,1652,39,2c2db2c70d980a1e5e9ff925c7a9f2c6923c46a85e827e27992e3bdf8c697e79,284b132992040ce69af96b218d45d3742ce40d63d0c3c0bc80932159ddfa5b4f,17f9a5a9da639adf7949c7fc6dbe7958c6b050ab70d82c0f204cce75250aafc4,,included,complete,2026-07-31T01:00:17Z
243,Cinematic Arts Minor,,,2026-2027,catoid=22,poid=31678,https://catalogue.usc.edu/preview_program.php?catoid=22&poid=31678&returnto=9396,https://catalogue.usc.edu/preview_program.php?catoid=22&poid=31678,direct_html,243_cinematic_arts_minor.txt,3101,80,27d98400134993227b7bcbcd69dfc62aeba14000440f55c60ef9726c87ff893b,5e58f56343bdc4103a69619f849f0f0b7288fbe4e97ab5acfb443b7de0f5a1a8,d6efed7f0d63270b32fdf4e4305bd86f487e651321b3b0e410ab27f458fec858,,included,complete,2026-07-31T01:00:20Z
244,Classical Greek Minor,,,2026-2027,catoid=22,poid=32474,https://catalogue.usc.edu/preview_program.php?catoid=22&poid=32474&returnto=9396,https://catalogue.usc.edu/preview_program.php?catoid=22&poid=32474,direct_html,244_classical_greek_minor.txt,253,11,09c2807e6b9dd8cfa91ee5d6cd226dc0d1de9d21994e5d16cd0c3779a15eeacc,18aabd89018bc51a5f7a0098e3c78c2ec0de9e941895a4a1a1822ba3537cb1dd,490509462487da92d3c40fb995b945043beea2e6563f204fbf26bab3796522e4,,included,complete,2026-07-31T01:00:23Z
245,Classical Perspectives Minor,,,2026-2027,catoid=22,poid=32430,https://catalogue.usc.edu/preview_program.php?catoid=22&poid=32430&returnto=9396,https://catalogue.usc.edu/preview_program.php?catoid=22&poid=32430,direct_html,245_classical_perspectives_minor.txt,6175,116,092ce37913f51cd0ed2cac1b451596c401f27f70b276dcf8889260f0992aa218,ac225848dc97c6dbf5d205a65f7c27354de60d09f58c993367282619a1040027,8a12fa7cecadb0697b099f4074b5ff100b4f33a1afcc84edd15bdccbbe3daccb,,included,complete,2026-07-31T01:00:24Z
246,Classics Minor,,,2026-2027,catoid=22,poid=31745,https://catalogue.usc.edu/preview_program.php?catoid=22&poid=31745&returnto=9396,https://catalogue.usc.edu/preview_program.php?catoid=22&poid=31745,direct_html,246_classics_minor.txt,966,46,4f3a367018a06c5394a52c574f6ebcc6f28899cd5a0da4cb6470746c0151cb3d,2d5ccaa3490e62ae6372c30b18cf37e606cb5cc1fa20efa121cdc7284ad52986,80ffbda734618c907148ea657d291bb7f86c0f179db7a47fbc9503d5eeae5b70,,included,complete,2026-07-31T01:00:27Z
247,"Coaching, Health and Wellness Minor",,,2026-2027,catoid=22,poid=32909,https://catalogue.usc.edu/preview_program.php?catoid=22&poid=32909&returnto=9396,https://catalogue.usc.edu/preview_program.php?catoid=22&poid=32909,direct_html,247_coaching_health_and_wellness_minor.txt,3829,114,0c8073c94806382ba8f37afd4c01bc1ec83bddd0459c18d127b6ea22df9004c8,8f4b26e707848b1b3ef5757cf100b7cfec455a65036e2c7f96fce21be6989d3c,ca8a81bcd9910d125ca520bfe7094346eed1339409a6278a983fcee199826bc1,,included,complete,2026-07-31T01:00:29Z
248,Comedy (Performance) Minor,,,2026-2027,catoid=22,poid=32008,https://catalogue.usc.edu/preview_program.php?catoid=22&poid=32008&returnto=9396,https://catalogue.usc.edu/preview_program.php?catoid=22&poid=32008,direct_html,248_comedy_performance_minor.txt,1776,45,b575734ecb058f4f87e87f0f1b0078f6448b2357f81006c82870f0025b84fce4,414f8134fe9ebf425bc19905cb3077d4da99202cd06e04c41cae71659da00a44,2a38f630bb0d4c657b83cf9fad8a06264791ab846260dcb85c6e1f177e808153,,included,complete,2026-07-31T01:00:32Z
249,Comedy Writing Minor,,,2026-2027,catoid=22,poid=32953,https://catalogue.usc.edu/preview_program.php?catoid=22&poid=32953&returnto=9396,https://catalogue.usc.edu/preview_program.php?catoid=22&poid=32953,direct_html,249_comedy_writing_minor.txt,2199,54,0b591f34da601a936b74127be399887d4031dfb97139c66e284dee502e081089,cb63711e5c1e7f8731cc0b5fe568c399325d471a03c84e81ea611827b7ae7e92,13e76e1e94a4cd78d6304aec11f6820d3fe69a487fabce505362180e8740c4ec,,included,complete,2026-07-31T01:00:35Z
250,Communication Design Minor,,,2026-2027,catoid=22,poid=31574,https://catalogue.usc.edu/preview_program.php?catoid=22&poid=31574&returnto=9396,https://catalogue.usc.edu/preview_program.php?catoid=22&poid=31574,direct_html,250_communication_design_minor.txt,2193,53,0a7d163ca17cc2831119b13f9ffeb8950eba2d6075e9eafbca2f770c93b2a1cb,b9757b403d4c0ac204b93c0a2600b489e84ed716e3abee5507b695fe7fad3c87,82d18e165752a16fb579821b3d5b892b8e6207443de6bf41705184dd4f401d0f,,included,complete,2026-07-31T01:00:36Z
251,Communication Policy and Law Minor,,,2026-2027,catoid=22,poid=32416,https://catalogue.usc.edu/preview_program.php?catoid=22&poid=32416&returnto=9396,https://catalogue.usc.edu/preview_program.php?catoid=22&poid=32416,direct_html,251_communication_policy_and_law_minor.txt,2108,28,17c2d2a14ade13ec8b0df6994c06baf49abdcfb3f5709e8b1f17a52a110e3aac,1616da452b6420bfb46eec2b5458a0b0ceda4fec1ebcf2e78e1084e80cd18554,de72c1e1c766c93cb38df1fdf8a5852ab4a275a9e0ceb88ac8577d9238e73279,,included,complete,2026-07-31T01:00:38Z
252,Communication Technology Practices and Platforms Minor,,,2026-2027,catoid=22,poid=31949,https://catalogue.usc.edu/preview_program.php?catoid=22&poid=31949&returnto=9396,https://catalogue.usc.edu/preview_program.php?catoid=22&poid=31949,direct_html,252_communication_technology_practices_and_platforms_minor.txt,2359,39,4a6a901179fec6a11526f2ff907a97d05c8c0a6d0e4c2c965f8e04e5d2611079,0c1cf339a97aa43de1d062120ee42bb58fe477b925f67edf87f19829185b3c7d,74eeb16654456e0ac5fd9575a7a9055b4cc7312e72a6bbf2dbe8ff77ab66edf2,,included,complete,2026-07-31T01:00:40Z
253,Comparative Literature Minor,,,2026-2027,catoid=22,poid=31749,https://catalogue.usc.edu/preview_program.php?catoid=22&poid=31749&returnto=9396,https://catalogue.usc.edu/preview_program.php?catoid=22&poid=31749,direct_html,253_comparative_literature_minor.txt,941,29,6c15bb4bb490ce8da99b4b470c957ae72ca97729e9a72652589859d0db98fbc4,53302f765473fc668d0bf3c022cf16e0c152a5e69e6dccf400d8b78cf29248e8,57b9aaf4ebd137a1894050cb6f88110aac74fc65dd9a3779123cf5af4d46e16a,,included,complete,2026-07-31T01:00:42Z
254,Computational Biology and Bioinformatics Minor,,,2026-2027,catoid=22,poid=31723,https://catalogue.usc.edu/preview_program.php?catoid=22&poid=31723&returnto=9396,https://catalogue.usc.edu/preview_program.php?catoid=22&poid=31723,direct_html,254_computational_biology_and_bioinformatics_minor.txt,3227,64,4ee2dee61aaf06973f7d1075f1d62080dc26b6bdd1f409eacfb03f20ef86a779,414dbcd22a353338048df1e4940697f905f54f055ccf0108913b06dc799a7dd6,f715c7abca2fdf7d5cdeb58c34ed8a8514ffc728618f4651e42ffdde499a1b33,,included,complete,2026-07-31T01:00:43Z
255,Computer Programming Minor,,,2026-2027,catoid=22,poid=32127,https://catalogue.usc.edu/preview_program.php?catoid=22&poid=32127&returnto=9396,https://catalogue.usc.edu/preview_program.php?catoid=22&poid=32127,direct_html,255_computer_programming_minor.txt,2020,48,04d8313226af5ea45296ad8e61277409439c6b268559def80bd61ce2e988759d,eee8fda415eea21f3756d92c8467f0eb110bd2bc730546a09c94d267366bee01,fc2f70942138f4db01a2bcc62d58f08699a8c63c30f09386100d4d4f1afcc442,,included,complete,2026-07-31T01:00:46Z
256,Computer Science Minor,,,2026-2027,catoid=22,poid=32531,https://catalogue.usc.edu/preview_program.php?catoid=22&poid=32531&returnto=9396,https://catalogue.usc.edu/preview_program.php?catoid=22&poid=32531,direct_html,256_computer_science_minor.txt,2502,58,fc708e6e0958ff8e83625bf2e321057c080ff1b70c808df3e5e726e6501c8da1,570027972771443c30b3d96f859289d26a7b0ae25044fc2ffd82deaef66771c8,8b4856c58be948bf696265bad96a6ff86b5b0151f2769d3b205de22fbfb2eed1,,included,complete,2026-07-31T01:00:49Z
257,Connected Devices and Making Minor,,,2026-2027,catoid=22,poid=32533,https://catalogue.usc.edu/preview_program.php?catoid=22&poid=32533&returnto=9396,https://catalogue.usc.edu/preview_program.php?catoid=22&poid=32533,direct_html,257_connected_devices_and_making_minor.txt,2828,47,349d261347bc6cf3ccfbe9ca240e85cbb4ed2f410a90d98ccaf9daab4bfce073,9e2ba9bc420acf48ae72d57b83120eb9ae359335bce2a2ec8b98f9a98b37c52f,687ac301f063dab838245a163de65ef1dadbe9e8a1138354d51b2b131560312e,,included,complete,2026-07-31T01:00:51Z
258,Construction Planning and Management Minor,,,2026-2027,catoid=22,poid=32075,https://catalogue.usc.edu/preview_program.php?catoid=22&poid=32075&returnto=9396,https://catalogue.usc.edu/preview_program.php?catoid=22&poid=32075,direct_html,258_construction_planning_and_management_minor.txt,2676,62,243a04f3c845ff71a5c80b187cd3b18b102df1295fb72f0b2c96fd0e62a77dc4,d32bd69d44e13b06a49920ca85a7e55fb38030fa6dc3b6648c571fc44c978e6d,edbbe6df596b9b08e5222c5d9bf0fa5786aaaea6357a8ac8681e067cef483101,,included,complete,2026-07-31T01:00:54Z
260,Consumer Behavior Interdisciplinary Minor,,USC Marshall School of Business,2026-2027,catoid=22,poid=31912,https://catalogue.usc.edu/preview_program.php?catoid=22&poid=31912&returnto=9396,https://catalogue.usc.edu/preview_program.php?catoid=22&poid=31912,direct_html,260_consumer_behavior_interdisciplinary_minor.txt,447,7,c7e71d6f7eebee7406e904bd82d01c0330ba549a77cf1b7231fba6cd5e0f6d69,bb857d3d37b5e787637b601d272bc284c75e7dd5368c6c04545c72c0a35a9eaf,896e5b8a8c22b5d1e903ce1cd56e3c0060c1f9877d8bfb315dc2bfd8d29fd0a4,,included,complete,2026-07-31T01:26:34Z
261,Consumer Behavior Minor,,,2026-2027,catoid=22,poid=31602,https://catalogue.usc.edu/preview_program.php?catoid=22&poid=31602&returnto=9396,https://catalogue.usc.edu/preview_program.php?catoid=22&poid=31602,direct_html,261_consumer_behavior_minor.txt,5134,157,3ae4a6b28467f25c1b98295d618bd070e637789b2311cf30c25b187c17ca5dfa,8c05dce7d22dc827aeabcd69daf4f202f288a72cedcf590e9c62476a6594d952,916787463809fecbc4b2ba181a24975485bc26a43d81c766a429dd7e7defe63c,,included,complete,2026-07-31T01:00:58Z
262,Contemplative Studies Minor,,,2026-2027,catoid=22,poid=32529,https://catalogue.usc.edu/preview_program.php?catoid=22&poid=32529&returnto=9396,https://catalogue.usc.edu/preview_program.php?catoid=22&poid=32529,direct_html,262_contemplative_studies_minor.txt,2244,64,ff95490cfdb1c4ed93a6db294f4dda1f1013189b6e1c0d99f40acf87e4844579,2e9735d8c5303bf3a2af53691a707c1d4fb358e13d10187388ec381815f5e627,bae134b27cccdc7db596bb7aac5c320958ad4debda81a2818c0aa30e54672c39,,included,complete,2026-07-31T01:01:01Z
263,Craniofacial and Dental Technology Minor,,Herman Ostrow School of Dentistry adviser for specific program requirements,2026-2027,catoid=22,poid=31979,https://catalogue.usc.edu/preview_program.php?catoid=22&poid=31979&returnto=9396,https://catalogue.usc.edu/preview_program.php?catoid=22&poid=31979,direct_html,263_craniofacial_and_dental_technology_minor.txt,2491,58,884798fb15d00311b93cce8e7b3fe277627eaa4f64a64680b1fb27e917dbd765,ab7c03b3392a327c7353c98cefb4c054394d896577507835d641ddc1cf35778f,8836f88a40c400006c4657606d1f16febac2818c3b370b02e90c632ee02abf2c,,included,complete,2026-07-31T01:01:03Z
264,Creating Dramatic Writing Content Minor,,,2026-2027,catoid=22,poid=32858,https://catalogue.usc.edu/preview_program.php?catoid=22&poid=32858&returnto=9396,https://catalogue.usc.edu/preview_program.php?catoid=22&poid=32858,direct_html,264_creating_dramatic_writing_content_minor.txt,1111,35,f007dc2e9aa5a59c9ec5446d744dac5d7a1b0302a56b032cc1e612e96b85fb5b,aadfd37008f988549276c8a3f9fc19345a3ff9c200b13df67fa65f28f420d04a,cd35df92d8718deeb7ae42515b72bdb08107cb6d2446712ad99730dddc65bf82,,included,complete,2026-07-31T01:01:05Z
265,Creative Leadership Minor,,,2026-2027,catoid=22,poid=32859,https://catalogue.usc.edu/preview_program.php?catoid=22&poid=32859&returnto=9396,https://catalogue.usc.edu/preview_program.php?catoid=22&poid=32859,direct_html,265_creative_leadership_minor.txt,1407,40,5e6392804eb0b8ba993ed9c96c105665463b6e5313c807014722974d227c1a24,6df3f33b415456cc15cff54c828a0a9d7e5a5a1f032885ce8d071a5ab21a713c,9a3380107e3a13a88fe3faf6cb2b40fdeba4a8b24e96fe2fa9a520ace9d9fd64,,included,complete,2026-07-31T01:01:08Z
266,Creator Arts Minor,,,2026-2027,catoid=22,poid=32964,https://catalogue.usc.edu/preview_program.php?catoid=22&poid=32964&returnto=9396,https://catalogue.usc.edu/preview_program.php?catoid=22&poid=32964,direct_html,266_creator_arts_minor.txt,1386,32,1346c897359d6138110c6b02241243668b99d639730464f9566acbb2e986ae39,cc42d369bc210e893c33afe0644e699530dde49df35a33a7ccb90e3a83c872b5,8aa00bebb79f1086386683e3692df18d3151555d3947036312796423bfb04a97,,included,complete,2026-07-31T01:01:10Z
267,Cultural Anthropology Minor,,,2026-2027,catoid=22,poid=31702,https://catalogue.usc.edu/preview_program.php?catoid=22&poid=31702&returnto=9396,https://catalogue.usc.edu/preview_program.php?catoid=22&poid=31702,direct_html,267_cultural_anthropology_minor.txt,1674,40,fb6011895824b23c6d624940c811d9b8211232fd529f529f6e3c8742a4592687,0c045ea5599c669196db70ee14dc76224c7a35d8ddd1a3d6bc15ca8482b8c9d5,1920ba6b7ca6998896c7aa23ad65d9111fb94ba1d2a8f7a479a52bb131a56131,,included,complete,2026-07-31T01:01:12Z
268,Cultural Competence in Medicine Minor,,,2026-2027,catoid=22,poid=32212,https://catalogue.usc.edu/preview_program.php?catoid=22&poid=32212&returnto=9396,https://catalogue.usc.edu/preview_program.php?catoid=22&poid=32212,direct_html,268_cultural_competence_in_medicine_minor.txt,1459,31,9f2f1a249dcd0937e30dddc4a4f788f64e8b9c7d2a3da5228783791575455331,47c23e4f94a5403dc5a46aa64923b1412b9938eaed8b89bff928ada9681b2f6a,8906eab0b126f1a35e22444d145943d057ed0a4d0c0cc1cb9ba4d2e0d3e00315,,included,complete,2026-07-31T01:01:14Z
269,Cultural Diplomacy Minor,,,2026-2027,catoid=22,poid=32534,https://catalogue.usc.edu/preview_program.php?catoid=22&poid=32534&returnto=9396,https://catalogue.usc.edu/preview_program.php?catoid=22&poid=32534,direct_html,269_cultural_diplomacy_minor.txt,2559,54,9864bad92de1328e8b1adb0ea46eec84c98c75c7df18757882339e75135ef857,a44f96149e4fb0c51518a37af4d8cee3e7e174b76037197df127181070a75924,81d12ab983f43f8b447e8b555d6a9558f5fa03156528cc278557e1cd201178a2,,included,complete,2026-07-31T01:01:16Z
270,"Culture, Media and Entertainment Minor",,,2026-2027,catoid=22,poid=31948,https://catalogue.usc.edu/preview_program.php?catoid=22&poid=31948&returnto=9396,https://catalogue.usc.edu/preview_program.php?catoid=22&poid=31948,direct_html,270_culture_media_and_entertainment_minor.txt,2802,49,fda9c3fa675ac339f0e7f5fe3763ad84d9379194e9fae62637ac8f41398fa00f,d8f669d586703b2b58972bb1df8b05176eea9a597b5ba317e0c27538614599b1,012d0fea0ced1e8cffea3bfea74a004bff153f444ee32ef6109c8c6280f75621,,included,complete,2026-07-31T01:01:19Z
271,Cultures and Politics of the Pacific Rim Minor,,,2026-2027,catoid=22,poid=31773,https://catalogue.usc.edu/preview_program.php?catoid=22&poid=31773&returnto=9396,https://catalogue.usc.edu/preview_program.php?catoid=22&poid=31773,direct_html,271_cultures_and_politics_of_the_pacific_rim_minor.txt,4207,115,78d11c5ba1bcbe64f3bffaa9a2028f86d8b2ff3ad409474ee47c2febfb08f592,3aba37671b5af5297315721c9a3ab24bf705e7335b5fabfd882749ad077f6e71,5c9e39c882c80783915229421864c718d241ccb605de66c94e1146232081f354,,included,complete,2026-07-31T01:01:20Z
272,Customer Analytics Minor,,,2026-2027,catoid=22,poid=32659,https://catalogue.usc.edu/preview_program.php?catoid=22&poid=32659&returnto=9396,https://catalogue.usc.edu/preview_program.php?catoid=22&poid=32659,direct_html,272_customer_analytics_minor.txt,3013,77,cb412cb0f41cd35c878f2a867846dbc596c21e0b7aff1738a01cc4fb059e4d0b,060503c28eebd026b8e292175e7e2d1e78926e2e19facb1966e3418fb83bd97a,34db82b641e7ae6f385b2bed11fd20efa8fba9756b02111fc397ecf71a4d220a,,included,complete,2026-07-31T01:01:22Z
273,Cyber Governance Minor,,,2026-2027,catoid=22,poid=32910,https://catalogue.usc.edu/preview_program.php?catoid=22&poid=32910&returnto=9396,https://catalogue.usc.edu/preview_program.php?catoid=22&poid=32910,direct_html,273_cyber_governance_minor.txt,1041,31,ae6fccdb29682c18477cc57cdeca4e006b5e2728e9dfc123571b4664eecc6fe3,b8e4331c5dfcc550ca7af7bc04b76dbbb820816af67f930313d7db12384ab3e6,87f03125ce936670039a0ae88c9e4b1454566c78cac3816cae0f41ebff73ae2a,,included,complete,2026-07-31T01:01:25Z
274,Cybersecurity Minor,,,2026-2027,catoid=22,poid=32790,https://catalogue.usc.edu/preview_program.php?catoid=22&poid=32790&returnto=9396,https://catalogue.usc.edu/preview_program.php?catoid=22&poid=32790,direct_html,274_cybersecurity_minor.txt,1233,33,7e22b0d3b1c1d58c68968c49c1e55be03d92703f83a2603c56b25025e5d44488,60e58301fbb3830ef6b6fa94b41cfbc744d20c5576e1bc64580004a65a71b4d5,2d98fae1c8c8c797f12fef4617915dd28e5651c20fdddc547de065b30c8996ff,,included,complete,2026-07-31T01:01:28Z
275,Dance in Entertainment Minor,,,2026-2027,catoid=22,poid=32495,https://catalogue.usc.edu/preview_program.php?catoid=22&poid=32495&returnto=9396,https://catalogue.usc.edu/preview_program.php?catoid=22&poid=32495,direct_html,275_dance_in_entertainment_minor.txt,3895,96,e2512ca778b41cffd3febc867f444476dd074a2c728ee4f04502a78eea233b4a,441ebea2fe109e0f615282266331130bf371105090cc2cdeea95ba1c38a6e4f8,81ab58635eb19e6a94bfe1ce0edf99495f62e9bdf8859145bed7853973094af6,,included,complete,2026-07-31T01:01:30Z
276,Dance Minor,,,2026-2027,catoid=22,poid=31977,https://catalogue.usc.edu/preview_program.php?catoid=22&poid=31977&returnto=9396,https://catalogue.usc.edu/preview_program.php?catoid=22&poid=31977,direct_html,276_dance_minor.txt,3709,95,1f1d5b28302ceae3e13a6e04b4d3f17f0a0f4651e3bab187259255e59714470a,ffbb9ccd653991d4cf82195b914f83169952645980c5387398ede5e8fbdb8a47,8474ddbedcf5b3a733189c577717b1ce1884562b6e26523570caa3ec469ed04d,,included,complete,2026-07-31T01:01:32Z
277,Designing for Digital Experiences Minor,,,2026-2027,catoid=22,poid=32661,https://catalogue.usc.edu/preview_program.php?catoid=22&poid=32661&returnto=9396,https://catalogue.usc.edu/preview_program.php?catoid=22&poid=32661,direct_html,277_designing_for_digital_experiences_minor.txt,1689,39,d4b38ae025c649587b337552e940fef7eedc47179f4ccb2deeaab786b50817f9,9da0cc0dd1e0dc7846212518e6ea59d3f939dbe659ea5ba2728e2fc37e16b6f9,4e3cdfbf847e7b7d1f83cbbbb4ae448e470717d373b106be892892f005497fd3,,included,complete,2026-07-31T01:01:35Z
278,Designing Products Minor,,,2026-2027,catoid=22,poid=32689,https://catalogue.usc.edu/preview_program.php?catoid=22&poid=32689&returnto=9396,https://catalogue.usc.edu/preview_program.php?catoid=22&poid=32689,direct_html,278_designing_products_minor.txt,1964,35,a7d131e0c12221355b9f3e7f304b0fb3ca9fd91421cb319c6253dd40b238dd34,8082e7ee831d58e935012e84b568291575253e95b49aaa1e9e1394879ce41566,08c58c97f737bd9fa6aa068af737a822fb079cb81ac0cf57a231a8e2c92582f0,,included,complete,2026-07-31T01:01:36Z
279,Digital Forensics Minor,,,2026-2027,catoid=22,poid=32745,https://catalogue.usc.edu/preview_program.php?catoid=22&poid=32745&returnto=9396,https://catalogue.usc.edu/preview_program.php?catoid=22&poid=32745,direct_html,279_digital_forensics_minor.txt,1158,29,a39b179d09ea55baedde2a06d08eba712aa74c8463614a21c6bd5046e7d0ebfb,f3b90b8dfabe2942105eeb915fee03edc21ca29849d571d3109fbdf5054da61b,05c5c2a0b111337ab9059791a7ab14137d9cc0fa55508a76ac159b540cb02f49,,included,complete,2026-07-31T01:01:39Z
280,Digital Studies Minor,,,2026-2027,catoid=22,poid=31680,https://catalogue.usc.edu/preview_program.php?catoid=22&poid=31680&returnto=9396,https://catalogue.usc.edu/preview_program.php?catoid=22&poid=31680,direct_html,280_digital_studies_minor.txt,3907,87,2e6778649e6551e6b99a4ac7e6e414bc8f414594c3fc661db468a425d6f89960,69cbc8931bf7860a05125c4b2c00e2abae4401feb5ac4b94766a204594a776b1,d1b416ddbe1946d26996bc187fc3190677e76529d5529a72d3b2e40a69e3284b,,included,complete,2026-07-31T01:01:42Z
281,Directing Minor,,,2026-2027,catoid=22,poid=32916,https://catalogue.usc.edu/preview_program.php?catoid=22&poid=32916&returnto=9396,https://catalogue.usc.edu/preview_program.php?catoid=22&poid=32916,direct_html,281_directing_minor.txt,1313,35,32b7e05c057358b2115de6e8b89d9eccdf4cdddfd79d5601c3282c42025f0144,27aeddc5e7481f2cfaae2d95ae162fc21ebdd5f576ec97a22dddcbb378f77947,6408dd4805b46ce58d01fa17245916dd14661a9fc3927de2a52d9d73b9a0df59,,included,complete,2026-07-31T01:01:44Z
282,Disruptive Innovation Minor,,,2026-2027,catoid=22,poid=32567,https://catalogue.usc.edu/preview_program.php?catoid=22&poid=32567&returnto=9396,https://catalogue.usc.edu/preview_program.php?catoid=22&poid=32567,direct_html,282_disruptive_innovation_minor.txt,2385,43,00052ce488d2325ad3de92591e30105039b0ec412d71d7ee1c29feb51aadd988,1b548887efd53f02e070936576babf81651e1aac40b0924f7a89a8b08ea5060d,5eee84a7587eb3ccf665d177b704beffcec470332d53e7be4e691b7af3822a69,,included,complete,2026-07-31T01:01:47Z
283,Documentary Minor,,,2026-2027,catoid=22,poid=32535,https://catalogue.usc.edu/preview_program.php?catoid=22&poid=32535&returnto=9396,https://catalogue.usc.edu/preview_program.php?catoid=22&poid=32535,direct_html,283_documentary_minor.txt,1043,29,5ced58ae78057b84149f14b2db51c5de34fc22b159f82bf1266438e5f4467230,5f6cb79842e2446ff398988829d59ee9618c7b66b3606f187f9367d7ed3c4a7d,ce1e16623e1688b505c64ff2ba40ce7868e8b66d91ae0aff0bfec0fd4b965506,,included,complete,2026-07-31T01:01:49Z
284,Drawing Minor,,,2026-2027,catoid=22,poid=31576,https://catalogue.usc.edu/preview_program.php?catoid=22&poid=31576&returnto=9396,https://catalogue.usc.edu/preview_program.php?catoid=22&poid=31576,direct_html,284_drawing_minor.txt,1445,29,a0b946f1f02f198b44b677a8ce48ecbaf30b73619c3b5f85bea7dd0abf87a160,e287268c6fe6899fbb882cf02761d6ef930e3a77bbb3efccf17659ae91d59832,4ca54733e59c1063cbea578831751bcd42141bb730619c58dca1f00e65da390f,,included,complete,2026-07-31T01:01:50Z
285,Dynamics in Workplace Communication Minor,,USC Marshall School of Business,2026-2027,catoid=22,poid=32583,https://catalogue.usc.edu/preview_program.php?catoid=22&poid=32583&returnto=9396,https://catalogue.usc.edu/preview_program.php?catoid=22&poid=32583,direct_html,285_dynamics_in_workplace_communication_minor.txt,2411,48,68e04708492c2b3871f8fe7b25a0f66a4b9e9dff7c68d00f10873cb5f9046374,cd6d27429a65001563005d3ff286902d168be08734f691eecbcb3285338717a6,bf3654bc7d5852799cabe7fda3648bb027149bb8d784ccb561b3bf28c5f0b4cd,,included,complete,2026-07-31T01:01:52Z
287,East Asian Area Studies Minor,,,2026-2027,catoid=22,poid=31766,https://catalogue.usc.edu/preview_program.php?catoid=22&poid=31766&returnto=9396,https://catalogue.usc.edu/preview_program.php?catoid=22&poid=31766,direct_html,287_east_asian_area_studies_minor.txt,738,9,eb4c733f3f2544e581779d6a716fccc5d44812edf35f0509067ba3226830f4e3,6ab354a75b7dcaa0ae3dcaa62fc964bb293d5c8bf21d1be9c88f24b235c703b6,7b6c3b2dcd28a5be1a944bf7cfedc1d04b7fbbde7b623c6b7c9979188833d690,,included,complete,2026-07-31T01:01:55Z
288,East Asian Languages and Cultures Minor,,,2026-2027,catoid=22,poid=31772,https://catalogue.usc.edu/preview_program.php?catoid=22&poid=31772&returnto=9396,https://catalogue.usc.edu/preview_program.php?catoid=22&poid=31772,direct_html,288_east_asian_languages_and_cultures_minor.txt,5117,91,fc144d624e8381114836e1349490464034e328962a9814f939c43d78fef8dcc3,df5fbd8c6afa6bdd3792cfa1beccb5f46f01b55f9d853481c6127cbe0d380b94,9c9fcb8d1f5b8545343883e9fc85bca5e22e211d8cc0d9925964aca13212d1f8,,included,complete,2026-07-31T01:01:57Z
289,Economics Minor,,,2026-2027,catoid=22,poid=31780,https://catalogue.usc.edu/preview_program.php?catoid=22&poid=31780&returnto=9396,https://catalogue.usc.edu/preview_program.php?catoid=22&poid=31780,direct_html,289_economics_minor.txt,1630,21,c22e32bbdfe8125f00053dd7c6174a86b041053d729bccd4716a01d22890d078,fcf5d65a27dcc813fc04b0739051fc89fe31aee90c6e8707e94908f0b219e01f,d442bc4fc8233a432747e4075d507d11538ca9e5617bf2c0a98dd8a0f7cf92ef,,included,complete,2026-07-31T01:02:00Z
290,Education and Society Minor,,,2026-2027,catoid=22,poid=32014,https://catalogue.usc.edu/preview_program.php?catoid=22&poid=32014&returnto=9396,https://catalogue.usc.edu/preview_program.php?catoid=22&poid=32014,direct_html,290_education_and_society_minor.txt,1198,17,313545298abc6ce4d26c47f5d2baf687b1b7f5a27b8c29cd9fd138c7d739e488,6d59ded33769a5d03b969f002705b33658b8d5ded7269261d6e3900367087b9c,cc0531ca7297d6db71bdfe2b83290440ca50ad0cc09d29d93e80f06dbb4ed413,,included,complete,2026-07-31T01:02:02Z
291,Education Policy Minor,,,2026-2027,catoid=22,poid=32641,https://catalogue.usc.edu/preview_program.php?catoid=22&poid=32641&returnto=9396,https://catalogue.usc.edu/preview_program.php?catoid=22&poid=32641,direct_html,291_education_policy_minor.txt,1386,26,aa3d717f6bdf7129ce490fa36b247d600aa6107e3ec628c6d317032c169296ae,5b210d92bad735f39230e51b69eaa5c453ded8fe9d43132df6e4aa61431f1a93,3f5e64fe8b144a5402255b9e8c76ad1a3bacdfcbbfaec9d617fc6b7f7303111a,,included,complete,2026-07-31T01:02:04Z
292,Engineering Innovation for Global Challenges Minor,,,2026-2027,catoid=22,poid=32744,https://catalogue.usc.edu/preview_program.php?catoid=22&poid=32744&returnto=9396,https://catalogue.usc.edu/preview_program.php?catoid=22&poid=32744,direct_html,292_engineering_innovation_for_global_challenges_minor.txt,2341,23,d75fb707978bb49abfe632ab85f50649930868752cbfbf61bb385edb66b8a727,80313c7ffaefe2458037b18c0b7065bd013c74493989e1a76cd41ad5e209939f,b9e92f939806150d2c0fb7961dd9eab17a5417e90e7f1bc7d1e744638d589c40,,included,complete,2026-07-31T01:02:06Z
293,Engineering Management Minor,,,2026-2027,catoid=22,poid=32115,https://catalogue.usc.edu/preview_program.php?catoid=22&poid=32115&returnto=9396,https://catalogue.usc.edu/preview_program.php?catoid=22&poid=32115,direct_html,293_engineering_management_minor.txt,2243,48,3909dde5a30e67f633ed18629ae381f7e9ca7e50a8625b39d9ac021200afd34c,fab54da3a203b43c60659193776a60cb3fb006672ef5195724707d4fbcb8b11b,2cd4220795a85432ecd660618a116cd245caa95af51c65492158eaffe86aff11,,included,complete,2026-07-31T01:02:08Z
294,English Minor,,,2026-2027,catoid=22,poid=31789,https://catalogue.usc.edu/preview_program.php?catoid=22&poid=31789&returnto=9396,https://catalogue.usc.edu/preview_program.php?catoid=22&poid=31789,direct_html,294_english_minor.txt,505,7,764ce7f40cb9665fbf479c979d57cfec43f4b365f966e4cfac22f2a77a9d30b2,94ec104fba73d81bc8a99aa1aa48aeb17a0e80c5d37d5148d142c41373a4dc01,b90125221f4b471e67b0de57a4ac092684effdb1683dedaafc20b482d1dceb63,,included,complete,2026-07-31T01:02:11Z
295,Entertainment Industry Minor,,,2026-2027,catoid=22,poid=31681,https://catalogue.usc.edu/preview_program.php?catoid=22&poid=31681&returnto=9396,https://catalogue.usc.edu/preview_program.php?catoid=22&poid=31681,direct_html,295_entertainment_industry_minor.txt,3460,83,4891d34ae9e9c145ff6834ff6d3a816ee6058b472b5445cfe4415e6ab7b117a1,32449b2c95f8cb081c7d20bb6ab5cb153d1ca84880c042d6f6d7f6cd31a553d0,759d588ca2c12c8c54e87874abf8e66f3256e2bbc62af67649198cc6d126b785,,included,complete,2026-07-31T01:02:13Z
296,Entertainment Law Minor,,,2026-2027,catoid=22,poid=32879,https://catalogue.usc.edu/preview_program.php?catoid=22&poid=32879&returnto=9396,https://catalogue.usc.edu/preview_program.php?catoid=22&poid=32879,direct_html,296_entertainment_law_minor.txt,2288,54,b950ab7284ac4da6c94c9f3c515011692649f1c26fbcec77e740855cec36574a,ac553923f736807413a004081cea08ab799912bc562be4473d23f9b7959936a5,f6408571374518e44ae73c8b1eebd97181ed58d0d8828e889e4b34fe0d6e5273,,included,complete,2026-07-31T01:02:15Z
297,Entrepreneurship Minor,,USC Marshall School of Business,2026-2027,catoid=22,poid=31603,https://catalogue.usc.edu/preview_program.php?catoid=22&poid=31603&returnto=9396,https://catalogue.usc.edu/preview_program.php?catoid=22&poid=31603,direct_html,297_entrepreneurship_minor.txt,1931,50,6e9e53f3d087ab6a4016c61c193b2d7b27cdb5adfc4edde84bccaad9be2e132e,1d635c707f299de867c5604be068146d82b34a15742603a7b49b61db0c3974b6,0e15067c225f46283cf20a42cedd756d9c328a3a9698163a668bfc792c8e8c5d,,included,complete,2026-07-31T01:02:17Z
298,Environmental Chemistry and Sustainability Minor,,,2026-2027,catoid=22,poid=31741,https://catalogue.usc.edu/preview_program.php?catoid=22&poid=31741&returnto=9396,https://catalogue.usc.edu/preview_program.php?catoid=22&poid=31741,direct_html,298_environmental_chemistry_and_sustainability_minor.txt,1256,43,84f11132dcfd6b39fbd90a211ae01c35ba2f871b0c4770a13fc0fa4c76996c77,b0d48f46c36ae8a3fe0b87ac98124590b658c09f05f651c96230fe73b5739ff3,54d0d3f3297bce981d305972a92764deb72d4664bdcae31fc28533e0255341ea,,included,complete,2026-07-31T01:02:20Z
299,Environmental Health Minor,,,2026-2027,catoid=22,poid=32213,https://catalogue.usc.edu/preview_program.php?catoid=22&poid=32213&returnto=9396,https://catalogue.usc.edu/preview_program.php?catoid=22&poid=32213,direct_html,299_environmental_health_minor.txt,893,23,30408f4dac1fa1498407bdf7b7cd676c1692a518136d9e05c0297384e6fdebda,e61a84330fa52224dcd840dbdcb1b33aba86ec50e67751a00f36f82ab2361af6,49d2319bdd77f78ea8c354981c8b25a4977f3a46ed44daf79737eb10c59ba575,,included,complete,2026-07-31T01:02:22Z
300,Environmental Studies Minor,,,2026-2027,catoid=22,poid=31807,https://catalogue.usc.edu/preview_program.php?catoid=22&poid=31807&returnto=9396,https://catalogue.usc.edu/preview_program.php?catoid=22&poid=31807,direct_html,300_environmental_studies_minor.txt,607,29,27f8d609497191e776a873ca61f1a09c81bcb2020835c7387e9ca74090c60266,62bb69c164f2351fe7808284d679a3315c8353decbc39cbadb5547fe873b3f61,b4598908e7cce64739feea3314076c11de89650497d8388143afa43f1f12d3cf,,included,complete,2026-07-31T01:02:24Z
301,Evolutionary Health and Medicine Minor,,,2026-2027,catoid=22,poid=32950,https://catalogue.usc.edu/preview_program.php?catoid=22&poid=32950&returnto=9396,https://catalogue.usc.edu/preview_program.php?catoid=22&poid=32950,direct_html,301_evolutionary_health_and_medicine_minor.txt,1063,27,29c1de824dedc6fc0099f84aa6c95a1913a90fca11f439a7a95bec4ea26bcb9e,a33e1a5b5f4e9fecf7bacb310526dcfd02f795537c7672e3df766fef23bcd486,0a9e587d200dea00539234be99d929c3d7864a22f9398a157ae470cd52d49033,,included,complete,2026-07-31T01:02:26Z
302,Extended Reality Design and Development Minor,,,2026-2027,catoid=22,poid=32828,https://catalogue.usc.edu/preview_program.php?catoid=22&poid=32828&returnto=9396,https://catalogue.usc.edu/preview_program.php?catoid=22&poid=32828,direct_html,302_extended_reality_design_and_development_minor.txt,2782,41,8b37a69d9d69c7d0bc3bc4d4e22a5e2cec554ee3d36d714616ae9bade45b6002,58a464e159022aca20a4354a24a28181962058bc42536d1262095979d74ba445,2dfabdf68d6ddbafbb31e6459cbaeb4485fa27ef4df4ff5dab303eae58c18731,,included,complete,2026-07-31T01:02:29Z
303,Fashion Minor,,,2026-2027,catoid=22,poid=32829,https://catalogue.usc.edu/preview_program.php?catoid=22&poid=32829&returnto=9396,https://catalogue.usc.edu/preview_program.php?catoid=22&poid=32829,direct_html,303_fashion_minor.txt,3858,69,6dc05a80dbe4c616c0d537847fb8c594212fcbe1cc454491403ba4c14373e4ce,4bd325f7a4658febe62f208e62386a4ecbd418e45a2f7ccffa413f85f6542140,ca4b9f6a6829b8a7f49531b18d9f17d7625fe9f4a7bc2313d7f9d8b0eb6c32e5,,included,complete,2026-07-31T01:02:31Z
304,Folklore and Popular Culture Minor,,,2026-2027,catoid=22,poid=31703,https://catalogue.usc.edu/preview_program.php?catoid=22&poid=31703&returnto=9396,https://catalogue.usc.edu/preview_program.php?catoid=22&poid=31703,direct_html,304_folklore_and_popular_culture_minor.txt,3909,69,487133c04107e6e2c18abfe304206bea73f26db8843784effef7b2b3cc374397,99b3053e208b26e76f8b2d65690629fdf7b2cf300ca76937f931ffdf11185a22,ace1f256ed8d411ccd0401d9a2973d0ab5c5e18556681a19dd89623f478e6fe8,,included,complete,2026-07-31T01:02:33Z
305,Food and Society Minor,,,2026-2027,catoid=22,poid=32609,https://catalogue.usc.edu/preview_program.php?catoid=22&poid=32609&returnto=9396,https://catalogue.usc.edu/preview_program.php?catoid=22&poid=32609,direct_html,305_food_and_society_minor.txt,2577,64,8e5f5999478d8772e4f7a6db25ef48ea1b62ea071bf454362f2b298cba7e1a7f,b8a34c4c0ee2ab756c25d6b7a5e54e739d3010ef0689bd9566839cac5eb05623,f4a9ac59c5dce0a2055acd79de7ee14277e35cd14da3d4664ef61761cb86acbe,,included,complete,2026-07-31T01:02:35Z
306,Food Journalism and Public Relations Minor,,,2026-2027,catoid=22,poid=32742,https://catalogue.usc.edu/preview_program.php?catoid=22&poid=32742&returnto=9396,https://catalogue.usc.edu/preview_program.php?catoid=22&poid=32742,direct_html,306_food_journalism_and_public_relations_minor.txt,1605,34,51631470a2a94154151cba41323a42b9e68f94bed3d6eb8f5fd16145ff520c19,b44caaa573be0e7ae19a2b3a143c915e5a53b7d0fcc3c8fa09c533601f69fe3d,1d60715e0f46fa5010c7ef1c0c14cd5de4d53e81234c0054d2c5d0ac9fab45c5,,included,complete,2026-07-31T01:02:38Z
307,Forensics and Criminality Minor,,,2026-2027,catoid=22,poid=31931,https://catalogue.usc.edu/preview_program.php?catoid=22&poid=31931&returnto=9396,https://catalogue.usc.edu/preview_program.php?catoid=22&poid=31931,direct_html,307_forensics_and_criminality_minor.txt,3638,95,f3a16bfd961e607c1d8319158901b4edfee7f064511635e075273638c1e5f4ef,88da6058c946a7ea5b6216ec6367d49ac7f6dc3b3b45da3992f925c14f594250,d569d6949f49a34823fb776b99b271fd6c1adb40c882eaf81a8d87d092122ecd,,included,complete,2026-07-31T01:02:41Z
308,Foundation in Regulatory Sciences Minor,,,2026-2027,catoid=22,poid=32642,https://catalogue.usc.edu/preview_program.php?catoid=22&poid=32642&returnto=9396,https://catalogue.usc.edu/preview_program.php?catoid=22&poid=32642,direct_html,308_foundation_in_regulatory_sciences_minor.txt,3065,51,97f7731e4e275b4b977841686695b3b52f7f705852e898f9bb283a344e6e63bb,82ec288212b38101a504589029ff0d0ee01096269593087c8457b02a9b971ec4,cdbeadbb1334ccd88869e481fb8918d9e02792f70b799bd232372db50d180ac8,,included,complete,2026-07-31T01:02:43Z
309,Foundations of Data Science Minor,,,2026-2027,catoid=22,poid=32613,https://catalogue.usc.edu/preview_program.php?catoid=22&poid=32613&returnto=9396,https://catalogue.usc.edu/preview_program.php?catoid=22&poid=32613,direct_html,309_foundations_of_data_science_minor.txt,1503,50,9e6c713a5f786cbc473cea78ca00078027613fb324031049151e1bb49aeeef99,483eb09b6408c38a1603228f2328f87ce43261185ed3acb5ee08fa8e963ceebf,978fca6156d316af85b2b56a3920d3c8cb3fb16d557137ecdd6b9c2feca03856,,included,complete,2026-07-31T01:02:46Z
310,French Minor,,,2026-2027,catoid=22,poid=31811,https://catalogue.usc.edu/preview_program.php?catoid=22&poid=31811&returnto=9396,https://catalogue.usc.edu/preview_program.php?catoid=22&poid=31811,direct_html,310_french_minor.txt,2631,67,6681368b2d2a5182b385dd3ffa6e3bdcc5ee218f9cfe4e92a767611e3735b39f,d028ad8bd6ef7248b71b99a20c59d35b96e29e36db9e5489d79b8a6e313700f1,ae7c72189a8b8360ad6894c777b1b1707254da3f7792efd6b4d7cb3216ca1a8d,,included,complete,2026-07-31T01:02:49Z
311,Future Cinema Minor,,,2026-2027,catoid=22,poid=32480,https://catalogue.usc.edu/preview_program.php?catoid=22&poid=32480&returnto=9396,https://catalogue.usc.edu/preview_program.php?catoid=22&poid=32480,direct_html,311_future_cinema_minor.txt,2964,66,621e2c44ac55343e7a78973bf5b1ecf4254fd0f578f3c062aecd563948794723,092e00068378c0b965c57d78282a295d3126861f55ee7f153bca273496aafe34,3eb7ea63abd90db0c34a9caa8b91f6d0936edde013816b5d5d2508d8a298aa71,,included,complete,2026-07-31T01:02:52Z
312,Game Audio Minor,,,2026-2027,catoid=22,poid=31683,https://catalogue.usc.edu/preview_program.php?catoid=22&poid=31683&returnto=9396,https://catalogue.usc.edu/preview_program.php?catoid=22&poid=31683,direct_html,312_game_audio_minor.txt,2347,56,16cff222fea6f128b975b7487be75900e727072a2123debe86ac2edbd5e3b277,d1d97f43eeb2b53dc30a1956d88a9b5a27481123fe08cb3b53ce2d5e4b6a148c,1c1a2f0d8e0885653d9a2af2c06c8560aa8472cd45b05499b87ed73f50d50e06,,included,complete,2026-07-31T01:02:54Z
313,Game Design Minor,,,2026-2027,catoid=22,poid=31684,https://catalogue.usc.edu/preview_program.php?catoid=22&poid=31684&returnto=9396,https://catalogue.usc.edu/preview_program.php?catoid=22&poid=31684,direct_html,313_game_design_minor.txt,1958,53,1f1058c1bdcb0ba46b03a4a6cd5ea8ba05ba0e93fc0d86bc8393fe412403d6bb,2641c73f70429c0680c7ebb9c2a875e0d1192a2b2ad3b73f8c6ed67d29622934,2cbf1f03aa31eb62330836a9b3c4155b76fa415530a7290040fba499cc041db5,,included,complete,2026-07-31T01:02:57Z
314,Game Entrepreneurism Minor,,,2026-2027,catoid=22,poid=31685,https://catalogue.usc.edu/preview_program.php?catoid=22&poid=31685&returnto=9396,https://catalogue.usc.edu/preview_program.php?catoid=22&poid=31685,direct_html,314_game_entrepreneurism_minor.txt,2022,46,3f4b3d5aab4bdf18e04a8e76c4d6e4a2e3e4b460d26966c2a5ba6dc1c1600447,016b9e368b6b54efe66cc5d50bf33cd64aba0ba6b8b868d9980cf731781f090a,a7e36808787790eac67c30440c5b3d66873f5cfeaceee2aa172f6501da95e20c,,included,complete,2026-07-31T01:03:00Z
315,Game Studies Minor,,,2026-2027,catoid=22,poid=31686,https://catalogue.usc.edu/preview_program.php?catoid=22&poid=31686&returnto=9396,https://catalogue.usc.edu/preview_program.php?catoid=22&poid=31686,direct_html,315_game_studies_minor.txt,2610,63,b7fadacaa027722d2da825e7e804d7c7f18e825763d09c18c149f579fd158bcf,fe6098a2ba5d4926c38ca9d20385c05f753b9db292323adaf89330bc1f98c1fc,667df2b97cd55e23eee365b8a76873f9f4ae2df29a16442bc5fbda9c40275afe,,included,complete,2026-07-31T01:03:02Z
316,Game User Research Minor,,,2026-2027,catoid=22,poid=31687,https://catalogue.usc.edu/preview_program.php?catoid=22&poid=31687&returnto=9396,https://catalogue.usc.edu/preview_program.php?catoid=22&poid=31687,direct_html,316_game_user_research_minor.txt,2747,55,40fc3ea6081db85b2159120909cad5f4023dfb33f0bba389f6b7b98caeb5b5c8,9253f33c47784a71b4ac8ea0c3e382b9fdc5a55dabc063891cd81a449e9c8ee8,82b229e3101121678280ec11d7a811e7c18ecda7980e241c5db0dfad772f9a29,,included,complete,2026-07-31T01:03:04Z
317,Gender and Sexuality Studies Minor,,,2026-2027,catoid=22,poid=32602,https://catalogue.usc.edu/preview_program.php?catoid=22&poid=32602&returnto=9396,https://catalogue.usc.edu/preview_program.php?catoid=22&poid=32602,direct_html,317_gender_and_sexuality_studies_minor.txt,1625,26,655b1913dc93a8fae77ee88be8b40542aabd1bf7c5c01b0fe1998316ef014ad2,abc7474e7c50f1221d510230a8107c60d1033f0296a98fecbe637712679b133b,d7546cea3c4d89214d5b0166864e20d4df0e8b66ae378a41ee2214becf201e73,,included,complete,2026-07-31T01:03:06Z
318,Gender and Social Justice Minor,,,2026-2027,catoid=22,poid=32423,https://catalogue.usc.edu/preview_program.php?catoid=22&poid=32423&returnto=9396,https://catalogue.usc.edu/preview_program.php?catoid=22&poid=32423,browser_rendered_dom,318_gender_and_social_justice_minor.txt,1472,42,86bad1bed9448d243d16237613a3680be745441a84795f5d03aff6d25e3eab03,d293f64539a49a4e99eb26253bd91bf83ab729ea54b5b091a176269ad3e0667b,b2450fe7d8b1aebd2afd82fa12612973664eed74bf0e8198815ee9214bc57701,9406e6e54cca40808bb5979e1767ee62dc1b8bd88356f2963f8a1c83ec614fcf,included,complete,2026-08-14T02:18:22Z
319,Geobiology Minor,,,2026-2027,catoid=22,poid=31761,https://catalogue.usc.edu/preview_program.php?catoid=22&poid=31761&returnto=9396,https://catalogue.usc.edu/preview_program.php?catoid=22&poid=31761,direct_html,319_geobiology_minor.txt,2662,59,34c1e430207d9d19518f1d678830802dd356725220428ad395e0a833fe3d884b,c952dfb257a7eccaf35fcb455cf687191280634907d2acc4ebcafd7921641380,1fe43a21884404ae134c1c94de25106208fba7a0068d1bd5cd8974b72f28f2f7,,included,complete,2026-07-31T01:06:30Z
320,Geodesign Minor,,,2026-2027,catoid=22,poid=32948,https://catalogue.usc.edu/preview_program.php?catoid=22&poid=32948&returnto=9396,https://catalogue.usc.edu/preview_program.php?catoid=22&poid=32948,direct_html,320_geodesign_minor.txt,1670,37,4f242557b5d6767b2cf80b108644c75d31555f32e17007767c827c34633ba464,f9adf482c6140ab674b136fba092678b01aeec17dfd538d4ce129086b201c14a,6754c72b5f178cb6992d55baa6bca36473dfd2dc224d45602954b4c185fadf6a,,included,complete,2026-07-31T01:06:33Z
321,Geohazards Minor,,,2026-2027,catoid=22,poid=31762,https://catalogue.usc.edu/preview_program.php?catoid=22&poid=31762&returnto=9396,https://catalogue.usc.edu/preview_program.php?catoid=22&poid=31762,direct_html,321_geohazards_minor.txt,2337,50,e3ddc421221abe934cbdae20216c33c8b93067386b25d177a90992adad2daef1,7e29cbbfac48ecd7151c9d4bb44303f5d15944679c058df416f1e015c07555e4,43c61e2fde50a7b48279cecde163dc04b71b6491d68c02579aec51efa49820a3,,included,complete,2026-07-31T01:06:36Z
322,German Studies Minor,,,2026-2027,catoid=22,poid=31818,https://catalogue.usc.edu/preview_program.php?catoid=22&poid=31818&returnto=9396,https://catalogue.usc.edu/preview_program.php?catoid=22&poid=31818,direct_html,322_german_studies_minor.txt,1613,57,e38e683ddb041e3cbecf75d9031da42a0771c92074555a76a156687d459032f6,7acaf4d7105838de8ba64121604c08b3434a896cccf0ca9897e560117e88b269,7da2d1889b30752387b7f666109f738e22e5ef28eac027ff0d67b1520d195853,,included,complete,2026-07-31T01:06:38Z
323,Geroscience Minor,,,2026-2027,catoid=22,poid=32738,https://catalogue.usc.edu/preview_program.php?catoid=22&poid=32738&returnto=9396,https://catalogue.usc.edu/preview_program.php?catoid=22&poid=32738,direct_html,323_geroscience_minor.txt,3125,35,65efbfaa730f790c2dce752be9eab55b60d2cc248090f8df8264eb576687f29f,848a1fa075584d054de74e008d1fb4c1e1866da87f408473e87bb64b6775f83b,2486671072c2be717f360f86e7f2e3fd3cb72467f3ff7739beea49a441377b20,,included,complete,2026-07-31T01:06:40Z
324,GIS and Sustainability Science Minor,,,2026-2027,catoid=22,poid=32536,https://catalogue.usc.edu/preview_program.php?catoid=22&poid=32536&returnto=9396,https://catalogue.usc.edu/preview_program.php?catoid=22&poid=32536,direct_html,324_gis_and_sustainability_science_minor.txt,1884,39,a76b93f5c3ff87525af6144438b06c2ce1380eeecc469d53d4f892e866f36237,82c7813067e534c922095dd7d6ae44e51818824fe0b9df789d864579d62bb1bd,fe8dcc6bdbd1ca83a2962b00b2845c30d57d87f5e51a44eccf1e04047d5c0a16,,included,complete,2026-07-31T01:06:42Z
325,Global Communication Minor,,,2026-2027,catoid=22,poid=31834,https://catalogue.usc.edu/preview_program.php?catoid=22&poid=31834&returnto=9396,https://catalogue.usc.edu/preview_program.php?catoid=22&poid=31834,direct_html,325_global_communication_minor.txt,2486,67,94d7b2e8c6659d6f2db354df826f1fdc2d8d21725c2d1815f71f6c55bc7f5a98,8e95d74bb6ac1c7e0a77cd1bab3fa5d6b44a2bd6370be5b4bc36648c4ea19fcc,16a2bb13be3be791e7b95daa1c9cdc8e45d32ecddede918564820b710a0a7712,,included,complete,2026-07-31T01:06:44Z
326,Global Health Minor,,,2026-2027,catoid=22,poid=32214,https://catalogue.usc.edu/preview_program.php?catoid=22&poid=32214&returnto=9396,https://catalogue.usc.edu/preview_program.php?catoid=22&poid=32214,direct_html,326_global_health_minor.txt,1033,24,2d28c0b4ba22f1c9a9bf62cf5eebe6bb68fee1ac857b377c6adbfcf495876bf9,ba9e85ebc49dada4d99d0046a4166a704c843da08354aeb4e1cb754dc2b8466b,248c14a871414fa19edc53c49bc7bf859daed1db6e75403e601fd03b0fe2bce0,,included,complete,2026-07-31T01:06:46Z
327,Health Administration Minor,,,2026-2027,catoid=22,poid=32307,https://catalogue.usc.edu/preview_program.php?catoid=22&poid=32307&returnto=9396,https://catalogue.usc.edu/preview_program.php?catoid=22&poid=32307,direct_html,327_health_administration_minor.txt,1086,30,4b156ed3cc60449bb4d772857ef60cc7a777052408d0627c961673ba1a771fe6,1dcf8ec129eb8cc8389db49fbced007f79c5fc35c883dc9e576eb192a93adf41,80411c7bbf65faaa28271195e503bcc74de0b306d85d1bfb364114c203494c6f,,included,complete,2026-07-31T01:06:48Z
328,Health Care Studies Minor,,,2026-2027,catoid=22,poid=32201,https://catalogue.usc.edu/preview_program.php?catoid=22&poid=32201&returnto=9396,https://catalogue.usc.edu/preview_program.php?catoid=22&poid=32201,direct_html,328_health_care_studies_minor.txt,3893,90,44aa0c86aacd295ccc2691c7f39d475a3d9ef165820315d1e4616caab7da2bfc,b34598825ab0c84fe19365c358d30fd046ba7aff4d0dc472e9e8453b7da1119e,faeb35584525ea7a7d07cafab961c6f0aacde896c39e405c0754d5269c260321,,included,complete,2026-07-31T01:06:50Z
329,Health Communication Minor,,,2026-2027,catoid=22,poid=32215,https://catalogue.usc.edu/preview_program.php?catoid=22&poid=32215&returnto=9396,https://catalogue.usc.edu/preview_program.php?catoid=22&poid=32215,direct_html,329_health_communication_minor.txt,1726,39,6838417b5a08f3720b0691f7e0ef42843813a8334ebdc2bb789733eacd290d57,aba61e96a47cf65641d33dec33bf9a5fe1820c8892b9d7eddc620b1cbd15ab75,4802952a50e0c636a6d66cabe3272508463601fa5e2fccc2a9fea508ab03b8ea,,included,complete,2026-07-31T01:06:52Z
330,Health Innovation Minor,,,2026-2027,catoid=22,poid=32617,https://catalogue.usc.edu/preview_program.php?catoid=22&poid=32617&returnto=9396,https://catalogue.usc.edu/preview_program.php?catoid=22&poid=32617,direct_html,330_health_innovation_minor.txt,5922,111,b31011b9b47f61cb1e30519a8b7adf0b55a84d6e09163603e4dc835c68652290,99bff58d1f946a04200def6c5c4b8c2fe009e7229d4e9aed35330fe01e361b36,7908253fcd426d703ef42a96ec886f60f3d0039342fe96c11c05422743ca2930,,included,complete,2026-07-31T01:06:55Z
331,Health Policy Minor,,,2026-2027,catoid=22,poid=32308,https://catalogue.usc.edu/preview_program.php?catoid=22&poid=32308&returnto=9396,https://catalogue.usc.edu/preview_program.php?catoid=22&poid=32308,direct_html,331_health_policy_minor.txt,1081,31,d5453068461393f5bfd37af2b64c8d1a16e8ab7287bdf2f4461164c6e8618944,4737a0eabd1f52cbe4b33821de907d3a610d19de1d4596d18b9c2bb752219390,30cbea83ba6f193ce6653917104dbfb1c77e5af66486bfa83617f542170b1220,,included,complete,2026-07-31T01:06:58Z
332,"Hip-Hop, Street and Social Dance Forms Minor",,,2026-2027,catoid=22,poid=32488,https://catalogue.usc.edu/preview_program.php?catoid=22&poid=32488&returnto=9396,https://catalogue.usc.edu/preview_program.php?catoid=22&poid=32488,direct_html,332_hip_hop_street_and_social_dance_forms_minor.txt,4113,94,7b588791160339d54c4f43d46bc214ac7ab0b937681f5d56fc521f0fab9d759d,30336ed1a6f733a623f6fc61c91611c575d2fddc4d6cd60f2c4a157455b13f09,c78c0562737f407696e6c921c1f64aa2e7bfbe0e3a53a9998de7de802408c76e,,included,complete,2026-07-31T01:07:01Z
333,History and Culture of Business Minor,,,2026-2027,catoid=22,poid=31825,https://catalogue.usc.edu/preview_program.php?catoid=22&poid=31825&returnto=9396,https://catalogue.usc.edu/preview_program.php?catoid=22&poid=31825,direct_html,333_history_and_culture_of_business_minor.txt,3211,80,de970e18b3a9fd6fdfb3384e476794a7ff6dff1b0d90c90e01ebfd2e56c66569,e3b4a8f9d20c45369cf8e8911bdf958273089e55cbd7e1ed4f78c214d3acf252,2ce1063f0cb037a362a4c881621edd314667e8fdb23eb8232d14413e08de562b,,included,complete,2026-07-31T01:07:04Z
334,History Minor,,,2026-2027,catoid=22,poid=31824,https://catalogue.usc.edu/preview_program.php?catoid=22&poid=31824&returnto=9396,https://catalogue.usc.edu/preview_program.php?catoid=22&poid=31824,direct_html,334_history_minor.txt,1048,9,7d49ba00fbb17d73fb2b2d03a2180b3574452bf8ab9c1b3a9e9a11c8022ae2ac,52cc061f6b34030c0c780614eb3615428d586d31a47af8e82b3bf8e61d49053b,91bad14c11f0f3093282e2fbf9bf1d4671739be468b451c3273b212426ef58ff,,included,complete,2026-07-31T01:07:07Z
335,Human Disease Minor,,,2026-2027,catoid=22,poid=32666,https://catalogue.usc.edu/preview_program.php?catoid=22&poid=32666&returnto=9396,https://catalogue.usc.edu/preview_program.php?catoid=22&poid=32666,direct_html,335_human_disease_minor.txt,1403,45,137c7f292813575b38127034f10a3506e492933c572f2b05385b3f377a50aeff,693a721dee20198d8aee1b091faa71b8f72883a26efaf8853a570332607c738d,fb0acc06e1e41e7074f31bbadf71de508f69fd106f8428e413ce288b4afbd335,,included,complete,2026-07-31T01:07:09Z
336,Human Performance and AI in Sports Analytics Minor,,,2026-2027,catoid=22,poid=32949,https://catalogue.usc.edu/preview_program.php?catoid=22&poid=32949&returnto=9396,https://catalogue.usc.edu/preview_program.php?catoid=22&poid=32949,direct_html,336_human_performance_and_ai_in_sports_analytics_minor.txt,1126,24,2e0154f0c411e2469c04f591c42c754a61f35a478efcd1ebd8cbc24528bec0ed,3e7fadea7537f5c4b95f690783a92efc961ea297c22c1079eb99541d1b5a5783,ad7bda2dc1b0264d3311a4f03a3880477a11ba595b7999af2a5f8de28d1fb2d8,,included,complete,2026-07-31T01:07:11Z
337,Human Resource Management Minor,,USC Marshall School of Business,2026-2027,catoid=22,poid=31604,https://catalogue.usc.edu/preview_program.php?catoid=22&poid=31604&returnto=9396,https://catalogue.usc.edu/preview_program.php?catoid=22&poid=31604,direct_html,337_human_resource_management_minor.txt,1079,28,afa4e783f91542fe1207b43a6a2e382f0e5865e1c64549dde7598caffe922dc6,37225f6617ed59be28a3f72c46fefb415aa8c4c0d553793f42113af732101a18,06bc173d5850a1835e1baef76b638b037fb4182177d3268c37827d2274c096a0,,included,complete,2026-07-31T01:07:14Z
338,Human Rights Minor,,,2026-2027,catoid=22,poid=31899,https://catalogue.usc.edu/preview_program.php?catoid=22&poid=31899&returnto=9396,https://catalogue.usc.edu/preview_program.php?catoid=22&poid=31899,direct_html,338_human_rights_minor.txt,3230,61,7f3c747543259089daddaf3b0d3ffcfe850333d1f24330029091cb077fc43693,ba851ea70c8dab50e4ffa101ff13dbcc3d9caf195454fc803bc915d3b421ee00,e970f7e3cd240761257a56187ebd4ee23fd869870532fd43c8bd5ab9732023e4,,included,complete,2026-07-31T01:07:16Z
339,Human Security and Geospatial Intelligence Minor,,,2026-2027,catoid=22,poid=32459,https://catalogue.usc.edu/preview_program.php?catoid=22&poid=32459&returnto=9396,https://catalogue.usc.edu/preview_program.php?catoid=22&poid=32459,direct_html,339_human_security_and_geospatial_intelligence_minor.txt,2059,51,00c24eb1baaf7bcaa26e9b56d7a0df348cb51d1b4fe9511354e6d90bacbf0211,17848325675e6add68897dba7a5b53b67339de2f48d228b395cfd7c2a0b99b3f,d10f8fc66adf1ce6d13a59a12a8c646a95c39eb989a8c2b61870092f2521280c,,included,complete,2026-07-31T01:07:19Z
340,Immersive Media Minor,,,2026-2027,catoid=22,poid=32506,https://catalogue.usc.edu/preview_program.php?catoid=22&poid=32506&returnto=9396,https://catalogue.usc.edu/preview_program.php?catoid=22&poid=32506,direct_html,340_immersive_media_minor.txt,3140,79,5ffa4b22dcee5a1176a1f5d99fc48972017ea3798dfba3ea6ad645be24bba711,05854a7793a43916aa3945668ba375562ef273729b98d89730e1876f464e2597,01fccf18c77bb1e11b47d41ed5a3c314e8747a0395cfbbc9e9bc5cb680feccb3,,included,complete,2026-07-31T01:07:21Z
341,"Individuals, Societies and Aging Minor",,,2026-2027,catoid=22,poid=32146,https://catalogue.usc.edu/preview_program.php?catoid=22&poid=32146&returnto=9396,https://catalogue.usc.edu/preview_program.php?catoid=22&poid=32146,direct_html,341_individuals_societies_and_aging_minor.txt,1042,30,167cf48bd612cc9e63c585d55d10a19116030674d7ecd39d0abbf5dc2a465637,8e7acfb149b33e9d3b9e31caf7b9c310400b9fea2924151f52429064eefb9c75,ff5c4e398f920fc1458e1c42b85c8bf6d2f68418b0df92498dfc89e3e1695a55,,included,complete,2026-07-31T01:07:23Z
342,Intermedia Arts Minor,,,2026-2027,catoid=22,poid=32618,https://catalogue.usc.edu/preview_program.php?catoid=22&poid=32618&returnto=9396,https://catalogue.usc.edu/preview_program.php?catoid=22&poid=32618,direct_html,342_intermedia_arts_minor.txt,1250,28,e74bcafbd83a8722fd37d635d974308b6f16fbb2607b212cde6ef1d79b15e606,f8334e344c4d7dff31956f8c686bd1864f54c39f2c4b8a2d255eead462cdb25f,1a13646c0ac8cd1c629ab9ff2be0cd9ba9e3c7422108d5de8c3eaebf66f97da1,,included,complete,2026-07-31T01:07:25Z
343,"International Health, Development, and Social Justice Interdisciplinary Minor",,,2026-2027,catoid=22,poid=31829,https://catalogue.usc.edu/preview_program.php?catoid=22&poid=31829&returnto=9396,https://catalogue.usc.edu/preview_program.php?catoid=22&poid=31829,direct_html,343_international_health_development_and_social_justice_interdisciplinary.txt,5275,122,be66ce5da0266a6f84397915377c3901a6e768afb4bf779901277dc47f7aa078,8df7244612db4c9df0899482d646f17381af55a44b668ce3416091217fd66564,653e5776a145c9e0e20332aead1cba40e3e143d0a5a847e07e55623b5959a1e5,,included,complete,2026-07-31T01:07:28Z
344,International Policy and Management Minor,,,2026-2027,catoid=22,poid=31835,https://catalogue.usc.edu/preview_program.php?catoid=22&poid=31835&returnto=9396,https://catalogue.usc.edu/preview_program.php?catoid=22&poid=31835,direct_html,344_international_policy_and_management_minor.txt,4026,98,bd4e857325dcfee4fb399ca7d46b153e0c10d8ad715719bcfa88706ee2e31879,943d4d8b2c3905402e0d03a1e9a1ad35be513a1a68899de988f71d4e6dcbcca4,f69798f2d7e40e268663dd972de303e54c71a15ca76d0b3f5991b72f6a04d7dc,,included,complete,2026-07-31T01:07:30Z
345,International Relations Minor,,,2026-2027,catoid=22,poid=31833,https://catalogue.usc.edu/preview_program.php?catoid=22&poid=31833&returnto=9396,https://catalogue.usc.edu/preview_program.php?catoid=22&poid=31833,direct_html,345_international_relations_minor.txt,518,7,492acb13c821501420ee6f0d88381bb523af2e857fadceeba661d78a18858ec6,bcbc6ec56b7ba1df26104671d5993dce74c75e6c6e662acc880b5eee8dadc574,14cb3af1166b684b27511c215d6aace4e50376ebfe23e61c1ea312807237f7b1,,included,complete,2026-07-31T01:07:33Z
346,Internet of Things Engineering Minor,,,2026-2027,catoid=22,poid=32537,https://catalogue.usc.edu/preview_program.php?catoid=22&poid=32537&returnto=9396,https://catalogue.usc.edu/preview_program.php?catoid=22&poid=32537,direct_html,346_internet_of_things_engineering_minor.txt,1204,25,63d20bfc39f120f4cae35a37d987c416cf4c73458cd21e21d91c751769b5f3aa,d43e8c134dc54935d20647f31deb69df838a0d98e024b23cc6fdba057fb881cc,be15ad2d01bda5b86657f1aa8475d00f3ac8ae01872a036228dc429d73ddae2f,,included,complete,2026-07-31T01:07:35Z
347,Iranian Studies Minor,,,2026-2027,catoid=22,poid=31867,https://catalogue.usc.edu/preview_program.php?catoid=22&poid=31867&returnto=9396,https://catalogue.usc.edu/preview_program.php?catoid=22&poid=31867,direct_html,347_iranian_studies_minor.txt,4760,88,9771efec2c1f9c2115725bdc0ffcb2913db4b59cd6554d4b8f7a2cc8d13fe835,7e476d73757b73ebe3f58f5f98bdd8962f523f4a1fa8af0e705af559cd6e1619,f53aeea89fd142e8159a9f9f73da27ece12ae3bbcaede250658a1646a9990f51,,included,complete,2026-07-31T01:07:37Z
348,Italian Minor,,,2026-2027,catoid=22,poid=31813,https://catalogue.usc.edu/preview_program.php?catoid=22&poid=31813&returnto=9396,https://catalogue.usc.edu/preview_program.php?catoid=22&poid=31813,direct_html,348_italian_minor.txt,2187,60,8b4c7dd40f971f05da1cae7544eb8d039c93bbd7d97e1ee79c0afa3715f17296,5e8721f70026e557c16be11bbb5399850cb9deb56c8e3fb74617fd343bd454f1,2c2b4729a30d475a278405b7d27152d5bc201d9e11ba7d362c9459f243e8bdfc,,included,complete,2026-07-31T01:07:39Z
349,Jazz Studies Minor,,,2026-2027,catoid=22,poid=32246,https://catalogue.usc.edu/preview_program.php?catoid=22&poid=32246&returnto=9396,https://catalogue.usc.edu/preview_program.php?catoid=22&poid=32246,direct_html,349_jazz_studies_minor.txt,991,37,82962293e2b2defa950f25de93262c043ba877a98b0aaee20785487fb7b00710,470f4a970115380d191ebd5ac6ec5f62f074ccfdbcc175150f1eb9b6ec412406,9a46fed82289d17c495d6f048eae7610448d81267740fc77e6e91827db8b2fd7,,included,complete,2026-07-31T01:07:42Z
352,Jewish Studies Minor,,,2026-2027,catoid=22,poid=32424,https://catalogue.usc.edu/preview_program.php?catoid=22&poid=32424&returnto=9396,https://catalogue.usc.edu/preview_program.php?catoid=22&poid=32424,direct_html,352_jewish_studies_minor.txt,418,9,dcb882586825a57e0eac14bb74b8dde708d46ee316a20739df8c1f2f8877e73b,1f45f7ff6931de11413985605e0b1bba73000075e86d01b3853e76b16ac39e39,d5949ebce7f304b45e6abf2e3a3d38f37f54291cb9b44f7df0cba3eaede0f833,,included,complete,2026-07-31T01:07:45Z
353,Judaic Studies Minor,,,2026-2027,catoid=22,poid=31839,https://catalogue.usc.edu/preview_program.php?catoid=22&poid=31839&returnto=9396,https://catalogue.usc.edu/preview_program.php?catoid=22&poid=31839,direct_html,353_judaic_studies_minor.txt,848,9,bd423004ba365f15110806d965b3433ae1c3b5ded14607b01654ec3c9e485252,7eda29b1cf542a597ba119b90e305491709546547630d544c97b3fa0aa55878b,8c4089f53a16d18e1b62b9e8d3edca32f3c69088a7cc034658a35d772601552a,,included,complete,2026-07-31T01:07:46Z
354,"Justice, Voice, and Advocacy Minor",,,2026-2027,catoid=22,poid=32496,https://catalogue.usc.edu/preview_program.php?catoid=22&poid=32496&returnto=9396,https://catalogue.usc.edu/preview_program.php?catoid=22&poid=32496,direct_html,354_justice_voice_and_advocacy_minor.txt,3683,70,9c3d93d1e2e19d413e9bd53989e35427b3a3141cf20896ed661ba2bb8c4b8d9f,6716a6ae68572e0b1f717eb9f24a9d8ef5b8d95b5018cc6643ba263f6ed87cc3,848d30ad2468b034817830a21a1b06d796916567fca927d21bbe6cfa24c5a008,,included,complete,2026-07-31T01:07:48Z
355,Korean Studies Minor,,,2026-2027,catoid=22,poid=31767,https://catalogue.usc.edu/preview_program.php?catoid=22&poid=31767&returnto=9396,https://catalogue.usc.edu/preview_program.php?catoid=22&poid=31767,direct_html,355_korean_studies_minor.txt,1795,45,7fc56207d8984ae9d248d3ee3e09c8421d080b45312f59507e8e353724d6fd33,f192bdc8b11d6185db571229c3507351268756045947b3c4e479e270f9c5a022,a29777d1b74e759bd63257d5d6d7e073d95249d9271b8fe8a438e2d6e2962bf8,,included,complete,2026-07-31T01:07:50Z
356,Landscape Architecture Minor,,,2026-2027,catoid=22,poid=31559,https://catalogue.usc.edu/preview_program.php?catoid=22&poid=31559&returnto=9396,https://catalogue.usc.edu/preview_program.php?catoid=22&poid=31559,direct_html,356_landscape_architecture_minor.txt,1786,42,d4fd377a9e2aca3d687124653dba3f7edf8b81b734f3c5b05ee2cb7afadd1dd1,aa6fb9df3d630f3269227f849d319472172652b31b289ba719f2f38f045e42f8,d963db58bd7cd2b1e83a1e6757b6158f9584c42cd44770278595c499d251b3e8,,included,complete,2026-07-31T01:07:52Z
357,Latin American Studies Minor,,,2026-2027,catoid=22,poid=31938,https://catalogue.usc.edu/preview_program.php?catoid=22&poid=31938&returnto=9396,https://catalogue.usc.edu/preview_program.php?catoid=22&poid=31938,direct_html,357_latin_american_studies_minor.txt,3428,70,d86c1737c1da7b371f8333165206657b9dc4b6fa1e7b636ded57b5bcb0bdd539,a996ad2f1605e842972667e76d84956dc6e9b723871d01b4f2bf94e8ef590bad,bcab8efc0f0ad6f47b1fb92a0b0fe85ce6ab184ee29cf5cee713bb2843220555,,included,complete,2026-07-31T01:07:55Z
358,Latin Minor,,,2026-2027,catoid=22,poid=32473,https://catalogue.usc.edu/preview_program.php?catoid=22&poid=32473&returnto=9396,https://catalogue.usc.edu/preview_program.php?catoid=22&poid=32473,direct_html,358_latin_minor.txt,230,11,bfa5a061fc7d0a1f8e93fcfdb47da374bed6cc003f1d4a287bf94abd14d0e4fb,d37b38568bbf15b68aa59cb1f07d0da88d480184265a1385cb6ffda1bdaca04c,de698e1389aeaa95f064411eac9e56ac24ad127eb33fe3363b62ef9ec3b8a290,,included,complete,2026-07-31T01:07:57Z
359,Latinx News Media Minor,,,2026-2027,catoid=22,poid=32748,https://catalogue.usc.edu/preview_program.php?catoid=22&poid=32748&returnto=9396,https://catalogue.usc.edu/preview_program.php?catoid=22&poid=32748,direct_html,359_latinx_news_media_minor.txt,4291,90,380e30b4a63951765265d0c6013bb4f74d74d190ac6ae5dfbd9d2a2dd0749e8d,1af08e210aeea6bbfe840bbc18a9e4c08b2b72455136f779d6f25e21073932d7,48602c2d4bdf2d8e83ff410b34022ba97a7f8b106161b5344bcdccc961a28efd,,included,complete,2026-07-31T01:08:00Z
360,Law and Biopharmaceutical Sciences Minor,,,2026-2027,catoid=22,poid=32880,https://catalogue.usc.edu/preview_program.php?catoid=22&poid=32880&returnto=9396,https://catalogue.usc.edu/preview_program.php?catoid=22&poid=32880,direct_html,360_law_and_biopharmaceutical_sciences_minor.txt,1759,48,81acbd209ad69330dfe29a2a1ae875675c54861d6ea0f71bbb5a84ef746de798,a72b4caa39e4056898a5b327a975497fbf64255bae39bf9de07691b25d688425,6ce776bf36c85230615b007c0e831b2f4e3ebb62362cc3227c79f5a8df046e37,,included,complete,2026-07-31T01:08:02Z
361,Law and Government Minor,,,2026-2027,catoid=22,poid=32943,https://catalogue.usc.edu/preview_program.php?catoid=22&poid=32943&returnto=9396,https://catalogue.usc.edu/preview_program.php?catoid=22&poid=32943,direct_html,361_law_and_government_minor.txt,1545,45,4e97ca13ca62f380b7f4fd51da29e9dd6baa43a940c23916e78014c65ade7803,d96a9d8d9b24cc0bb0071b499bd17d1ab97e7013430be965192e1aa49cfec02f,f1add20d562ae2374a592bc3637ac9db3c6080594a068143f632b82b8bd15d96,,included,complete,2026-07-31T01:08:05Z
362,Law and Innovation Minor,,Young Academy,2026-2027,catoid=22,poid=32944,https://catalogue.usc.edu/preview_program.php?catoid=22&poid=32944&returnto=9396,https://catalogue.usc.edu/preview_program.php?catoid=22&poid=32944,direct_html,362_law_and_innovation_minor.txt,1822,45,2fa8d4196bc4e7242581765e8e78b28f18d2c8ece20fbea08949c6223d205682,1e3bfc3742fb0df6a7150da53b06f316c2f27634a93178fc78110c1a1a506464,8f75f7adc97ed0123c4d6118155beda0c3cd4dc22b3565664c6fa54f2095d0dd,,included,complete,2026-07-31T01:08:07Z
363,Law and Migration Studies Minor,,,2026-2027,catoid=22,poid=32703,https://catalogue.usc.edu/preview_program.php?catoid=22&poid=32703&returnto=9396,https://catalogue.usc.edu/preview_program.php?catoid=22&poid=32703,direct_html,363_law_and_migration_studies_minor.txt,2010,53,5a06455b3d6e1a8196eeb83c8d1e037a234eb78b6f7abbff7a638c3772c76b1b,9af3fad464cdae7fb4ac002b2d57a880e7513fc9f2001fa99afb15cd00953d92,359bdbf3881b83df37b6d6efd0ee33f67e958fc8d750d97d85338f30eea6a5ef,,included,complete,2026-07-31T01:08:09Z
364,Law and Public Health Minor,,,2026-2027,catoid=22,poid=32931,https://catalogue.usc.edu/preview_program.php?catoid=22&poid=32931&returnto=9396,https://catalogue.usc.edu/preview_program.php?catoid=22&poid=32931,direct_html,364_law_and_public_health_minor.txt,1826,40,a1bd72168fe8ca89278227e2a318728bdd2d2fcd7aae201e7d8655adc2f16371,bf9dea72009eed59d6c336474a66801b8094998558d63f12b11f3f1aeb1d22c0,f71d6176e8bc65a8f64f2b661b7d94f31c4c6ae07f0e9667f8976cdcdb7798f6,,included,complete,2026-07-31T01:08:12Z
365,Law and Public Policy Minor,,,2026-2027,catoid=22,poid=32309,https://catalogue.usc.edu/preview_program.php?catoid=22&poid=32309&returnto=9396,https://catalogue.usc.edu/preview_program.php?catoid=22&poid=32309,browser_rendered_dom,365_law_and_public_policy_minor.txt,1604,35,0b7f065f5e9e84555a7f5584b78e32a1a8f19a8f5475aa798f5b665b430e6635,76e536033458cc655bcfc52206c84fdef89951a70bdbd7b7e07538243986aa9e,b6d8087c26a9856df662d3b60837641bef3402380c3de0a0cbd322019a856709,47e2749b946c210200a12915dcc6e321baa066def7164a7bdd6eb61654ecaeea,included,complete,2026-08-14T02:17:25Z
366,Law and Regulation of Artificial Intelligence Minor,,,2026-2027,catoid=22,poid=32878,https://catalogue.usc.edu/preview_program.php?catoid=22&poid=32878&returnto=9396,https://catalogue.usc.edu/preview_program.php?catoid=22&poid=32878,direct_html,366_law_and_regulation_of_artificial_intelligence_minor.txt,1434,42,43c9358d708655cebcaa3acfd9b403ea33b00ed0ebbe0509e5ef6e32de90555f,097980926b9eb60ca3d3e1f4ab5a3eb623ab9e39898666240f3757af1c6e3b74,c720c8153e8e646bccfbc6f488fae5f088044502496aecfb31459df128c35708,,included,complete,2026-07-31T01:10:07Z
367,Law and Social Justice Minor,,,2026-2027,catoid=22,poid=32702,https://catalogue.usc.edu/preview_program.php?catoid=22&poid=32702&returnto=9396,https://catalogue.usc.edu/preview_program.php?catoid=22&poid=32702,direct_html,367_law_and_social_justice_minor.txt,2793,72,371b0bf10adac3134488716336d2d6dfabbe10b572d35a7097d32cbbd0997401,08cff02838bc187fdd79d23fd9ebd2cfc4aab1912f3b529afe890874dd572d06,b570e71765fff13f2f1a6e6d86212346934e5257f35cc281ac2d6e3d296bc6b2,,included,complete,2026-07-31T01:10:08Z
368,Law and Society Minor,,,2026-2027,catoid=22,poid=31900,https://catalogue.usc.edu/preview_program.php?catoid=22&poid=31900&returnto=9396,https://catalogue.usc.edu/preview_program.php?catoid=22&poid=31900,direct_html,368_law_and_society_minor.txt,2838,78,46acc1abea3a25415e3e514664e88a8529976d7ee6dad1a8464fabb4818386b2,f04ed0315ed5f5393f3ede140aaea154a829c7ef503f158d7468ce2d8df26330,5f9db66b1b68c1096737b7802b6471ae49222272f315e82167f870aca6b5417e,,included,complete,2026-07-31T01:10:10Z
369,Law and Technology Minor,,,2026-2027,catoid=22,poid=32793,https://catalogue.usc.edu/preview_program.php?catoid=22&poid=32793&returnto=9396,https://catalogue.usc.edu/preview_program.php?catoid=22&poid=32793,direct_html,369_law_and_technology_minor.txt,1148,41,1544a2971b156b27c94d0c3e73e824feba59979a3221c2ae68d3df76b1f8b75c,c591bb1d599d957335c469062a410808959e95cd8b590524520ca9c233716c27,5747347f6575fb1f48c35de643c76783a27483d4c7b2b8c0f4fbbb719c5e9d26,,included,complete,2026-07-31T01:10:12Z
370,"Law, Advocacy and Persuasive Performance Minor",,,2026-2027,catoid=22,poid=32933,https://catalogue.usc.edu/preview_program.php?catoid=22&poid=32933&returnto=9396,https://catalogue.usc.edu/preview_program.php?catoid=22&poid=32933,direct_html,370_law_advocacy_and_persuasive_performance_minor.txt,1608,44,48c11e8a677318c532e4fc35d0b5d1acf69890d8c76678cf44346552c85bcd2e,6ae63b2aefbd4064f012b747f25b90e77ed523967553f08c30bf29b9551bdc55,97b896b35e1e1d356991f56f5fe145fdf31694a2a955bd522978c036bba95d25,,included,complete,2026-07-31T01:10:15Z
371,Legal Studies Minor,,,2026-2027,catoid=22,poid=32584,https://catalogue.usc.edu/preview_program.php?catoid=22&poid=32584&returnto=9396,https://catalogue.usc.edu/preview_program.php?catoid=22&poid=32584,direct_html,371_legal_studies_minor.txt,3265,77,c2ceae977eeb8e9f491589d78e4fdea9ea7756f38cd63d51385f1f7724552b81,5aea57368809d4d9be3ced4a0fffc7f0c2a0224c55114d0d07335ed894112791,032d8b442f49252b1ef42d4ba579524fdfa52fca38cd25207146908be1f0d414,,included,complete,2026-07-31T01:10:17Z
372,LGBTQ Studies Minor,,,2026-2027,catoid=22,poid=31816,https://catalogue.usc.edu/preview_program.php?catoid=22&poid=31816&returnto=9396,https://catalogue.usc.edu/preview_program.php?catoid=22&poid=31816,direct_html,372_lgbtq_studies_minor.txt,1339,40,ab4af4bbba0dd7a224565e739c6d25b2599f7e34cf8be261601c7308e4c06950,7bffb67159b9bc5d967fb2ef84e32dfe008ab41d0729ce22f8ed1cb3d5d9f5d9,fd7a3a57ff7e82fc7c30963cb7daae1b870557e1ee6e1c1b8dfa58f7f7403909,,included,complete,2026-07-31T01:10:19Z
373,Linguistics Minor,,,2026-2027,catoid=22,poid=31845,https://catalogue.usc.edu/preview_program.php?catoid=22&poid=31845&returnto=9396,https://catalogue.usc.edu/preview_program.php?catoid=22&poid=31845,direct_html,373_linguistics_minor.txt,761,54,890cf87eddcd41a052ae74e3d7d9902ebfe0129d598f0068c83a41dd4d55195f,0c2ad0bf75b4edaade354879917357e48685aec1809bb0cc9ad885882d018532,b6f3f0c0175fdc64f17558a3a7b3b4fd2f60154dd19d80865b6ff15ce219c361,,included,complete,2026-07-31T01:10:21Z
374,Logic Minor,,,2026-2027,catoid=22,poid=32954,https://catalogue.usc.edu/preview_program.php?catoid=22&poid=32954&returnto=9396,https://catalogue.usc.edu/preview_program.php?catoid=22&poid=32954,direct_html,374_logic_minor.txt,2677,67,b2f5a6361937d3ac7c72e7a4123c580c057025ffadfdc04b24c847b6bdcc474d,6ead427ea28720b0f3e858aba3b8282b713ca8704453d416fe2999ce87234e43,41586c60698dcd597cb7c5017071c1ba79c97e7822175857f12ca28db4ad09d5,,included,complete,2026-07-31T01:10:23Z
375,Luso-Brazilian Studies Minor,,,2026-2027,catoid=22,poid=32425,https://catalogue.usc.edu/preview_program.php?catoid=22&poid=32425&returnto=9396,https://catalogue.usc.edu/preview_program.php?catoid=22&poid=32425,direct_html,375_luso_brazilian_studies_minor.txt,3013,48,1200b6039a532cdb9a403a5da1d019f0da1b767a206252a1196573cc754d4d72,584749dba3463e1ef60ec47a66203a00c07068774d8966bdc70f8afab51bc16d,87b7285168664a611057d4f0271de2e6fe94dff3d3d8a54911171b2cb79a257f,,included,complete,2026-07-31T01:10:25Z
376,Management Consulting Minor,,USC Marshall School of Business,2026-2027,catoid=22,poid=31606,https://catalogue.usc.edu/preview_program.php?catoid=22&poid=31606&returnto=9396,https://catalogue.usc.edu/preview_program.php?catoid=22&poid=31606,direct_html,376_management_consulting_minor.txt,1211,35,26a58cb76ee922099046d1556add4ce2d7e4a1241b181ff83c15bd4d9c0bce7c,8a3175c3df31b87999d9f225d237e2eb0e0c6c0319b4dd1603146fe9fceab852,c466d8d295429f4506deac35dd38f88b4d2bf611f0d42885cd496b3f9159b397,,included,complete,2026-07-31T01:10:28Z
377,Managing Human Relations Minor,,College,2026-2027,catoid=22,poid=31932,https://catalogue.usc.edu/preview_program.php?catoid=22&poid=31932&returnto=9396,https://catalogue.usc.edu/preview_program.php?catoid=22&poid=31932,direct_html,377_managing_human_relations_minor.txt,2402,69,91e2d211bbd59b371617c95bcb10703aba3d842df15bb8ae863d4df9098015ad,09034925955241ab44ad23fcf40cbe20440e03c9842733bcb8e44a6c820562af,54423ab3cf479ea89ff744aeb48e05c8c100f29d4594a7ace7d89fcc49e2784c,,included,complete,2026-07-31T01:10:30Z
378,Marine Biology Minor,,,2026-2027,catoid=22,poid=32470,https://catalogue.usc.edu/preview_program.php?catoid=22&poid=32470&returnto=9396,https://catalogue.usc.edu/preview_program.php?catoid=22&poid=32470,direct_html,378_marine_biology_minor.txt,3137,46,628ebc909cd0a82a8b2f1a84dc706b204b526564a7dd679ecce246397fa6245f,a4774ebb1e9417d7a0dad79a243aa55437dbbc89a0240d1ce24a50627d6639f0,94d51aa98c09622eb06e014896b9d6305c4cfd546ef11c9a92b4cee7186058f8,,included,complete,2026-07-31T01:10:32Z
379,Marketing Minor,,USC Marshall School of Business,2026-2027,catoid=22,poid=31607,https://catalogue.usc.edu/preview_program.php?catoid=22&poid=31607&returnto=9396,https://catalogue.usc.edu/preview_program.php?catoid=22&poid=31607,direct_html,379_marketing_minor.txt,883,13,3fd9abadee726cdb3b18ec74b999a529b0bf7eecc6fded9561486a3379c01539,747d4bb5112f687682dfc5019d1d223e81830c405f373a1245dba5d73fcb5b7b,45335fa1eb7f1c1f740528a0948d1c94574d00118e66dc3228001e5f3d6b42a0,,included,complete,2026-07-31T01:10:34Z
380,Materials Science Minor,,Viterbi School of Engineering for the minor and departmental approval is requir,2026-2027,catoid=22,poid=32875,https://catalogue.usc.edu/preview_program.php?catoid=22&poid=32875&returnto=9396,https://catalogue.usc.edu/preview_program.php?catoid=22&poid=32875,direct_html,380_materials_science_minor.txt,1233,37,e11455e9454b95da2870c7c6fccab5d8de8f81ee81ff201cea35e1ebdde59855,d7b55f3e86f7e1760c6bc956b58f1db47044857b49b763a862aa9d2d5cfe5bdc,d4badbc1400cdfb66531980fa52dc1d1e7c26a0d21b3ac2dd917f04bf5e6edd4,,included,complete,2026-07-31T01:10:36Z
381,Mathematical Data Analytics Minor,,,2026-2027,catoid=22,poid=32663,https://catalogue.usc.edu/preview_program.php?catoid=22&poid=32663&returnto=9396,https://catalogue.usc.edu/preview_program.php?catoid=22&poid=32663,direct_html,381_mathematical_data_analytics_minor.txt,2199,46,ecfc386fb5c2877be49a08d703fb493a4d50be2623a514648844d2f4ad282adf,713a9b7595218f89419e9f9ede1bef1b7e64a4e418afdff637b85101c66f6026,96501e7d05018245cf0a2caabee53696a22771f7ab2e641427b1f670171c4103,,included,complete,2026-07-31T01:10:39Z
382,Mathematical Finance Minor,,,2026-2027,catoid=22,poid=31851,https://catalogue.usc.edu/preview_program.php?catoid=22&poid=31851&returnto=9396,https://catalogue.usc.edu/preview_program.php?catoid=22&poid=31851,direct_html,382_mathematical_finance_minor.txt,4265,100,ef819568f8866dc3f45f663f3e90fdb8f296de8bd3f74062eaf59a628d569256,329b082aedbdb2b01770ce5dd177ef4a12f749597d34f86c0a6f12a2760c9d65,be50824a0011af7c8e065e662f2766b6b438ee62b43775e7d49e98876e45f6e3,,included,complete,2026-07-31T01:10:42Z
383,Mathematics Minor,,,2026-2027,catoid=22,poid=31857,https://catalogue.usc.edu/preview_program.php?catoid=22&poid=31857&returnto=9396,https://catalogue.usc.edu/preview_program.php?catoid=22&poid=31857,direct_html,383_mathematics_minor.txt,1178,44,803336b540cef74ae17b9d11be28537afc9638d29393796ddbf53095552db1e1,eea3c8c8c18624083e07b87c775475014f1c6337fdb90acd836414ad9b3fdecc,07fa9c10f9cf960c3b77b60f4db92f71dfced3b7f7109666896b979d7afffb46,,included,complete,2026-07-31T01:10:44Z
384,Media and Social Change Minor,,,2026-2027,catoid=22,poid=31688,https://catalogue.usc.edu/preview_program.php?catoid=22&poid=31688&returnto=9396,https://catalogue.usc.edu/preview_program.php?catoid=22&poid=31688,direct_html,384_media_and_social_change_minor.txt,2136,57,8e52e5479f3aeec8356e11e7d1b63ceca053067bd85f037300b27f338d34237b,ddfb3d19896523a121253af1d846dd1f37527a17394d9bb597239c884ea6c98b,43f6bfe029765e764d18c9d5a28ed64c3783906cf7254529b3f75bfc1c585a8b,,included,complete,2026-07-31T01:10:46Z
385,Media Economics and Entrepreneurship Minor,,,2026-2027,catoid=22,poid=31616,https://catalogue.usc.edu/preview_program.php?catoid=22&poid=31616&returnto=9396,https://catalogue.usc.edu/preview_program.php?catoid=22&poid=31616,direct_html,385_media_economics_and_entrepreneurship_minor.txt,2915,81,d4f54adfc58d08375f83545bc5bc6ed52c6c7b0987fbc6987c8d6accffa591ce,6f34899fbc507b8e71dd12de1f049148dffdefc7f50898202da1f8ad29f22297,d3fa2bb2191d935b59ed4c7b64f4ae6a8031c2cd90ed6b1f3e28704f12ebbd72,,included,complete,2026-07-31T01:10:48Z
386,Medical Anthropology Minor,,,2026-2027,catoid=22,poid=31704,https://catalogue.usc.edu/preview_program.php?catoid=22&poid=31704&returnto=9396,https://catalogue.usc.edu/preview_program.php?catoid=22&poid=31704,direct_html,386_medical_anthropology_minor.txt,2015,48,d3475e6bdfc2d3ddf9b23e03bc186577de868d5b22e9dc9e76166473b3778250,4b7223adaf48f6496b2cf1540265d7f229fc18e27902d90b193180e57121acbe,096760933cff5b6158527fdfd4100876e739f959a7b1c3d0b1416b47f14269a8,,included,complete,2026-07-31T01:10:51Z
387,Middle East Studies Minor,,,2026-2027,catoid=22,poid=31868,https://catalogue.usc.edu/preview_program.php?catoid=22&poid=31868&returnto=9396,https://catalogue.usc.edu/preview_program.php?catoid=22&poid=31868,direct_html,387_middle_east_studies_minor.txt,3645,70,1e97e498608233799e31202e38493ea680b8f16afe339e324711d7ef1d295fc3,206ae2bb87d3dd689e935b67150058afa2e713b492ac10d6ea560e8060c7afe6,0893ca3c8414f796f3ad67d7170079d9ca3e0e6c469f6d5a92352aff59216a5e,,included,complete,2026-07-31T01:10:54Z
388,Mind Body Studies Minor,,,2026-2027,catoid=22,poid=32739,https://catalogue.usc.edu/preview_program.php?catoid=22&poid=32739&returnto=9396,https://catalogue.usc.edu/preview_program.php?catoid=22&poid=32739,direct_html,388_mind_body_studies_minor.txt,2492,59,87146634ef8c8562481c2c8c7812a38d58edd7920c7b1c114da673cffd08f07c,66d31194f5f777c177005bbe408cdbe3af8c5d254eb72d2c64cdd00265ee99c3,c7a963e3268e5a23aad1034187a8e469dcdfaa902dc687b8e7f469818f48f395,,included,complete,2026-07-31T01:10:56Z
389,Mobile App Development Minor,,,2026-2027,catoid=22,poid=32129,https://catalogue.usc.edu/preview_program.php?catoid=22&poid=32129&returnto=9396,https://catalogue.usc.edu/preview_program.php?catoid=22&poid=32129,direct_html,389_mobile_app_development_minor.txt,2017,45,6d5ea2f87e8725bca95dd30bde1e433dec5c945bf8fadede69b3d2215e0f689e,05d6b8eaf37d6fc0766059839c556bff89770ce768264a01e3ee1b5ef6db8857,83ddff98373ff70bf75dd768ccfd76502ead33712cb59f2530341140cb73ceb8,,included,complete,2026-07-31T01:10:58Z
390,Modern Art Markets and Ethics Minor,,,2026-2027,catoid=22,poid=32553,https://catalogue.usc.edu/preview_program.php?catoid=22&poid=32553&returnto=9396,https://catalogue.usc.edu/preview_program.php?catoid=22&poid=32553,direct_html,390_modern_art_markets_and_ethics_minor.txt,4558,127,d2a190c863bb6f42a603c044e6f002c735da68f240d6054216c668711ea4cf92,99cdf69551943f07f5ad21bc21160cd68ceda8f86f28ffa4663f560ac9d357f4,b0d0a6dbe17e609a381e6d9991ba83a284a36ddfa89fd4681437c38bd668daec,,included,complete,2026-07-31T01:10:59Z
391,Music Industry Minor,,Thornton School of Music,2026-2027,catoid=22,poid=32245,https://catalogue.usc.edu/preview_program.php?catoid=22&poid=32245&returnto=9396,https://catalogue.usc.edu/preview_program.php?catoid=22&poid=32245,direct_html,391_music_industry_minor.txt,2367,59,dfcefa6205d2e21433fadc1b8129f7b156f6140bab5de23b452e6b1bb1d3ddd1,2cd1d30d944f97df41febc16d786721cc4745e921a3cbcb32c44ddb0cb08b677,aaf1baa6e31d3f3a7e0a9e11f139895727fdfe8940aa8c4469ab2a41cf90363e,,included,complete,2026-07-31T01:11:01Z
392,Music Production Minor,,Thornton School of Music to assure that the student has sufficient musical backg,2026-2027,catoid=22,poid=32384,https://catalogue.usc.edu/preview_program.php?catoid=22&poid=32384&returnto=9396,https://catalogue.usc.edu/preview_program.php?catoid=22&poid=32384,direct_html,392_music_production_minor.txt,1959,55,30f59e8a70951c4b989763b162c7f115aad12fcdaae62fe8d58e51144c070f37,5d4bd45abeac90ec9ba03104a6da6a68e7a38c3818c56548ef942a9d0ca9a729,f58b3b300c03d6d5ca555a712e1bfb3d23f5702c5c1a092c5cd747856d7d3fb4,,included,complete,2026-07-31T01:11:04Z
393,Music Recording Minor,,Thornton School of Music to assure that the student has sufficient musical backg,2026-2027,catoid=22,poid=32244,https://catalogue.usc.edu/preview_program.php?catoid=22&poid=32244&returnto=9396,https://catalogue.usc.edu/preview_program.php?catoid=22&poid=32244,direct_html,393_music_recording_minor.txt,1872,45,d57a817cd70b5471f3cd702f1e5927b993f0119560fb938948d83471bbf03666,4428c443ff0adc0fbfbe32977525afbe9bd8c1ed5de2de4da461e57771cc8ab7,badeeff4f1bb215b80a504ab161f1bef8b2dcc0eec4ce6403025706295ee60c2,,included,complete,2026-07-31T01:11:06Z
394,Musical Studies Minor,,,2026-2027,catoid=22,poid=32248,https://catalogue.usc.edu/preview_program.php?catoid=22&poid=32248&returnto=9396,https://catalogue.usc.edu/preview_program.php?catoid=22&poid=32248,direct_html,394_musical_studies_minor.txt,623,21,064b645197b582a9609c2be824fcaa3d3b1b477dfbe6388580a60946dfa57cb9,59212ff37a0c7033b2a6be251385a5cf55f63a8786d836b90fe7c3d87b66fba4,b716847a8a2333291163a6cfcd941bedcadb3e288929641e69e651bc5465870c,,included,complete,2026-07-31T01:11:08Z
395,Musical Theatre Minor,,,2026-2027,catoid=22,poid=32247,https://catalogue.usc.edu/preview_program.php?catoid=22&poid=32247&returnto=9396,https://catalogue.usc.edu/preview_program.php?catoid=22&poid=32247,direct_html,395_musical_theatre_minor.txt,1432,38,60a33838be75e57df7e8ae56fb095c0ec31afdae7261e4f024e4079891b71515,21d0da43c4c7ac2f34d8a6cd01f2fe19e1869568925768251075f10a4680cd6d,aab1283e2a3cb1dfb55ca7a7fb3c290eb718b767ae80e369f8e85dd9e07e531f,,included,complete,2026-07-31T01:11:11Z
396,Nanotechnology Minor,,,2026-2027,catoid=22,poid=32439,https://catalogue.usc.edu/preview_program.php?catoid=22&poid=32439&returnto=9396,https://catalogue.usc.edu/preview_program.php?catoid=22&poid=32439,direct_html,396_nanotechnology_minor.txt,1701,56,0d93ce894cf8802f3369604f20c8aac3c3507273bba95d3764faa98376870c70,4bf290f12a2e2b8b47a8fe82373fe3ea82aff4271fe96d21e4a08360acd38cb0,d3c87f85945e27f822c44d966c859bb85e3c513a87db63344555c4bb44d2754f,,included,complete,2026-07-31T01:11:13Z
397,Narrative Structure Interdisciplinary Minor,,,2026-2027,catoid=22,poid=31793,https://catalogue.usc.edu/preview_program.php?catoid=22&poid=31793&returnto=9396,https://catalogue.usc.edu/preview_program.php?catoid=22&poid=31793,direct_html,397_narrative_structure_interdisciplinary_minor.txt,6113,143,115a8f57b0069d0283c22a864c0d09ae480a96b55f51b0836cef6d30a5faf458,86977da1a69c343608fe6935d302f49c839b2eda6d3bc2442bdf4b0e0b3a9a85,855ec5732b7b7d62d8e9646e7f7b6bb460555fbe4bd2f71e78ab6daa628fb025,,included,complete,2026-07-31T01:11:15Z
398,Native American Studies Minor,,,2026-2027,catoid=22,poid=32497,https://catalogue.usc.edu/preview_program.php?catoid=22&poid=32497&returnto=9396,https://catalogue.usc.edu/preview_program.php?catoid=22&poid=32497,direct_html,398_native_american_studies_minor.txt,1220,33,510af9e5b95e5ff94a29015fa27815192affeebcee9c6e27c6ec3661f10551ac,cbe939d4613bd4fab4da4e6671fa3484e2710c781a1a35b963d2a67b15e6f6bc,1767ce261e28799bac4adc151d2320e17551a5010912aab8fd1bd9678e4fa7d0,,included,complete,2026-07-31T01:11:17Z
399,Natural Science Minor,,,2026-2027,catoid=22,poid=31724,https://catalogue.usc.edu/preview_program.php?catoid=22&poid=31724&returnto=9396,https://catalogue.usc.edu/preview_program.php?catoid=22&poid=31724,direct_html,399_natural_science_minor.txt,1445,42,84d5c767034375187cca9223a4b27b97c4e2e21b240e1ce338d8d5b803c8a4cf,523a01230948f83821e1eb810da5e7c86e68dc06b55c47f76681988b6ff107dc,9e47d81a8d2628c956de6ec1d009c18cc0d26a5c29467e4ea6ca3c26e9de2659,,included,complete,2026-07-31T01:11:20Z
400,Neuroscience Minor,,,2026-2027,catoid=22,poid=31872,https://catalogue.usc.edu/preview_program.php?catoid=22&poid=31872&returnto=9396,https://catalogue.usc.edu/preview_program.php?catoid=22&poid=31872,direct_html,400_neuroscience_minor.txt,5142,125,1049c75c1b4d33cb91d61db9cc61c70dd3babbc99f50bfc0e3bd9e00f8bbdea5,b0f9e71f768f5b1589cc630ad1d545d12cbf25b75b10613599fda3d97c06da67,30eac367978e97cc277fd404569729ee1fd2fecdafdfe05de70af3d1481620f8,,included,complete,2026-07-31T01:11:23Z
401,News Media and Society Minor,,,2026-2027,catoid=22,poid=31969,https://catalogue.usc.edu/preview_program.php?catoid=22&poid=31969&returnto=9396,https://catalogue.usc.edu/preview_program.php?catoid=22&poid=31969,direct_html,401_news_media_and_society_minor.txt,1571,36,f30e51cfb4f6dbec64c8c7b7ed392c98a73f383c8ac2ce350f637bad248735cd,23f02d98a84385e6cf0b1c6a35430bad91c40c8f67d768c5435ae8d7a880202e,bf86959ffe907a9755f90d11c4084539d4571d4351ecea494ff7eb8b990c5d9f,,included,complete,2026-07-31T01:11:25Z
402,"Nonprofits, Philanthropy and Volunteerism Interdisciplinary Minor",,USC Price School of Public Policy,2026-2027,catoid=22,poid=32395,https://catalogue.usc.edu/preview_program.php?catoid=22&poid=32395&returnto=9396,https://catalogue.usc.edu/preview_program.php?catoid=22&poid=32395,direct_html,402_nonprofits_philanthropy_and_volunteerism_interdisciplinary_minor.txt,285,7,acd84255a96f6180d36d299bb77a67b225a30b727c74057cd8c057ac83e0f4e8,ea12c8e4fb1a25e07db93d0d460e8406239d721b0d835170714af828cc54afcc,01c0d9c0db1767c6b03d198f840e8d40098acf93160f47c5c8439c1199130135,,included,complete,2026-07-31T01:26:36Z
403,"Nonprofits, Philanthropy and Volunteerism Minor",,,2026-2027,catoid=22,poid=32310,https://catalogue.usc.edu/preview_program.php?catoid=22&poid=32310&returnto=9396,https://catalogue.usc.edu/preview_program.php?catoid=22&poid=32310,direct_html,403_nonprofits_philanthropy_and_volunteerism_minor.txt,1792,28,b22f249356219f3d064f5799a8f0dcdea5701d8b230d0cc7cd4287c40d7a840e,f5f9a57da5ac79fb01873fd1477f754182af36e69a103c9f65421457fc9eeb91,9cb9ce43e81ad6a5e99f15ab5dd17d8be25936a99a428bba4c4e4cf16606c3d6,,included,complete,2026-07-31T01:11:29Z
404,Nutrition and Health Promotion Minor,,,2026-2027,catoid=22,poid=32217,https://catalogue.usc.edu/preview_program.php?catoid=22&poid=32217&returnto=9396,https://catalogue.usc.edu/preview_program.php?catoid=22&poid=32217,direct_html,404_nutrition_and_health_promotion_minor.txt,1388,28,4c5564aff1fb49415cbe6e5ecc028292cecf889e67a538f1f2809133714d4ebc,8d1411375979d84035dd51aab9a6d41cdc5a15be110586ba76913ec41f7f2bb9,bc83f6c0a60b5bc4199cd8a99228f4cd66ead0982e664c35a5399181683d4e94,,included,complete,2026-07-31T01:11:31Z
405,Occupational Science Minor,,,2026-2027,catoid=22,poid=32167,https://catalogue.usc.edu/preview_program.php?catoid=22&poid=32167&returnto=9396,https://catalogue.usc.edu/preview_program.php?catoid=22&poid=32167,direct_html,405_occupational_science_minor.txt,3001,43,82558409b47e7bb3c73b51da5e3173ec0535088508776fcd47242b1e289914a9,bf6af25a04364df7efa8b3a8e52a3f0837b69da3122bd9d49b53e8c62813daaf,6f1d24645213e7a850068d7dfadc4d5d4afbe4b7e575c3748a9fedc3927ae578,,included,complete,2026-07-31T01:11:33Z
406,Operations and Supply Chain Management Minor,,USC Marshall School of Business,2026-2027,catoid=22,poid=31608,https://catalogue.usc.edu/preview_program.php?catoid=22&poid=31608&returnto=9396,https://catalogue.usc.edu/preview_program.php?catoid=22&poid=31608,direct_html,406_operations_and_supply_chain_management_minor.txt,1519,40,a88ed461de729314157ef9ad8d28fa99fddc3f2083357e8b44257504998ca780,bbe90132314a346d7ba8fa768de4a7480f3d758842614526f39d72494db0d089,bbec63c73e4c673418a5f70991ffff0b2478f2a1a3a0b323bf60f07c7214763b,,included,complete,2026-07-31T01:11:35Z
407,Organizational Leadership and Management Minor,,USC Marshall School of Business,2026-2027,catoid=22,poid=31609,https://catalogue.usc.edu/preview_program.php?catoid=22&poid=31609&returnto=9396,https://catalogue.usc.edu/preview_program.php?catoid=22&poid=31609,direct_html,407_organizational_leadership_and_management_minor.txt,1339,37,88fd7a04caf98ec4cf11d3a71f0c2067945bca68c5013f976810e53e7dd2e798,8202541aaa0ca73ea5840e5324b8de44339f68af835629fca549c4dfa9934a60,e3fd0528d4a114b8d2d1427f88548e607ca956c672194362e66850c0bc5f1406,,included,complete,2026-07-31T01:11:37Z
408,Painting Minor,,,2026-2027,catoid=22,poid=31577,https://catalogue.usc.edu/preview_program.php?catoid=22&poid=31577&returnto=9396,https://catalogue.usc.edu/preview_program.php?catoid=22&poid=31577,direct_html,408_painting_minor.txt,1304,27,3df34a474b7523651f6ab49f3a0294227ea2793ad0f964bbb1d5371fb5514c45,ec75212047fa0b38641a16005a48d5ecc00cd0149355bce7e951e5994f7e2300,e5de2a1cd0a1c1dac54438502d52cfc20cf17ded8b55907e4c7eee6cad17a16c,,included,complete,2026-07-31T01:11:39Z
409,Paleontology Minor,,,2026-2027,catoid=22,poid=32951,https://catalogue.usc.edu/preview_program.php?catoid=22&poid=32951&returnto=9396,https://catalogue.usc.edu/preview_program.php?catoid=22&poid=32951,direct_html,409_paleontology_minor.txt,1640,29,2136f6d883bf40d290ea3b60c92cb1f5dafc8600370c42bce592f89467af8488,4c6d0b2dfc1a4d37338af2362669fed8f208282c057aa8c7170e6fa60f973d49,add859e467ca003a035e1bf57f50d6f202d8d261b37b309a431136ebaabc4b70,,included,complete,2026-07-31T01:11:42Z
410,Performance Art Minor,,,2026-2027,catoid=22,poid=32700,https://catalogue.usc.edu/preview_program.php?catoid=22&poid=32700&returnto=9396,https://catalogue.usc.edu/preview_program.php?catoid=22&poid=32700,direct_html,410_performance_art_minor.txt,3478,57,0afeb2cd826eee07f4754c264b8929c12a57f09ac393bcffe9bab0fac6fdf2a7,eae4f9a9250f6cb02a77d95c1e8d72ffe1e5d91a1fcface5da779f17969c5906,65c988e95c1804a77180e63a92ed60e20c1711c697bec0f19d7d5de61c6f33c5,,included,complete,2026-07-31T01:11:44Z
411,Performance Science Minor,,,2026-2027,catoid=22,poid=32426,https://catalogue.usc.edu/preview_program.php?catoid=22&poid=32426&returnto=9396,https://catalogue.usc.edu/preview_program.php?catoid=22&poid=32426,direct_html,411_performance_science_minor.txt,2611,67,19c42d9d88e478fe51a8160d0fa00d8c0510e351c0a9632fcef423f4ac931300,b3acb0f6de61c731281d0c5a564f751c7b21fe8a657529d145e9e2b4e25b5abb,051384f3f0924963788da2a66b9225d80cea22a2d5c699d5fae1e07fdb0e4e88,,included,complete,2026-07-31T01:11:46Z
412,Performing Arts Studies Minor,,,2026-2027,catoid=22,poid=32009,https://catalogue.usc.edu/preview_program.php?catoid=22&poid=32009&returnto=9396,https://catalogue.usc.edu/preview_program.php?catoid=22&poid=32009,direct_html,412_performing_arts_studies_minor.txt,3035,70,24c17221fe4d7d5d6cb53291075f503455498410ce5cdd6a518a37f8c11fcc25,81a0cfe932b48c8079926221192d5acfd2860ea5a51a86705fda4ba5d52b2c33,76639652453b3e4104f0b62e08a2a4b6328fc0f8cf97b75692e6692a8f41678f,,included,complete,2026-07-31T01:11:49Z
413,Performing Social Change Minor,,,2026-2027,catoid=22,poid=32614,https://catalogue.usc.edu/preview_program.php?catoid=22&poid=32614&returnto=9396,https://catalogue.usc.edu/preview_program.php?catoid=22&poid=32614,direct_html,413_performing_social_change_minor.txt,1311,37,d3ff6dad1abe84c8d25e2af6b5fdad2954b960b616596eb5298e4aea36698ebe,e602c3b9bdf6dfacc82b6192bc40ed5ea20f39aad5998065c4c9820dd1d59b48,352b7bffbe830b668fce274ec8cbdb3c5775e0a1cbabee3544f4aafea3cc0356,,included,complete,2026-07-31T01:11:51Z
414,Petroleum Engineering Minor,,,2026-2027,catoid=22,poid=32068,https://catalogue.usc.edu/preview_program.php?catoid=22&poid=32068&returnto=9396,https://catalogue.usc.edu/preview_program.php?catoid=22&poid=32068,direct_html,414_petroleum_engineering_minor.txt,1158,32,b184a988db2e8aea0a34e74a99e4ef84935b4c2b257709ab67dbf28305d81a6a,ce8603066df0da58a72f8dc1781b9b9d4d308af9a1b7ceb770c7ea39d5e39c83,3bd3a6b83720416a0fae21869b8f56d9dd571f35dce02c870eaa45a17eaab89e,,included,complete,2026-07-31T01:11:54Z
415,Philosophy Minor,,,2026-2027,catoid=22,poid=31878,https://catalogue.usc.edu/preview_program.php?catoid=22&poid=31878&returnto=9396,https://catalogue.usc.edu/preview_program.php?catoid=22&poid=31878,direct_html,415_philosophy_minor.txt,2775,79,c70eaf17f4b06c6449aab7a273366ab4b400f2bbe790905fd9ba1ef5ab7216ab,48fa7435336eed8c1f3f42828b6ca52c0f1babff053df82fc07d9ac2246a572e,e030829cf52784ecf32b4b1ca6436d3bf457b2a0799507765349634c55069210,,included,complete,2026-07-31T01:11:57Z
416,"Philosophy of Law, Politics and Economics Minor",,,2026-2027,catoid=22,poid=32667,https://catalogue.usc.edu/preview_program.php?catoid=22&poid=32667&returnto=9396,https://catalogue.usc.edu/preview_program.php?catoid=22&poid=32667,direct_html,416_philosophy_of_law_politics_and_economics_minor.txt,2348,68,71d81843a4bffeb3bdfd88efa5c01278963cdd93017f83e838c776d03044ad0d,d86cb98a9dfbd5e735bf1de5193de9ac747a5a6d23693e5c8e11689e0e64be23,7c7d2610271eb11bf74e8ba126dfe439138a9aa863270e86c69d9893f58ac26c,,included,complete,2026-07-31T01:11:59Z
417,Photography and Social Change Minor,,,2026-2027,catoid=22,poid=31933,https://catalogue.usc.edu/preview_program.php?catoid=22&poid=31933&returnto=9396,https://catalogue.usc.edu/preview_program.php?catoid=22&poid=31933,direct_html,417_photography_and_social_change_minor.txt,3027,73,a750854ef877cabfdc2055717926f339e2891ff20395461a17286674a6d5b411,b12efa362ba2655f1d4e910c1a2fa317e3871ecb45387b069d8d0fce34f0f260,221abdede2755e6d8d4f49ef2a9eb67ee0625e95077efecb9d5125263cae0c0b,,included,complete,2026-07-31T01:12:02Z
418,Photography Minor,,,2026-2027,catoid=22,poid=31578,https://catalogue.usc.edu/preview_program.php?catoid=22&poid=31578&returnto=9396,https://catalogue.usc.edu/preview_program.php?catoid=22&poid=31578,direct_html,418_photography_minor.txt,1343,32,5b0aa6dda323c673026a560ed6499d4d1ab059561eacacf6ea61bee94679238c,f5dd0e52e4e6b86bbb4253f009a3710722d1e28497375ad6f939317a685d02af,4ccecf1b78826a1e4bf78cb7507ced3711fc6021d85390ad7c70a5cccd8d1f20,,included,complete,2026-07-31T01:12:04Z
419,Physics Minor,,,2026-2027,catoid=22,poid=31892,https://catalogue.usc.edu/preview_program.php?catoid=22&poid=31892&returnto=9396,https://catalogue.usc.edu/preview_program.php?catoid=22&poid=31892,direct_html,419_physics_minor.txt,881,32,222b7d1137ae720c0249e27908a7d2eb8b55aa40ab87ad6ed25e7e5ca30341ed,33d38dd0361c475b06a4c75047a8ab25ec8c9eb31b4adfc73bf20663c653fb1b,73210a4f9934af58562fe8241ba4d96ddd591a3f5baa06dc434ec9a02a5c1f0c,,included,complete,2026-07-31T01:12:06Z
420,Plastics Sustainability Minor,,,2026-2027,catoid=22,poid=32819,https://catalogue.usc.edu/preview_program.php?catoid=22&poid=32819&returnto=9396,https://catalogue.usc.edu/preview_program.php?catoid=22&poid=32819,direct_html,420_plastics_sustainability_minor.txt,1479,45,e79b0c7418b43c875b3c635456a77d4504a4c14e687b5f49fd19048b0c9d3f6b,578360e06d40e999c48cbe9b352eb855f7d71caf8faad530422113a652dc9ca3,1fd9c3f09f145d2ee3b820afa1a81830232b18ff0d052e3538d206e92152b8d7,,included,complete,2026-07-31T01:12:07Z
421,Podcasting Minor,,,2026-2027,catoid=22,poid=32718,https://catalogue.usc.edu/preview_program.php?catoid=22&poid=32718&returnto=9396,https://catalogue.usc.edu/preview_program.php?catoid=22&poid=32718,direct_html,421_podcasting_minor.txt,1746,40,348b1635645dba323f5abf5aa15a3a75548ca0b659f7790ede23b054d33bf36b,c9e9de6160e2644977f0dc81118af0271d5406e8f6ff878f37e106965624e3cd,2225110fa76c8bc69464baabd28f6c4e0f6f69d65928c3148184f6af04a4f198,,included,complete,2026-07-31T01:12:09Z
422,Political Organizing in the Digital Age Minor,,,2026-2027,catoid=22,poid=31902,https://catalogue.usc.edu/preview_program.php?catoid=22&poid=31902&returnto=9396,https://catalogue.usc.edu/preview_program.php?catoid=22&poid=31902,direct_html,422_political_organizing_in_the_digital_age_minor.txt,3014,73,98a53b6ee97cf21836588b854433a301acfef5c72b7c26d7532e5dc00ecdc9ff,1240b14607e70a83d34a5287a76045808dbbdceed3b57b8844f8ed657065b3b5,ba477ff8384818651c77884006b3eb7f0291f97429130c143ac07b4cd7d89e08,,included,complete,2026-07-31T01:12:11Z
423,Political Science Minor,,,2026-2027,catoid=22,poid=31898,https://catalogue.usc.edu/preview_program.php?catoid=22&poid=31898&returnto=9396,https://catalogue.usc.edu/preview_program.php?catoid=22&poid=31898,direct_html,423_political_science_minor.txt,1555,13,01cf53a42580ebeda8bd81b658f831136c81a10105ac1413056bd00f18400c7d,7f7ce7c0dbc4e2b94ea1a58317a935c31602afc41d036d867de9f7f8ca5fcd73,16228ad242b00e2687127df14170f41eb11d8ee09613b6a23de484a80c0c67f4,,included,complete,2026-07-31T01:12:13Z
424,Popular Music Studies Minor,,,2026-2027,catoid=22,poid=32249,https://catalogue.usc.edu/preview_program.php?catoid=22&poid=32249&returnto=9396,https://catalogue.usc.edu/preview_program.php?catoid=22&poid=32249,direct_html,424_popular_music_studies_minor.txt,1104,26,f2d5f04f356951386d72bae9c2abd634be4ef238b6cf97817f0f33b52d36074a,fedd7c7c99d961b0b956db36972836c83b40111a098257e6b4f5278017c55b39,8760ab3c7cccd4104b4cb4cd38426abd0d07c436e5faabd0cbcacef6df7afb96,,included,complete,2026-07-31T01:12:16Z
425,Practical Politics Minor,,,2026-2027,catoid=22,poid=32481,https://catalogue.usc.edu/preview_program.php?catoid=22&poid=32481&returnto=9396,https://catalogue.usc.edu/preview_program.php?catoid=22&poid=32481,direct_html,425_practical_politics_minor.txt,2817,54,73dc020813f1f0ed0402a56b55456a8f5ad3f45ae52b96096be7ad9985d4586c,84b3d7ba9543e32af6c5155a5c52e60aa1e15d966355271bf7cc9ae46608e133,e8354b4e1f6894d15b584e654c554b397769d4411378154872a13dfad4f561a6,,included,complete,2026-07-31T01:12:18Z
426,Product Management Minor,,,2026-2027,catoid=22,poid=32941,https://catalogue.usc.edu/preview_program.php?catoid=22&poid=32941&returnto=9396,https://catalogue.usc.edu/preview_program.php?catoid=22&poid=32941,direct_html,426_product_management_minor.txt,4926,89,0f80f2b866ff98ea0777072f1efbafe4b82da3846d90c6a92cd26caec5a1f19c,552a14f99a6a4849122af34ac907a57d00d305c1e41478d9f9d26597c6d64b04,91d0e9ffaa6dda7686d80d34f0f78fa134c691cf1798400971e9540ecc19363a,,included,complete,2026-07-31T01:12:21Z
427,Professional and Managerial Communication Minor,,,2026-2027,catoid=22,poid=31950,https://catalogue.usc.edu/preview_program.php?catoid=22&poid=31950&returnto=9396,https://catalogue.usc.edu/preview_program.php?catoid=22&poid=31950,direct_html,427_professional_and_managerial_communication_minor.txt,1655,36,5679106559b39aa4546abdb9ca3c05df5f304c204ee74e46749045c666c0c038,be33f699082386bed5eb3eaea1dd62ea219f1a6646afc8cb50eba5fad90a1b62,e87c2ae8d0b7a5f4b6dd90afa36243bf154681f9f7ba883c15f1b093dd589c46,,included,complete,2026-07-31T01:12:24Z
428,Psychiatry and Behavioral Sciences Minor,,,2026-2027,catoid=22,poid=32881,https://catalogue.usc.edu/preview_program.php?catoid=22&poid=32881&returnto=9396,https://catalogue.usc.edu/preview_program.php?catoid=22&poid=32881,direct_html,428_psychiatry_and_behavioral_sciences_minor.txt,1039,28,539a73537365c39277868fdc8610abcabf5eebac54eea51bb563ccd27d12fb55,4dec38d3aa9c6d93c28a8acee20abaa681d6fbcc6239ff0161762168cfb7ebdf,a318937ee6dca7c9308a70ef9d880456f78b7716cffab9a893a277c297729826,,included,complete,2026-07-31T01:12:26Z
429,Psychology and Law Minor,,,2026-2027,catoid=22,poid=31911,https://catalogue.usc.edu/preview_program.php?catoid=22&poid=31911&returnto=9396,https://catalogue.usc.edu/preview_program.php?catoid=22&poid=31911,direct_html,429_psychology_and_law_minor.txt,1945,45,51232b969a66e83a1df0b3685f31e3d07063fd5001a652349c188c59322e85e1,ac247aaba4ebc6c967693e66ee640c771cad99aab7dba62d2a887c8bf2bb8365,29c1ed811a46da347c3fd247938c74088b69ffca95c4609b5c14550c34f81bb5,,included,complete,2026-07-31T01:12:28Z
430,Psychology Minor,,,2026-2027,catoid=22,poid=31910,https://catalogue.usc.edu/preview_program.php?catoid=22&poid=31910&returnto=9396,https://catalogue.usc.edu/preview_program.php?catoid=22&poid=31910,direct_html,430_psychology_minor.txt,537,17,c8f0095065513ecff1943295636dbd73580d2c1f8228c00397263e175bd6952f,d825cfd5a339f1ae448da0c1b13744786a9f7ee100c5a647bbe4cd2e0c3a876e,20129e0fe4cd80666987b6cd5a36dcb34d0d0ff9002853addba46c4f14cdf1a2,,included,complete,2026-07-31T01:12:31Z
431,Public Health Minor,,,2026-2027,catoid=22,poid=32216,https://catalogue.usc.edu/preview_program.php?catoid=22&poid=32216&returnto=9396,https://catalogue.usc.edu/preview_program.php?catoid=22&poid=32216,direct_html,431_public_health_minor.txt,1592,32,9c6d6e9542f981bcaebda5d372fbf13d58571f0a157368655465d23107fbc156,e751b90e1b2891e26d86539f367bed7b942b8ee9b0704582eeff98ad954aa9fb,3a06cce1f6c713356b63e9832350f9b6937b6d63fcb5ffdc3d02ecb4f0b6e139,,included,complete,2026-07-31T01:12:34Z
432,Public Relations Minor,,,2026-2027,catoid=22,poid=32417,https://catalogue.usc.edu/preview_program.php?catoid=22&poid=32417&returnto=9396,https://catalogue.usc.edu/preview_program.php?catoid=22&poid=32417,direct_html,432_public_relations_minor.txt,840,21,284bb35163afdd977b6fde9e6a68c5581fcfd9d7aebe819257bcd4648d281a40,ae12baee05d622f0c76ad6a0b443e4a963c417f517aac94bb2e7b937524fc0dd,be22ecfdc3d6d6fba2c6ddbeee515d37b45c941300c6d064ead410c97ec63b47,,included,complete,2026-07-31T01:12:37Z
433,"Race, Ethnicity and Politics Minor",,,2026-2027,catoid=22,poid=31901,https://catalogue.usc.edu/preview_program.php?catoid=22&poid=31901&returnto=9396,https://catalogue.usc.edu/preview_program.php?catoid=22&poid=31901,direct_html,433_race_ethnicity_and_politics_minor.txt,2863,89,437e4fb0bade11de51cde9ed0342e4744f8c57a370814f58e715f867f2148799,9e5c46fc5366ee546dd8c24705ddebda4f50331735170825442d714e352618d0,b951c0ea05e27ee23e1025d1fe1e89cf1dae1365a0ee4af207e7aa768005e925,,included,complete,2026-07-31T01:12:39Z
434,Real Estate Development Minor,,,2026-2027,catoid=22,poid=32311,https://catalogue.usc.edu/preview_program.php?catoid=22&poid=32311&returnto=9396,https://catalogue.usc.edu/preview_program.php?catoid=22&poid=32311,direct_html,434_real_estate_development_minor.txt,1434,42,c461a43217bbb891b88b96d4dbb1858148cb2fd7b6896f90ff1c6290cfe8bafe,15c60fa19c14f3b6cc08f195be96b03d4a5ac8d092d46846c7067d5f1309ea11,f7286611aacff6c9c4f0094fb8b715a0f99909d4bc0d959b75e6cdffa94603f3,,included,complete,2026-07-31T01:12:41Z
435,Real Estate Finance Minor,,,2026-2027,catoid=22,poid=32540,https://catalogue.usc.edu/preview_program.php?catoid=22&poid=32540&returnto=9396,https://catalogue.usc.edu/preview_program.php?catoid=22&poid=32540,direct_html,435_real_estate_finance_minor.txt,3139,75,10f95aedfcea45a1799bcd06bfddd90b16f45bdf93383b183aaf656a7f1fee41,3bc1215cb949d10c2c8259a3c60841f60b5c22d3b336c701fe694dc405ddd08d,4274d6dea061471667b3ef6a3702e269dcc8976f4e69da868d91edc62f0ea64b,,included,complete,2026-07-31T01:12:43Z
436,Religion Minor,,,2026-2027,catoid=22,poid=31921,https://catalogue.usc.edu/preview_program.php?catoid=22&poid=31921&returnto=9396,https://catalogue.usc.edu/preview_program.php?catoid=22&poid=31921,direct_html,436_religion_minor.txt,432,11,edae21cbfebb0a596bfa5bcba7c263e76a0dbedfc2f84b15fb6668fed568e322,e7ea7719189de69ea11b244d1d301b89e967fe5746212f05e40ecc4a7ab49ac1,f582cc544fedbe9dffdd6e59c0283ee2483dbd477fe3e95c85b80b077a669e95,,included,complete,2026-07-31T01:12:46Z
437,Resistance to Genocide Interdisciplinary Minor,,,2026-2027,catoid=22,poid=31823,https://catalogue.usc.edu/preview_program.php?catoid=22&poid=31823&returnto=9396,https://catalogue.usc.edu/preview_program.php?catoid=22&poid=31823,direct_html,437_resistance_to_genocide_interdisciplinary_minor.txt,2879,72,93615288970931259ab915e2e9e704908690822b91397490588b2857bf2661af,f18fc1e690444987ab462ee1b1a664beb8d63e7f98bfbe3d64272a8939ae83a6,d7a2e35a9b2e8ab641221335ae41e29feed82c66e7a87363cb720ba2d56ca5dc,,included,complete,2026-07-31T01:12:48Z
438,Risk Management Minor,,,2026-2027,catoid=22,poid=32538,https://catalogue.usc.edu/preview_program.php?catoid=22&poid=32538&returnto=9396,https://catalogue.usc.edu/preview_program.php?catoid=22&poid=32538,direct_html,438_risk_management_minor.txt,3672,69,0b32fcebdd48f5846301cefeaf030a76a17a3d9cd6bf41b43b403c311c21a08f,51467304a80a90ad4dd72f58f353e24771b11197c72351d1ff71ef9809de8a1a,379a9f7f589f70a410e144560c901b6a0096cc80ec9ae0bb6779424a426cf1bc,,included,complete,2026-07-31T01:12:50Z
439,Russian Area Studies Minor,,,2026-2027,catoid=22,poid=31926,https://catalogue.usc.edu/preview_program.php?catoid=22&poid=31926&returnto=9396,https://catalogue.usc.edu/preview_program.php?catoid=22&poid=31926,direct_html,439_russian_area_studies_minor.txt,2288,67,52162b0a7a4a078916d0cd8e1741e21ae57540c7f4fef2b35f4ff4b72b8b3af6,f2bf2ad4b612f627cea05fb2be2cd310dad3765d8358cc846470b01b9a03358a,850c1340557ebe4beee5e13bd0e0293a45ae44f9c4a309a352445a30db752d3c,,included,complete,2026-07-31T01:12:52Z
440,Russian Minor,,,2026-2027,catoid=22,poid=31925,https://catalogue.usc.edu/preview_program.php?catoid=22&poid=31925&returnto=9396,https://catalogue.usc.edu/preview_program.php?catoid=22&poid=31925,direct_html,440_russian_minor.txt,535,9,dd8173fc8175b1a6602e7466d3b5e06599873e146e2fd3d38ef4b1cc41550a4d,d8a26e786543b8a6f006313e05db51d090ec3bb20e2f5e8329436e2af2a6deb7,d43d15a843ee2dc2fb12702e2800e8cde499406befdd2235b8d749a493c6d490,,included,complete,2026-07-31T01:12:55Z
441,Science and Management of Biomedical Therapeutics Minor,,,2026-2027,catoid=22,poid=32427,https://catalogue.usc.edu/preview_program.php?catoid=22&poid=32427&returnto=9396,https://catalogue.usc.edu/preview_program.php?catoid=22&poid=32427,direct_html,441_science_and_management_of_biomedical_therapeutics_minor.txt,3086,49,e12ebfa5228a006b4e0e8cb8bfe6d789bf4c3150ef4224833aec1743dbd90aeb,f4fdad2e709f0a13cd0c2b96ce7a91c8c665001d7bbe6651cc5e56382214c728,eb81e755c926064b838cfbff31fb8bdc6e4877db675faefcd42d3601540fa020,,included,complete,2026-07-31T01:12:57Z
442,"Science, Health and Aging Minor",,,2026-2027,catoid=22,poid=32147,https://catalogue.usc.edu/preview_program.php?catoid=22&poid=32147&returnto=9396,https://catalogue.usc.edu/preview_program.php?catoid=22&poid=32147,direct_html,442_science_health_and_aging_minor.txt,1122,33,20eefbc4c1242b474b3766b1375da28040f5949edb86d216fff1975c174d061e,7f25576346cad7d809af10e9ed06621f359f91e17a5675ff30193e048f486a9b,d5c092fd7044e6991d3fbe20f42cad665bdfd5a5067bd7d5a7e1361379df8704,,included,complete,2026-07-31T01:12:59Z
443,Screenwriting Minor,,,2026-2027,catoid=22,poid=31690,https://catalogue.usc.edu/preview_program.php?catoid=22&poid=31690&returnto=9396,https://catalogue.usc.edu/preview_program.php?catoid=22&poid=31690,direct_html,443_screenwriting_minor.txt,3506,77,5f0829a310f9fe930bd51c3d33404d6483155db6a2b7155d8720ea44fcb70965,5189865d217fa9efae1560ec25b5a75ddaf53916a98d0c3a43356447b41d2d63,d1ce194276c945b5604e7077344cb075738bfa7d91b77e93c4bc2b7d3b8dd241,,included,complete,2026-07-31T01:13:02Z
444,Sculpture Minor,,,2026-2027,catoid=22,poid=31579,https://catalogue.usc.edu/preview_program.php?catoid=22&poid=31579&returnto=9396,https://catalogue.usc.edu/preview_program.php?catoid=22&poid=31579,direct_html,444_sculpture_minor.txt,1078,30,c7a9e18b93028885ea5fa11d4751ce4b2a893e9475d146227eee7ccca421a7df,1e25274a8054f6398bcf01103889c7e7fb9e84ed959d48d7c2f99afd9b964325,c5c18fde0c2c6a549e4c7dc8dd3020333f231517c78c96b3e2ac7bb69b0772fc,,included,complete,2026-07-31T01:13:04Z
445,Social Entrepreneurship Minor,,USC Marshall School of Business,2026-2027,catoid=22,poid=31611,https://catalogue.usc.edu/preview_program.php?catoid=22&poid=31611&returnto=9396,https://catalogue.usc.edu/preview_program.php?catoid=22&poid=31611,direct_html,445_social_entrepreneurship_minor.txt,1993,51,1b08675851f448ae32a137d7f3693e080633d67c94b5c7b0b4f0cc8d0a476a04,aa57cb18f49dd865fbf6f4742f453b9d503a227cec7d59653be692d8c4e6ee75,fde05fd4d4a7e9c148ecd16e8f895e4d982c05eddce2463e65dd458189a3fc28,,included,complete,2026-07-31T01:13:06Z
446,Social Work and Juvenile Justice Minor,,,2026-2027,catoid=22,poid=32664,https://catalogue.usc.edu/preview_program.php?catoid=22&poid=32664&returnto=9396,https://catalogue.usc.edu/preview_program.php?catoid=22&poid=32664,direct_html,446_social_work_and_juvenile_justice_minor.txt,1046,21,c502fdb4f644bfb41f3e0fe173c1522ce96a810f139b84245b7b863e9fc1357a,0607355a5ad78388d7cdd0f1f5c6a76e1903a16929b629c805cc9927dd357c93,3b15519ecdf9e64d128d952138cdcfad434a1212f1862324b9d8f641a7b70965,,included,complete,2026-07-31T01:13:09Z
447,Sociology Minor,,,2026-2027,catoid=22,poid=31930,https://catalogue.usc.edu/preview_program.php?catoid=22&poid=31930&returnto=9396,https://catalogue.usc.edu/preview_program.php?catoid=22&poid=31930,direct_html,447_sociology_minor.txt,2534,64,a955f8a467cd5159873ad1f9e3bbfefd3b399604a024cb5be48a4de7fbc8c32f,b65e9086355c9b6de5db94a1f8bc6cc4b870c6c54968b62a067ded75f5311a05,f4ad1a232d3e43078b830af778962ac7362df639ac698127cd0187f9024b0515,,included,complete,2026-07-31T01:13:12Z
448,Songwriting Minor,,,2026-2027,catoid=22,poid=32250,https://catalogue.usc.edu/preview_program.php?catoid=22&poid=32250&returnto=9396,https://catalogue.usc.edu/preview_program.php?catoid=22&poid=32250,direct_html,448_songwriting_minor.txt,2121,52,e459df33e662c28831a651099a5987d6945cd1d0d3ae1f12e2940b256f987251,65299a09167105076d2559a72005395b0a1fb1d2b42f6a0c9279595f73c827d8,244a1739d8e04aeaecd8c82d47b37cda633961edcce595929725d997bb1dd7d6,,included,complete,2026-07-31T01:13:15Z
449,South Asian Studies Minor,,,2026-2027,catoid=22,poid=32824,https://catalogue.usc.edu/preview_program.php?catoid=22&poid=32824&returnto=9396,https://catalogue.usc.edu/preview_program.php?catoid=22&poid=32824,direct_html,449_south_asian_studies_minor.txt,1936,56,5b7d502cd5ceafb7f18d2af5d9e99a5ed058a7bc1c311050c9e03832d1b8a191,d28af1532f9bf2c5a9ec7aaf9b85975c144b1fef8f455b47aa8a38f94a469af4,cec32e4ce0f2e56b4bd11e2fed91e057963996a373dda113aa94e869d6a92e20,,included,complete,2026-07-31T01:13:17Z
450,Southeast Asia and its People Minor,,,2026-2027,catoid=22,poid=31705,https://catalogue.usc.edu/preview_program.php?catoid=22&poid=31705&returnto=9396,https://catalogue.usc.edu/preview_program.php?catoid=22&poid=31705,browser_rendered_dom,450_southeast_asia_and_its_people_minor.txt,1804,56,ada9fde8e8f887999cda3002054c31998589a59cdcae9af321b82bd728f79446,ff48dd8a8a31434055c88853f3345c3ce91fc8ae6fb2a24b0f0d5075240e7b78,0b5636b5b6aecff231aeb1e3cb3cd211468e2f24b19bcdc8be711f2e0eff7fe2,34339b4833a42f5334d81998f747d238d4b02295026ab1f0127ec00a496c8a7e,included,complete,2026-08-14T02:15:30Z
451,Spanish Minor,,,2026-2027,catoid=22,poid=31937,https://catalogue.usc.edu/preview_program.php?catoid=22&poid=31937&returnto=9396,https://catalogue.usc.edu/preview_program.php?catoid=22&poid=31937,direct_html,451_spanish_minor.txt,748,28,d7eb9af0fa95395d026f3216e441979c669de6e5120e441145c83b9ef33c171a,67dd36aaf22928f74d7f932fe25d15787e1ca9969742d17dd5d108054c5ba7a5,2fcfeeebef4e3d95a8beac1c98d9ab3b9910dd03776551178e4ea7ecbd4636ce,,included,complete,2026-07-31T01:13:42Z
452,Spatial Studies Minor,,,2026-2027,catoid=22,poid=31940,https://catalogue.usc.edu/preview_program.php?catoid=22&poid=31940&returnto=9396,https://catalogue.usc.edu/preview_program.php?catoid=22&poid=31940,direct_html,452_spatial_studies_minor.txt,2423,55,6e023fb9843ba6027e2e3af84f2df6ddd0405bf9afb7ce1f411c856185277b87,556f71379c922be95f2835d85a88b9ab8c315eb7049d03a2f77464213b946d9f,a250149e9dad55910f510687c17d99c3d1beb7b31e3fc31c2b6b90e38e602ef2,,included,complete,2026-07-31T01:13:43Z
453,Speech-Language and Hearing Professions Minor,,,2026-2027,catoid=22,poid=32645,https://catalogue.usc.edu/preview_program.php?catoid=22&poid=32645&returnto=9396,https://catalogue.usc.edu/preview_program.php?catoid=22&poid=32645,direct_html,453_speech_language_and_hearing_professions_minor.txt,2089,28,e97e92c79ffa3f159f5d6d82dce3e92b3530ed29f6073c073d98bdd9900b8553,4c655463495c042a3f9c98e065b91dab5d718be7400bb729f75a2728ee789bb9,537062ee82f02ac0b0582b07370c73e8197a95f9ba6c9ff4920e4cd2a0d257f6,,included,complete,2026-07-31T01:13:45Z
454,Sports Business and Management Minor,,,2026-2027,catoid=22,poid=32603,https://catalogue.usc.edu/preview_program.php?catoid=22&poid=32603&returnto=9396,https://catalogue.usc.edu/preview_program.php?catoid=22&poid=32603,direct_html,454_sports_business_and_management_minor.txt,2722,61,e4a22ee430d90a99c94ad5e21d15cb3c11831812f21deefb54e87691ac12359b,a18764191b3fd0d8ca8d1ada23f8c0e27f78e123d4fa11b2a5da18b6aff22e29,9249ce228d213188d1abcdf280bd78c61fcfd5e943375a365fd1acee45d04c5d,,included,complete,2026-07-31T01:13:48Z
455,Sports Law Minor,,,2026-2027,catoid=22,poid=32942,https://catalogue.usc.edu/preview_program.php?catoid=22&poid=32942&returnto=9396,https://catalogue.usc.edu/preview_program.php?catoid=22&poid=32942,direct_html,455_sports_law_minor.txt,1052,34,b72848589eecb4855fccdc2eab3e69ade6b437e7d4e9764504c718f9633195f8,167b58b6b0c23a15eb0bfcee0efe465bcf78b3a964928ea099ea4352ec4b8c85,58dbb37110a9d02cbcf73d042c211ed148d2d3d6987c133ea93c99eadf5ef19a,,included,complete,2026-07-31T01:13:50Z
456,Sports Media Industries Minor,,,2026-2027,catoid=22,poid=32493,https://catalogue.usc.edu/preview_program.php?catoid=22&poid=32493&returnto=9396,https://catalogue.usc.edu/preview_program.php?catoid=22&poid=32493,direct_html,456_sports_media_industries_minor.txt,2514,39,22717e4a2de19de1b382f1a766097a20f652619e2809b82aaf7d4e1c4982e936,b733916ff97e619d45725efcb32a50718c47cb7c52fefe18014aeb86ec94ca5f,fec90c96f29af42c76ae5f12a7e62a320b3363b67b576d1174900e58c1c522d1,,included,complete,2026-07-31T01:13:52Z
457,Sports Media Studies Minor,,,2026-2027,catoid=22,poid=31951,https://catalogue.usc.edu/preview_program.php?catoid=22&poid=31951&returnto=9396,https://catalogue.usc.edu/preview_program.php?catoid=22&poid=31951,direct_html,457_sports_media_studies_minor.txt,1335,39,ba6fff6b37fe2d8b75c8f16570bd2c78062593e5461053ab120dd9718ddd055c,d8c8b79340d46f4476c52bf717f655b6d3862efb90c01b49f59844ff189f2942,596e548f0de09d0f194d0e93a132198739726a15481b83b2c006f864ec58ea82,,included,complete,2026-07-31T01:13:54Z
458,Statistics Minor,,,2026-2027,catoid=22,poid=31856,https://catalogue.usc.edu/preview_program.php?catoid=22&poid=31856&returnto=9396,https://catalogue.usc.edu/preview_program.php?catoid=22&poid=31856,direct_html,458_statistics_minor.txt,2981,57,5ddcc1972a4b2a6c63d489363d1f1e83d98eb292e8f3715690ac10fefa82db8c,918e93837ff36312fdbc56a3fc40519957c92859279a904cf49145aa6d6ab4bf,c87a45f3592e826bed45101e2b93eae6f94e79295931ae59f4c9d31b61d447db,,included,complete,2026-07-31T01:13:57Z
459,Stem Cell Biology and Regenerative Medicine Minor,,,2026-2027,catoid=22,poid=32799,https://catalogue.usc.edu/preview_program.php?catoid=22&poid=32799&returnto=9396,https://catalogue.usc.edu/preview_program.php?catoid=22&poid=32799,direct_html,459_stem_cell_biology_and_regenerative_medicine_minor.txt,1631,29,79289fb93fba2b447606bbbe8888011677176fb69928e71eb02eaa309e8a53fb,5715ae6bd8f759857839c692942a3d0cf0db3fc093741123672d2fa7ab4fa286,a7399e0471b59b2c24811b67b04eb06b33b01a913968ddcc6dddfe5502f43df2,,included,complete,2026-07-31T01:13:59Z
460,Substance Abuse Prevention Minor,,,2026-2027,catoid=22,poid=32218,https://catalogue.usc.edu/preview_program.php?catoid=22&poid=32218&returnto=9396,https://catalogue.usc.edu/preview_program.php?catoid=22&poid=32218,direct_html,460_substance_abuse_prevention_minor.txt,1089,31,e56a760e620ba9842b5344e0658e2bd2f8be984b46ffb9efeda8a9a264ae5d4a,c2818e48822e594109bcdeee086c130891ebe5d8f739cf36ed7eac7b67bc07b6,5913a3b825080747698a4e83464a932ec712a2e377507f4baf74bbb160135def,,included,complete,2026-07-31T01:14:00Z
461,"Sustainability, Community and STEM Education Minor",,,2026-2027,catoid=22,poid=32922,https://catalogue.usc.edu/preview_program.php?catoid=22&poid=32922&returnto=9396,https://catalogue.usc.edu/preview_program.php?catoid=22&poid=32922,direct_html,461_sustainability_community_and_stem_education_minor.txt,4275,53,18d4faa1e1f12cd2c26094a82bb24184d8b894046467242653d9d240ab761143,9a2f5d994450a32fea5d5276dedd86ecd275fe023bb50eb8afe8773639b5ea75,8023f0660bca5a6709f5694bc2cf95e55935c7f12c62d76587f1c7663ac28f78,,included,complete,2026-07-31T01:14:02Z
462,Technical Game Art Minor,,,2026-2027,catoid=22,poid=32724,https://catalogue.usc.edu/preview_program.php?catoid=22&poid=32724&returnto=9396,https://catalogue.usc.edu/preview_program.php?catoid=22&poid=32724,direct_html,462_technical_game_art_minor.txt,993,29,4d1f708b17b99fd04d5ddc65ab39806553a9235690a56fdda656006ffbe44aaf,b150e8a7de45ba0fc55c843459169256bffca6e27f6044143a44b1e04e6a1539,e2e0bac018d9fa8fac4ecf078ab9d805fb8de59a0b2b3a58b54054806bf41c79,,included,complete,2026-07-31T01:14:05Z
463,Technology Commercialization Minor,,USC Marshall School of Business,2026-2027,catoid=22,poid=31612,https://catalogue.usc.edu/preview_program.php?catoid=22&poid=31612&returnto=9396,https://catalogue.usc.edu/preview_program.php?catoid=22&poid=31612,direct_html,463_technology_commercialization_minor.txt,2400,46,5b68eecf5faecaa142117728e84318d65557508cfb94d8bf766fa698cd7c1db3,eef6cf7436ca03f52c1bc233747961f26bb263dea7da1e3492d17257e99c6138,8e4c233327eb593ed7c5d0f1177593095275e7267221e8934fe7eceb435c13ec,,included,complete,2026-07-31T01:14:08Z
464,Technology Entrepreneurship Minor,,,2026-2027,catoid=22,poid=32952,https://catalogue.usc.edu/preview_program.php?catoid=22&poid=32952&returnto=9396,https://catalogue.usc.edu/preview_program.php?catoid=22&poid=32952,direct_html,464_technology_entrepreneurship_minor.txt,1746,33,0ec7f88c6ef6c660bae27debd5198179912f9407a8eeb08d321bce6b78eff202,e8805273121dab99890ffc81d3a4c1e0fa7d9f96763ead74610725c77f0685b6,0db5aedc54fa7fb84d68bac37f71d26c4cc5fc758c065f2f223ea8939591d780,,included,complete,2026-07-31T01:14:10Z
465,Theatre Minor,,,2026-2027,catoid=22,poid=32011,https://catalogue.usc.edu/preview_program.php?catoid=22&poid=32011&returnto=9396,https://catalogue.usc.edu/preview_program.php?catoid=22&poid=32011,direct_html,465_theatre_minor.txt,1223,37,c24befa8203ef70dab1f13e7bd96acb29bbe280e4461cf77ce88856e64fe7624,49abb079cfc69e9a2f8bdc3bcc8803f1b038c470e12db69d248da7cd5158b0b1,2279dfabf3298b031ab2399057f4ab962f3a5ee16be3111a13f515a7edf32c2b,,included,complete,2026-07-31T01:14:12Z
466,Thematic Approaches to Humanities and Society Minor,,,2026-2027,catoid=22,poid=31946,https://catalogue.usc.edu/preview_program.php?catoid=22&poid=31946&returnto=9396,https://catalogue.usc.edu/preview_program.php?catoid=22&poid=31946,direct_html,466_thematic_approaches_to_humanities_and_society_minor.txt,4902,123,45953fe86a08ff92aee57cfe3099b612bea7ae9935d4caf1febd1f8321f20ad1,58f893004d9e504587edbd9ad8b54ea746c78e17333fd21212ef35ac64f383c8,dd7243c3f50ff0a78d292243188277aa0e1245d96b3237fdd883911c77d94d59,,included,complete,2026-07-31T01:14:14Z
467,Themed Entertainment Minor,,,2026-2027,catoid=22,poid=32431,https://catalogue.usc.edu/preview_program.php?catoid=22&poid=32431&returnto=9396,https://catalogue.usc.edu/preview_program.php?catoid=22&poid=32431,direct_html,467_themed_entertainment_minor.txt,2710,56,0a7f5ee2e21a1238206f1675711e78de0d7ebf0226dfbad4c2c3da3a6b4aa46d,7370351f161f5002874138aab766c1159f700492e5454950a119dc64385f9adb,d660755704def4ebcfae8a7223e2cf0d89d5be89297f586e526d20c79be2f6b2,,included,complete,2026-07-31T01:14:17Z
468,Two-Dimensional Studies Minor,,,2026-2027,catoid=22,poid=31580,https://catalogue.usc.edu/preview_program.php?catoid=22&poid=31580&returnto=9396,https://catalogue.usc.edu/preview_program.php?catoid=22&poid=31580,direct_html,468_two_dimensional_studies_minor.txt,1441,35,5f271c7240447ac4b21b33ff7f879d0724fad69d3f9ea3edbd04e33527f3ae25,80de4f21e8e68ffe30e4ecdd51fb97e4008d7c211e8b35bde99d863ce4aa67c4,69b19b33404ce552888694af486ddb47ea59402f80854d1b4943e966a801b386,,included,complete,2026-07-31T01:14:19Z
469,Urban Sustainable Planning Minor,,,2026-2027,catoid=22,poid=32419,https://catalogue.usc.edu/preview_program.php?catoid=22&poid=32419&returnto=9396,https://catalogue.usc.edu/preview_program.php?catoid=22&poid=32419,direct_html,469_urban_sustainable_planning_minor.txt,1711,28,1ca8613aae79050f5b9d5614200afd83d197361713aef339ea12e0ec6e8545ae,7b995a8fa91889ca50fe44a1190b05a49876b717fae11d9c25d3026d7c29a0b2,89583c4342e6dee6e58a5d46b4926c620aea6261663db785b4ea58ab2d5aebf5,,included,complete,2026-07-31T01:14:21Z
470,User Experience Minor,,,2026-2027,catoid=22,poid=32507,https://catalogue.usc.edu/preview_program.php?catoid=22&poid=32507&returnto=9396,https://catalogue.usc.edu/preview_program.php?catoid=22&poid=32507,direct_html,470_user_experience_minor.txt,3804,128,0d24f673882e51cfa4c8c24f8b734d74cdb56e8758466c8b96485e65dfb384ac,305d628c613f85c86a4ae43abd705e3400fd2159487c7d78b1962e4acae9fac4,8b1aa2404918ce21a0a059dbed72989b81fecde60b45fbf5b5c3d5963b9d1ce2,,included,complete,2026-07-31T01:14:23Z
471,Video Game Production Minor,,,2026-2027,catoid=22,poid=32794,https://catalogue.usc.edu/preview_program.php?catoid=22&poid=32794&returnto=9396,https://catalogue.usc.edu/preview_program.php?catoid=22&poid=32794,direct_html,471_video_game_production_minor.txt,1702,50,04d2e27614f5243c899bc7bbcd39142743298ee353a1b4929120a3cc75f2c45f,cefd2230d47566e450ae7dbe1b1a565613665a09d7a3369022cd8eb61fbc90af,c47443086592b7fa96bea92dc0c51012b006f72bb03fc261b80fb9dac4ddc9a0,,included,complete,2026-07-31T01:14:25Z
472,Video Game Programming Minor,,,2026-2027,catoid=22,poid=32131,https://catalogue.usc.edu/preview_program.php?catoid=22&poid=32131&returnto=9396,https://catalogue.usc.edu/preview_program.php?catoid=22&poid=32131,direct_html,472_video_game_programming_minor.txt,2022,48,f7db57de7e8db5e8acfd5fd0b519ec7af1bf9fa3fd442589a61a72cd94404774,a8d9640918bed678a3fe9d233b3db1b5d648e54889f89084d2303de70b5cc0c5,b3e32e43e09c7da523b84922c29c1318adda7248228c8dbf1000533eed28d37d,,included,complete,2026-07-31T01:14:28Z
473,Visual Culture Minor,,,2026-2027,catoid=22,poid=31712,https://catalogue.usc.edu/preview_program.php?catoid=22&poid=31712&returnto=9396,https://catalogue.usc.edu/preview_program.php?catoid=22&poid=31712,direct_html,473_visual_culture_minor.txt,4814,95,aa67ffd96a4117bf2727b36ca9ff9b4104719758e543bf2c03b2b4facbdcaef5,444feaf6991884abfb84d38c7d5ec8b62b2496597919c8a6e146ab77dc494331,df99d4a1b12f001af846ffcf59484f50d192bd11a53260d82bb621635b819a01,,included,complete,2026-07-31T01:14:30Z
474,Visual Narrative Art Minor,,,2026-2027,catoid=22,poid=32668,https://catalogue.usc.edu/preview_program.php?catoid=22&poid=32668&returnto=9396,https://catalogue.usc.edu/preview_program.php?catoid=22&poid=32668,direct_html,474_visual_narrative_art_minor.txt,3567,67,d90c245433c52e43e32b526b3a60d3ffa8fbbaa9ded6ed17e66b2eb8637ce09c,bcf66a8ff766a77c776479013d5d90fa2b17fd9b9ec95e105718095dbbe68b4a,0b9910f5c1e1154cba9bc15b4abc8ca28326ea3667da691f7ff11b3948523247,,included,complete,2026-07-31T01:14:33Z
475,Web Development Minor,,,2026-2027,catoid=22,poid=32746,https://catalogue.usc.edu/preview_program.php?catoid=22&poid=32746&returnto=9396,https://catalogue.usc.edu/preview_program.php?catoid=22&poid=32746,direct_html,475_web_development_minor.txt,1067,25,8707cd65af6e62738409b7b2bf214d07cfcd49052e9fc92e7d65e52b73b3edd2,4017a166c9c591d0800ce83006e0f605c637687bbd53af734c6e2e6bca2e08ac,568016176c66095651b8ce935093685792cd4e5ee8851b4c3355aaebd8609b91,,included,complete,2026-07-31T01:14:35Z
